id,date,index_name,tenor,spread_bps,series_number,bloomberg_ticker
4,2015-09-21,US_IG,5Y,81.25,25,CDXIG525 Curncy
8,2015-09-22,US_IG,5Y,83.15,25,CDXIG525 Curncy
12,2015-09-23,US_IG,5Y,84.308,25,CDXIG525 Curncy
16,2015-09-24,US_IG,5Y,86.078,25,CDXIG525 Curncy
20,2015-09-25,US_IG,5Y,88.375,25,CDXIG525 Curncy
24,2015-09-28,US_IG,5Y,92.524,25,CDXIG525 Curncy
28,2015-09-29,US_IG,5Y,92.826,25,CDXIG525 Curncy
32,2015-09-30,US_IG,5Y,93.6,25,CDXIG525 Curncy
36,2015-10-01,US_IG,5Y,94.35,25,CDXIG525 Curncy
40,2015-10-02,US_IG,5Y,92.501,25,CDXIG525 Curncy
44,2015-10-05,US_IG,5Y,87.25,25,CDXIG525 Curncy
48,2015-10-06,US_IG,5Y,88.133,25,CDXIG525 Curncy
52,2015-10-07,US_IG,5Y,83.85,25,CDXIG525 Curncy
56,2015-10-08,US_IG,5Y,81.85,25,CDXIG525 Curncy
60,2015-10-09,US_IG,5Y,81.6,25,CDXIG525 Curncy
67,2015-10-13,US_IG,5Y,83.967,25,CDXIG525 Curncy
71,2015-10-14,US_IG,5Y,85.65,25,CDXIG525 Curncy
75,2015-10-15,US_IG,5Y,82.832,25,CDXIG525 Curncy
79,2015-10-16,US_IG,5Y,81.333,25,CDXIG525 Curncy
83,2015-10-19,US_IG,5Y,80.05,25,CDXIG525 Curncy
87,2015-10-20,US_IG,5Y,81.209,25,CDXIG525 Curncy
91,2015-10-21,US_IG,5Y,82.363,25,CDXIG525 Curncy
95,2015-10-22,US_IG,5Y,80.085,25,CDXIG525 Curncy
99,2015-10-23,US_IG,5Y,77.268,25,CDXIG525 Curncy
103,2015-10-26,US_IG,5Y,77.816,25,CDXIG525 Curncy
107,2015-10-27,US_IG,5Y,78.277,25,CDXIG525 Curncy
111,2015-10-28,US_IG,5Y,77.316,25,CDXIG525 Curncy
115,2015-10-29,US_IG,5Y,78.547,25,CDXIG525 Curncy
119,2015-10-30,US_IG,5Y,78.887,25,CDXIG525 Curncy
123,2015-11-02,US_IG,5Y,76.566,25,CDXIG525 Curncy
127,2015-11-03,US_IG,5Y,75.581,25,CDXIG525 Curncy
131,2015-11-04,US_IG,5Y,77.599,25,CDXIG525 Curncy
135,2015-11-05,US_IG,5Y,78.26,25,CDXIG525 Curncy
139,2015-11-06,US_IG,5Y,79.388,25,CDXIG525 Curncy
143,2015-11-09,US_IG,5Y,81.052,25,CDXIG525 Curncy
147,2015-11-10,US_IG,5Y,81.05,25,CDXIG525 Curncy
154,2015-11-12,US_IG,5Y,83.378,25,CDXIG525 Curncy
158,2015-11-13,US_IG,5Y,85.655,25,CDXIG525 Curncy
162,2015-11-16,US_IG,5Y,83.016,25,CDXIG525 Curncy
166,2015-11-17,US_IG,5Y,83.393,25,CDXIG525 Curncy
170,2015-11-18,US_IG,5Y,81.889,25,CDXIG525 Curncy
174,2015-11-19,US_IG,5Y,84.893,25,CDXIG525 Curncy
178,2015-11-20,US_IG,5Y,84.557,25,CDXIG525 Curncy
182,2015-11-23,US_IG,5Y,84.942,25,CDXIG525 Curncy
186,2015-11-24,US_IG,5Y,85.253,25,CDXIG525 Curncy
190,2015-11-25,US_IG,5Y,84.535,25,CDXIG525 Curncy
197,2015-11-27,US_IG,5Y,84.537,25,CDXIG525 Curncy
201,2015-11-30,US_IG,5Y,83.969,25,CDXIG525 Curncy
205,2015-12-01,US_IG,5Y,80.55,25,CDXIG525 Curncy
209,2015-12-02,US_IG,5Y,82.208,25,CDXIG525 Curncy
213,2015-12-03,US_IG,5Y,83.482,25,CDXIG525 Curncy
217,2015-12-04,US_IG,5Y,81.965,25,CDXIG525 Curncy
221,2015-12-07,US_IG,5Y,83.474,25,CDXIG525 Curncy
225,2015-12-08,US_IG,5Y,86.021,25,CDXIG525 Curncy
229,2015-12-09,US_IG,5Y,85.98,25,CDXIG525 Curncy
233,2015-12-10,US_IG,5Y,87.844,25,CDXIG525 Curncy
237,2015-12-11,US_IG,5Y,96.325,25,CDXIG525 Curncy
241,2015-12-14,US_IG,5Y,92.708,25,CDXIG525 Curncy
245,2015-12-15,US_IG,5Y,90.545,25,CDXIG525 Curncy
249,2015-12-16,US_IG,5Y,89.463,25,CDXIG525 Curncy
253,2015-12-17,US_IG,5Y,94.419,25,CDXIG525 Curncy
257,2015-12-18,US_IG,5Y,95.251,25,CDXIG525 Curncy
261,2015-12-21,US_IG,5Y,95.088,25,CDXIG525 Curncy
265,2015-12-22,US_IG,5Y,92.396,25,CDXIG525 Curncy
269,2015-12-23,US_IG,5Y,89.959,25,CDXIG525 Curncy
273,2015-12-24,US_IG,5Y,89.705,25,CDXIG525 Curncy
274,2015-12-28,US_IG,5Y,90.538,25,CDXIG525 Curncy
277,2015-12-29,US_IG,5Y,88.422,25,CDXIG525 Curncy
279,2015-12-31,US_IG,5Y,88.244,25,CDXIG525 Curncy
289,2016-01-07,US_IG,5Y,96.07,25,CDXIG525 Curncy
294,2016-01-11,US_IG,5Y,98.352,25,CDXIG525 Curncy
300,2016-01-15,US_IG,5Y,109.992,25,CDXIG525 Curncy
301,2016-01-19,US_IG,5Y,110.452,25,CDXIG525 Curncy
305,2016-01-20,US_IG,5Y,110.868,25,CDXIG525 Curncy
309,2016-01-21,US_IG,5Y,108.587,25,CDXIG525 Curncy
313,2016-01-22,US_IG,5Y,104.094,25,CDXIG525 Curncy
317,2016-01-25,US_IG,5Y,106.757,25,CDXIG525 Curncy
321,2016-01-26,US_IG,5Y,104.573,25,CDXIG525 Curncy
325,2016-01-27,US_IG,5Y,104.729,25,CDXIG525 Curncy
329,2016-01-28,US_IG,5Y,103.437,25,CDXIG525 Curncy
333,2016-01-29,US_IG,5Y,101.98,25,CDXIG525 Curncy
337,2016-02-01,US_IG,5Y,104.02,25,CDXIG525 Curncy
341,2016-02-02,US_IG,5Y,108.652,25,CDXIG525 Curncy
345,2016-02-03,US_IG,5Y,107.695,25,CDXIG525 Curncy
349,2016-02-04,US_IG,5Y,109.574,25,CDXIG525 Curncy
353,2016-02-05,US_IG,5Y,114.8,25,CDXIG525 Curncy
357,2016-02-08,US_IG,5Y,120.244,25,CDXIG525 Curncy
361,2016-02-09,US_IG,5Y,119.554,25,CDXIG525 Curncy
365,2016-02-10,US_IG,5Y,121.563,25,CDXIG525 Curncy
369,2016-02-11,US_IG,5Y,124.6,25,CDXIG525 Curncy
373,2016-02-12,US_IG,5Y,121.962,25,CDXIG525 Curncy
380,2016-02-16,US_IG,5Y,121.253,25,CDXIG525 Curncy
384,2016-02-17,US_IG,5Y,116.818,25,CDXIG525 Curncy
388,2016-02-18,US_IG,5Y,116.77,25,CDXIG525 Curncy
392,2016-02-19,US_IG,5Y,118.128,25,CDXIG525 Curncy
396,2016-02-22,US_IG,5Y,113.495,25,CDXIG525 Curncy
400,2016-02-23,US_IG,5Y,115.725,25,CDXIG525 Curncy
404,2016-02-24,US_IG,5Y,114.503,25,CDXIG525 Curncy
408,2016-02-25,US_IG,5Y,112.628,25,CDXIG525 Curncy
412,2016-02-26,US_IG,5Y,110.29,25,CDXIG525 Curncy
416,2016-02-29,US_IG,5Y,107.456,25,CDXIG525 Curncy
420,2016-03-01,US_IG,5Y,100.583,25,CDXIG525 Curncy
424,2016-03-02,US_IG,5Y,100.125,25,CDXIG525 Curncy
428,2016-03-03,US_IG,5Y,96.946,25,CDXIG525 Curncy
432,2016-03-04,US_IG,5Y,94.368,25,CDXIG525 Curncy
436,2016-03-07,US_IG,5Y,93.71,25,CDXIG525 Curncy
440,2016-03-08,US_IG,5Y,98.167,25,CDXIG525 Curncy
444,2016-03-09,US_IG,5Y,96.213,25,CDXIG525 Curncy
448,2016-03-10,US_IG,5Y,90.813,25,CDXIG525 Curncy
452,2016-03-11,US_IG,5Y,82.847,25,CDXIG525 Curncy
456,2016-03-14,US_IG,5Y,85.126,25,CDXIG525 Curncy
460,2016-03-15,US_IG,5Y,89.083,25,CDXIG525 Curncy
464,2016-03-16,US_IG,5Y,85.711,25,CDXIG525 Curncy
468,2016-03-17,US_IG,5Y,83.694,25,CDXIG525 Curncy
472,2016-03-18,US_IG,5Y,85.154,25,CDXIG525 Curncy
476,2016-03-21,US_IG,5Y,77.556,26,CDXIG526 Curncy
480,2016-03-22,US_IG,5Y,80.855,26,CDXIG526 Curncy
484,2016-03-23,US_IG,5Y,81.253,26,CDXIG526 Curncy
488,2016-03-24,US_IG,5Y,83.415,26,CDXIG526 Curncy
489,2016-03-28,US_IG,5Y,83.23,26,CDXIG526 Curncy
493,2016-03-29,US_IG,5Y,82.52,26,CDXIG526 Curncy
497,2016-03-30,US_IG,5Y,78.508,26,CDXIG526 Curncy
501,2016-03-31,US_IG,5Y,78.592,26,CDXIG526 Curncy
505,2016-04-01,US_IG,5Y,75.542,26,CDXIG526 Curncy
509,2016-04-04,US_IG,5Y,76.27,26,CDXIG526 Curncy
513,2016-04-05,US_IG,5Y,79.628,26,CDXIG526 Curncy
517,2016-04-06,US_IG,5Y,77.678,26,CDXIG526 Curncy
521,2016-04-07,US_IG,5Y,82.34,26,CDXIG526 Curncy
525,2016-04-08,US_IG,5Y,82.331,26,CDXIG526 Curncy
529,2016-04-11,US_IG,5Y,81.402,26,CDXIG526 Curncy
533,2016-04-12,US_IG,5Y,79.519,26,CDXIG526 Curncy
537,2016-04-13,US_IG,5Y,79.488,26,CDXIG526 Curncy
541,2016-04-14,US_IG,5Y,78.99,26,CDXIG526 Curncy
545,2016-04-15,US_IG,5Y,80.17,26,CDXIG526 Curncy
549,2016-04-18,US_IG,5Y,77.921,26,CDXIG526 Curncy
553,2016-04-19,US_IG,5Y,75.59,26,CDXIG526 Curncy
557,2016-04-20,US_IG,5Y,72.744,26,CDXIG526 Curncy
561,2016-04-21,US_IG,5Y,74.106,26,CDXIG526 Curncy
565,2016-04-22,US_IG,5Y,73.0,26,CDXIG526 Curncy
569,2016-04-25,US_IG,5Y,74.629,26,CDXIG526 Curncy
573,2016-04-26,US_IG,5Y,74.497,26,CDXIG526 Curncy
577,2016-04-27,US_IG,5Y,73.73,26,CDXIG526 Curncy
581,2016-04-28,US_IG,5Y,76.481,26,CDXIG526 Curncy
585,2016-04-29,US_IG,5Y,77.478,26,CDXIG526 Curncy
587,2016-05-02,US_IG,5Y,77.965,26,CDXIG526 Curncy
591,2016-05-03,US_IG,5Y,81.479,26,CDXIG526 Curncy
595,2016-05-04,US_IG,5Y,83.346,26,CDXIG526 Curncy
599,2016-05-05,US_IG,5Y,84.742,26,CDXIG526 Curncy
603,2016-05-06,US_IG,5Y,85.265,26,CDXIG526 Curncy
607,2016-05-09,US_IG,5Y,84.013,26,CDXIG526 Curncy
611,2016-05-10,US_IG,5Y,80.507,26,CDXIG526 Curncy
615,2016-05-11,US_IG,5Y,82.217,26,CDXIG526 Curncy
619,2016-05-12,US_IG,5Y,81.288,26,CDXIG526 Curncy
623,2016-05-13,US_IG,5Y,83.312,26,CDXIG526 Curncy
627,2016-05-16,US_IG,5Y,81.535,26,CDXIG526 Curncy
631,2016-05-17,US_IG,5Y,82.507,26,CDXIG526 Curncy
635,2016-05-18,US_IG,5Y,83.727,26,CDXIG526 Curncy
639,2016-05-19,US_IG,5Y,85.188,26,CDXIG526 Curncy
643,2016-05-20,US_IG,5Y,83.749,26,CDXIG526 Curncy
647,2016-05-23,US_IG,5Y,83.596,26,CDXIG526 Curncy
651,2016-05-24,US_IG,5Y,79.573,26,CDXIG526 Curncy
655,2016-05-25,US_IG,5Y,77.085,26,CDXIG526 Curncy
659,2016-05-26,US_IG,5Y,77.036,26,CDXIG526 Curncy
663,2016-05-27,US_IG,5Y,76.242,26,CDXIG526 Curncy
668,2016-05-31,US_IG,5Y,76.668,26,CDXIG526 Curncy
672,2016-06-01,US_IG,5Y,77.314,26,CDXIG526 Curncy
676,2016-06-02,US_IG,5Y,77.124,26,CDXIG526 Curncy
680,2016-06-03,US_IG,5Y,77.365,26,CDXIG526 Curncy
684,2016-06-06,US_IG,5Y,74.393,26,CDXIG526 Curncy
688,2016-06-07,US_IG,5Y,73.773,26,CDXIG526 Curncy
692,2016-06-08,US_IG,5Y,73.594,26,CDXIG526 Curncy
696,2016-06-09,US_IG,5Y,75.993,26,CDXIG526 Curncy
700,2016-06-10,US_IG,5Y,78.775,26,CDXIG526 Curncy
704,2016-06-13,US_IG,5Y,81.54,26,CDXIG526 Curncy
708,2016-06-14,US_IG,5Y,84.093,26,CDXIG526 Curncy
712,2016-06-15,US_IG,5Y,85.208,26,CDXIG526 Curncy
716,2016-06-16,US_IG,5Y,82.717,26,CDXIG526 Curncy
720,2016-06-17,US_IG,5Y,82.805,26,CDXIG526 Curncy
724,2016-06-20,US_IG,5Y,80.12,26,CDXIG526 Curncy
728,2016-06-21,US_IG,5Y,78.57,26,CDXIG526 Curncy
732,2016-06-22,US_IG,5Y,78.91,26,CDXIG526 Curncy
736,2016-06-23,US_IG,5Y,76.247,26,CDXIG526 Curncy
740,2016-06-24,US_IG,5Y,86.963,26,CDXIG526 Curncy
744,2016-06-27,US_IG,5Y,91.179,26,CDXIG526 Curncy
748,2016-06-28,US_IG,5Y,84.598,26,CDXIG526 Curncy
752,2016-06-29,US_IG,5Y,81.27,26,CDXIG526 Curncy
756,2016-06-30,US_IG,5Y,76.984,26,CDXIG526 Curncy
760,2016-07-01,US_IG,5Y,77.417,26,CDXIG526 Curncy
767,2016-07-05,US_IG,5Y,78.993,26,CDXIG526 Curncy
771,2016-07-06,US_IG,5Y,76.343,26,CDXIG526 Curncy
775,2016-07-07,US_IG,5Y,76.72,26,CDXIG526 Curncy
779,2016-07-08,US_IG,5Y,73.001,26,CDXIG526 Curncy
783,2016-07-11,US_IG,5Y,72.307,26,CDXIG526 Curncy
787,2016-07-12,US_IG,5Y,70.882,26,CDXIG526 Curncy
791,2016-07-13,US_IG,5Y,71.345,26,CDXIG526 Curncy
795,2016-07-14,US_IG,5Y,71.331,26,CDXIG526 Curncy
799,2016-07-15,US_IG,5Y,72.844,26,CDXIG526 Curncy
803,2016-07-18,US_IG,5Y,70.975,26,CDXIG526 Curncy
807,2016-07-19,US_IG,5Y,71.254,26,CDXIG526 Curncy
811,2016-07-20,US_IG,5Y,70.212,26,CDXIG526 Curncy
815,2016-07-21,US_IG,5Y,71.342,26,CDXIG526 Curncy
819,2016-07-22,US_IG,5Y,70.563,26,CDXIG526 Curncy
823,2016-07-25,US_IG,5Y,73.451,26,CDXIG526 Curncy
827,2016-07-26,US_IG,5Y,74.577,26,CDXIG526 Curncy
831,2016-07-27,US_IG,5Y,73.45,26,CDXIG526 Curncy
835,2016-07-28,US_IG,5Y,74.295,26,CDXIG526 Curncy
839,2016-07-29,US_IG,5Y,72.025,26,CDXIG526 Curncy
843,2016-08-01,US_IG,5Y,75.231,26,CDXIG526 Curncy
847,2016-08-02,US_IG,5Y,76.833,26,CDXIG526 Curncy
851,2016-08-03,US_IG,5Y,74.941,26,CDXIG526 Curncy
855,2016-08-04,US_IG,5Y,73.22,26,CDXIG526 Curncy
859,2016-08-05,US_IG,5Y,70.725,26,CDXIG526 Curncy
863,2016-08-08,US_IG,5Y,71.34,26,CDXIG526 Curncy
867,2016-08-09,US_IG,5Y,71.175,26,CDXIG526 Curncy
871,2016-08-10,US_IG,5Y,72.138,26,CDXIG526 Curncy
875,2016-08-11,US_IG,5Y,71.503,26,CDXIG526 Curncy
879,2016-08-12,US_IG,5Y,71.597,26,CDXIG526 Curncy
883,2016-08-15,US_IG,5Y,70.45,26,CDXIG526 Curncy
887,2016-08-16,US_IG,5Y,71.07,26,CDXIG526 Curncy
891,2016-08-17,US_IG,5Y,70.704,26,CDXIG526 Curncy
895,2016-08-18,US_IG,5Y,69.572,26,CDXIG526 Curncy
899,2016-08-19,US_IG,5Y,70.478,26,CDXIG526 Curncy
903,2016-08-22,US_IG,5Y,71.891,26,CDXIG526 Curncy
907,2016-08-23,US_IG,5Y,70.768,26,CDXIG526 Curncy
911,2016-08-24,US_IG,5Y,71.762,26,CDXIG526 Curncy
915,2016-08-25,US_IG,5Y,71.482,26,CDXIG526 Curncy
919,2016-08-26,US_IG,5Y,72.017,26,CDXIG526 Curncy
921,2016-08-29,US_IG,5Y,71.176,26,CDXIG526 Curncy
925,2016-08-30,US_IG,5Y,71.258,26,CDXIG526 Curncy
929,2016-08-31,US_IG,5Y,72.82,26,CDXIG526 Curncy
933,2016-09-01,US_IG,5Y,73.885,26,CDXIG526 Curncy
937,2016-09-02,US_IG,5Y,72.544,26,CDXIG526 Curncy
944,2016-09-06,US_IG,5Y,71.162,26,CDXIG526 Curncy
948,2016-09-07,US_IG,5Y,71.635,26,CDXIG526 Curncy
952,2016-09-08,US_IG,5Y,71.652,26,CDXIG526 Curncy
956,2016-09-09,US_IG,5Y,76.072,26,CDXIG526 Curncy
960,2016-09-12,US_IG,5Y,73.257,26,CDXIG526 Curncy
964,2016-09-13,US_IG,5Y,76.926,26,CDXIG526 Curncy
968,2016-09-14,US_IG,5Y,77.31,26,CDXIG526 Curncy
972,2016-09-15,US_IG,5Y,74.651,26,CDXIG526 Curncy
976,2016-09-16,US_IG,5Y,75.958,26,CDXIG526 Curncy
980,2016-09-19,US_IG,5Y,74.765,26,CDXIG526 Curncy
985,2016-09-20,US_IG,5Y,81.698,27,CDXIG527 Curncy
990,2016-09-21,US_IG,5Y,78.506,27,CDXIG527 Curncy
995,2016-09-22,US_IG,5Y,76.015,27,CDXIG527 Curncy
1000,2016-09-23,US_IG,5Y,76.876,27,CDXIG527 Curncy
1005,2016-09-26,US_IG,5Y,79.113,27,CDXIG527 Curncy
1009,2016-09-27,US_IG,5Y,77.42,27,CDXIG527 Curncy
1013,2016-09-28,US_IG,5Y,75.365,27,CDXIG527 Curncy
1017,2016-09-29,US_IG,5Y,78.265,27,CDXIG527 Curncy
1022,2016-09-30,US_IG,5Y,75.132,27,CDXIG527 Curncy
1027,2016-10-03,US_IG,5Y,75.232,27,CDXIG527 Curncy
1032,2016-10-04,US_IG,5Y,75.705,27,CDXIG527 Curncy
1037,2016-10-05,US_IG,5Y,74.75,27,CDXIG527 Curncy
1042,2016-10-06,US_IG,5Y,74.257,27,CDXIG527 Curncy
1047,2016-10-07,US_IG,5Y,74.349,27,CDXIG527 Curncy
1056,2016-10-11,US_IG,5Y,75.753,27,CDXIG527 Curncy
1061,2016-10-12,US_IG,5Y,75.52,27,CDXIG527 Curncy
1066,2016-10-13,US_IG,5Y,76.053,27,CDXIG527 Curncy
1071,2016-10-14,US_IG,5Y,75.674,27,CDXIG527 Curncy
1076,2016-10-17,US_IG,5Y,76.078,27,CDXIG527 Curncy
1081,2016-10-18,US_IG,5Y,75.003,27,CDXIG527 Curncy
1086,2016-10-19,US_IG,5Y,73.725,27,CDXIG527 Curncy
1091,2016-10-20,US_IG,5Y,73.938,27,CDXIG527 Curncy
1096,2016-10-21,US_IG,5Y,73.799,27,CDXIG527 Curncy
1101,2016-10-24,US_IG,5Y,73.767,27,CDXIG527 Curncy
1106,2016-10-25,US_IG,5Y,74.537,27,CDXIG527 Curncy
1111,2016-10-26,US_IG,5Y,75.345,27,CDXIG527 Curncy
1116,2016-10-27,US_IG,5Y,76.257,27,CDXIG527 Curncy
1121,2016-10-28,US_IG,5Y,77.702,27,CDXIG527 Curncy
1126,2016-10-31,US_IG,5Y,78.708,27,CDXIG527 Curncy
1131,2016-11-01,US_IG,5Y,79.52,27,CDXIG527 Curncy
1136,2016-11-02,US_IG,5Y,79.977,27,CDXIG527 Curncy
1141,2016-11-03,US_IG,5Y,80.702,27,CDXIG527 Curncy
1146,2016-11-04,US_IG,5Y,80.967,27,CDXIG527 Curncy
1151,2016-11-07,US_IG,5Y,76.447,27,CDXIG527 Curncy
1156,2016-11-08,US_IG,5Y,75.757,27,CDXIG527 Curncy
1161,2016-11-09,US_IG,5Y,74.467,27,CDXIG527 Curncy
1166,2016-11-10,US_IG,5Y,75.447,27,CDXIG527 Curncy
1175,2016-11-14,US_IG,5Y,77.503,27,CDXIG527 Curncy
1180,2016-11-15,US_IG,5Y,73.988,27,CDXIG527 Curncy
1185,2016-11-16,US_IG,5Y,75.255,27,CDXIG527 Curncy
1190,2016-11-17,US_IG,5Y,74.932,27,CDXIG527 Curncy
1195,2016-11-18,US_IG,5Y,76.786,27,CDXIG527 Curncy
1200,2016-11-21,US_IG,5Y,75.733,27,CDXIG527 Curncy
1205,2016-11-22,US_IG,5Y,73.855,27,CDXIG527 Curncy
1210,2016-11-23,US_IG,5Y,73.979,27,CDXIG527 Curncy
1219,2016-11-25,US_IG,5Y,73.07,27,CDXIG527 Curncy
1224,2016-11-28,US_IG,5Y,73.845,27,CDXIG527 Curncy
1229,2016-11-29,US_IG,5Y,73.5,27,CDXIG527 Curncy
1234,2016-11-30,US_IG,5Y,72.751,27,CDXIG527 Curncy
1239,2016-12-01,US_IG,5Y,73.507,27,CDXIG527 Curncy
1244,2016-12-02,US_IG,5Y,72.921,27,CDXIG527 Curncy
1249,2016-12-05,US_IG,5Y,71.894,27,CDXIG527 Curncy
1254,2016-12-06,US_IG,5Y,69.54,27,CDXIG527 Curncy
1259,2016-12-07,US_IG,5Y,68.035,27,CDXIG527 Curncy
1264,2016-12-08,US_IG,5Y,68.895,27,CDXIG527 Curncy
1269,2016-12-09,US_IG,5Y,66.89,27,CDXIG527 Curncy
1274,2016-12-12,US_IG,5Y,68.095,27,CDXIG527 Curncy
1279,2016-12-13,US_IG,5Y,67.827,27,CDXIG527 Curncy
1284,2016-12-14,US_IG,5Y,69.43,27,CDXIG527 Curncy
1289,2016-12-15,US_IG,5Y,68.798,27,CDXIG527 Curncy
1294,2016-12-16,US_IG,5Y,68.945,27,CDXIG527 Curncy
1299,2016-12-19,US_IG,5Y,67.695,27,CDXIG527 Curncy
1304,2016-12-20,US_IG,5Y,66.512,27,CDXIG527 Curncy
1309,2016-12-21,US_IG,5Y,66.249,27,CDXIG527 Curncy
1314,2016-12-22,US_IG,5Y,66.113,27,CDXIG527 Curncy
1319,2016-12-23,US_IG,5Y,66.474,27,CDXIG527 Curncy
1320,2016-12-27,US_IG,5Y,66.753,27,CDXIG527 Curncy
1325,2016-12-28,US_IG,5Y,67.909,27,CDXIG527 Curncy
1330,2016-12-29,US_IG,5Y,68.109,27,CDXIG527 Curncy
1335,2016-12-30,US_IG,5Y,67.585,27,CDXIG527 Curncy
1340,2017-01-03,US_IG,5Y,65.669,27,CDXIG527 Curncy
1345,2017-01-04,US_IG,5Y,63.476,27,CDXIG527 Curncy
1350,2017-01-05,US_IG,5Y,63.743,27,CDXIG527 Curncy
1355,2017-01-06,US_IG,5Y,64.47,27,CDXIG527 Curncy
1360,2017-01-09,US_IG,5Y,65.451,27,CDXIG527 Curncy
1365,2017-01-10,US_IG,5Y,66.075,27,CDXIG527 Curncy
1370,2017-01-11,US_IG,5Y,65.942,27,CDXIG527 Curncy
1375,2017-01-12,US_IG,5Y,66.328,27,CDXIG527 Curncy
1380,2017-01-13,US_IG,5Y,65.82,27,CDXIG527 Curncy
1389,2017-01-17,US_IG,5Y,66.428,27,CDXIG527 Curncy
1394,2017-01-18,US_IG,5Y,65.719,27,CDXIG527 Curncy
1399,2017-01-19,US_IG,5Y,66.095,27,CDXIG527 Curncy
1404,2017-01-20,US_IG,5Y,65.879,27,CDXIG527 Curncy
1409,2017-01-23,US_IG,5Y,66.447,27,CDXIG527 Curncy
1414,2017-01-24,US_IG,5Y,65.415,27,CDXIG527 Curncy
1419,2017-01-25,US_IG,5Y,63.809,27,CDXIG527 Curncy
1424,2017-01-26,US_IG,5Y,63.988,27,CDXIG527 Curncy
1429,2017-01-27,US_IG,5Y,64.157,27,CDXIG527 Curncy
1434,2017-01-30,US_IG,5Y,65.788,27,CDXIG527 Curncy
1439,2017-01-31,US_IG,5Y,66.26,27,CDXIG527 Curncy
1444,2017-02-01,US_IG,5Y,65.83,27,CDXIG527 Curncy
1449,2017-02-02,US_IG,5Y,65.548,27,CDXIG527 Curncy
1454,2017-02-03,US_IG,5Y,63.605,27,CDXIG527 Curncy
1459,2017-02-06,US_IG,5Y,64.757,27,CDXIG527 Curncy
1464,2017-02-07,US_IG,5Y,65.54,27,CDXIG527 Curncy
1469,2017-02-08,US_IG,5Y,66.861,27,CDXIG527 Curncy
1474,2017-02-09,US_IG,5Y,64.712,27,CDXIG527 Curncy
1479,2017-02-10,US_IG,5Y,64.482,27,CDXIG527 Curncy
1484,2017-02-13,US_IG,5Y,63.268,27,CDXIG527 Curncy
1489,2017-02-14,US_IG,5Y,62.8,27,CDXIG527 Curncy
1494,2017-02-15,US_IG,5Y,62.979,27,CDXIG527 Curncy
1499,2017-02-16,US_IG,5Y,63.691,27,CDXIG527 Curncy
1504,2017-02-17,US_IG,5Y,63.517,27,CDXIG527 Curncy
1513,2017-02-21,US_IG,5Y,62.57,27,CDXIG527 Curncy
1518,2017-02-22,US_IG,5Y,62.583,27,CDXIG527 Curncy
1523,2017-02-23,US_IG,5Y,62.33,27,CDXIG527 Curncy
1528,2017-02-24,US_IG,5Y,62.558,27,CDXIG527 Curncy
1533,2017-02-27,US_IG,5Y,62.268,27,CDXIG527 Curncy
1538,2017-02-28,US_IG,5Y,62.577,27,CDXIG527 Curncy
1543,2017-03-01,US_IG,5Y,60.146,27,CDXIG527 Curncy
1548,2017-03-02,US_IG,5Y,60.373,27,CDXIG527 Curncy
1553,2017-03-03,US_IG,5Y,59.841,27,CDXIG527 Curncy
1558,2017-03-06,US_IG,5Y,60.6,27,CDXIG527 Curncy
1563,2017-03-07,US_IG,5Y,62.524,27,CDXIG527 Curncy
1568,2017-03-08,US_IG,5Y,63.894,27,CDXIG527 Curncy
1573,2017-03-09,US_IG,5Y,64.469,27,CDXIG527 Curncy
1578,2017-03-10,US_IG,5Y,64.547,27,CDXIG527 Curncy
1583,2017-03-13,US_IG,5Y,64.853,27,CDXIG527 Curncy
1588,2017-03-14,US_IG,5Y,65.803,27,CDXIG527 Curncy
1593,2017-03-15,US_IG,5Y,61.836,27,CDXIG527 Curncy
1598,2017-03-16,US_IG,5Y,61.895,27,CDXIG527 Curncy
1603,2017-03-17,US_IG,5Y,60.952,27,CDXIG527 Curncy
1608,2017-03-20,US_IG,5Y,68.385,28,CDXIG528 Curncy
1613,2017-03-21,US_IG,5Y,69.678,28,CDXIG528 Curncy
1618,2017-03-22,US_IG,5Y,68.342,28,CDXIG528 Curncy
1623,2017-03-23,US_IG,5Y,67.982,28,CDXIG528 Curncy
1628,2017-03-24,US_IG,5Y,67.014,28,CDXIG528 Curncy
1633,2017-03-27,US_IG,5Y,67.805,28,CDXIG528 Curncy
1638,2017-03-28,US_IG,5Y,67.18,28,CDXIG528 Curncy
1643,2017-03-29,US_IG,5Y,67.783,28,CDXIG528 Curncy
1648,2017-03-30,US_IG,5Y,66.813,28,CDXIG528 Curncy
1653,2017-03-31,US_IG,5Y,66.331,28,CDXIG528 Curncy
1658,2017-04-03,US_IG,5Y,66.702,28,CDXIG528 Curncy
1663,2017-04-04,US_IG,5Y,65.93,28,CDXIG528 Curncy
1668,2017-04-05,US_IG,5Y,65.897,28,CDXIG528 Curncy
1673,2017-04-06,US_IG,5Y,65.497,28,CDXIG528 Curncy
1678,2017-04-07,US_IG,5Y,65.447,28,CDXIG528 Curncy
1683,2017-04-10,US_IG,5Y,65.434,28,CDXIG528 Curncy
1688,2017-04-11,US_IG,5Y,66.385,28,CDXIG528 Curncy
1693,2017-04-12,US_IG,5Y,67.671,28,CDXIG528 Curncy
1698,2017-04-13,US_IG,5Y,67.915,28,CDXIG528 Curncy
1702,2017-04-17,US_IG,5Y,67.892,28,CDXIG528 Curncy
1707,2017-04-18,US_IG,5Y,68.794,28,CDXIG528 Curncy
1712,2017-04-19,US_IG,5Y,69.184,28,CDXIG528 Curncy
1717,2017-04-20,US_IG,5Y,67.497,28,CDXIG528 Curncy
1722,2017-04-21,US_IG,5Y,67.078,28,CDXIG528 Curncy
1727,2017-04-24,US_IG,5Y,64.238,28,CDXIG528 Curncy
1732,2017-04-25,US_IG,5Y,62.572,28,CDXIG528 Curncy
1737,2017-04-26,US_IG,5Y,63.361,28,CDXIG528 Curncy
1742,2017-04-27,US_IG,5Y,63.576,28,CDXIG528 Curncy
1747,2017-04-28,US_IG,5Y,63.978,28,CDXIG528 Curncy
1750,2017-05-01,US_IG,5Y,63.377,28,CDXIG528 Curncy
1755,2017-05-02,US_IG,5Y,62.882,28,CDXIG528 Curncy
1760,2017-05-03,US_IG,5Y,62.648,28,CDXIG528 Curncy
1765,2017-05-04,US_IG,5Y,63.253,28,CDXIG528 Curncy
1770,2017-05-05,US_IG,5Y,61.879,28,CDXIG528 Curncy
1775,2017-05-08,US_IG,5Y,62.316,28,CDXIG528 Curncy
1780,2017-05-09,US_IG,5Y,62.431,28,CDXIG528 Curncy
1785,2017-05-10,US_IG,5Y,61.62,28,CDXIG528 Curncy
1790,2017-05-11,US_IG,5Y,62.156,28,CDXIG528 Curncy
1795,2017-05-12,US_IG,5Y,62.618,28,CDXIG528 Curncy
1800,2017-05-15,US_IG,5Y,61.636,28,CDXIG528 Curncy
1805,2017-05-16,US_IG,5Y,61.693,28,CDXIG528 Curncy
1810,2017-05-17,US_IG,5Y,65.624,28,CDXIG528 Curncy
1815,2017-05-18,US_IG,5Y,64.541,28,CDXIG528 Curncy
1820,2017-05-19,US_IG,5Y,63.528,28,CDXIG528 Curncy
1825,2017-05-22,US_IG,5Y,62.2,28,CDXIG528 Curncy
1830,2017-05-23,US_IG,5Y,61.868,28,CDXIG528 Curncy
1835,2017-05-24,US_IG,5Y,61.893,28,CDXIG528 Curncy
1840,2017-05-25,US_IG,5Y,62.058,28,CDXIG528 Curncy
1845,2017-05-26,US_IG,5Y,62.2,28,CDXIG528 Curncy
1851,2017-05-30,US_IG,5Y,62.313,28,CDXIG528 Curncy
1856,2017-05-31,US_IG,5Y,61.585,28,CDXIG528 Curncy
1861,2017-06-01,US_IG,5Y,60.438,28,CDXIG528 Curncy
1866,2017-06-02,US_IG,5Y,59.826,28,CDXIG528 Curncy
1871,2017-06-05,US_IG,5Y,60.217,28,CDXIG528 Curncy
1876,2017-06-06,US_IG,5Y,60.735,28,CDXIG528 Curncy
1881,2017-06-07,US_IG,5Y,61.1,28,CDXIG528 Curncy
1886,2017-06-08,US_IG,5Y,61.078,28,CDXIG528 Curncy
1891,2017-06-09,US_IG,5Y,60.69,28,CDXIG528 Curncy
1896,2017-06-12,US_IG,5Y,59.994,28,CDXIG528 Curncy
1901,2017-06-13,US_IG,5Y,58.732,28,CDXIG528 Curncy
1906,2017-06-14,US_IG,5Y,58.735,28,CDXIG528 Curncy
1911,2017-06-15,US_IG,5Y,60.345,28,CDXIG528 Curncy
1916,2017-06-16,US_IG,5Y,61.502,28,CDXIG528 Curncy
1921,2017-06-19,US_IG,5Y,59.938,28,CDXIG528 Curncy
1926,2017-06-20,US_IG,5Y,61.554,28,CDXIG528 Curncy
1931,2017-06-21,US_IG,5Y,62.854,28,CDXIG528 Curncy
1936,2017-06-22,US_IG,5Y,61.442,28,CDXIG528 Curncy
1941,2017-06-23,US_IG,5Y,60.355,28,CDXIG528 Curncy
1946,2017-06-26,US_IG,5Y,59.593,28,CDXIG528 Curncy
1951,2017-06-27,US_IG,5Y,61.578,28,CDXIG528 Curncy
1956,2017-06-28,US_IG,5Y,60.219,28,CDXIG528 Curncy
1961,2017-06-29,US_IG,5Y,61.539,28,CDXIG528 Curncy
1966,2017-06-30,US_IG,5Y,60.519,28,CDXIG528 Curncy
1971,2017-07-03,US_IG,5Y,60.415,28,CDXIG528 Curncy
1980,2017-07-05,US_IG,5Y,61.222,28,CDXIG528 Curncy
1985,2017-07-06,US_IG,5Y,62.301,28,CDXIG528 Curncy
1990,2017-07-07,US_IG,5Y,61.644,28,CDXIG528 Curncy
1995,2017-07-10,US_IG,5Y,61.78,28,CDXIG528 Curncy
2000,2017-07-11,US_IG,5Y,61.788,28,CDXIG528 Curncy
2005,2017-07-12,US_IG,5Y,59.908,28,CDXIG528 Curncy
2010,2017-07-13,US_IG,5Y,58.768,28,CDXIG528 Curncy
2015,2017-07-14,US_IG,5Y,58.167,28,CDXIG528 Curncy
2020,2017-07-17,US_IG,5Y,57.477,28,CDXIG528 Curncy
2025,2017-07-18,US_IG,5Y,57.349,28,CDXIG528 Curncy
2030,2017-07-19,US_IG,5Y,56.972,28,CDXIG528 Curncy
2035,2017-07-20,US_IG,5Y,56.999,28,CDXIG528 Curncy
2040,2017-07-21,US_IG,5Y,56.9,28,CDXIG528 Curncy
2045,2017-07-24,US_IG,5Y,56.283,28,CDXIG528 Curncy
2050,2017-07-25,US_IG,5Y,56.283,28,CDXIG528 Curncy
2055,2017-07-26,US_IG,5Y,56.505,28,CDXIG528 Curncy
2060,2017-07-27,US_IG,5Y,57.426,28,CDXIG528 Curncy
2065,2017-07-28,US_IG,5Y,57.647,28,CDXIG528 Curncy
2070,2017-07-31,US_IG,5Y,57.226,28,CDXIG528 Curncy
2075,2017-08-01,US_IG,5Y,56.411,28,CDXIG528 Curncy
2080,2017-08-02,US_IG,5Y,56.295,28,CDXIG528 Curncy
2085,2017-08-03,US_IG,5Y,57.344,28,CDXIG528 Curncy
2090,2017-08-04,US_IG,5Y,57.715,28,CDXIG528 Curncy
2095,2017-08-07,US_IG,5Y,57.813,28,CDXIG528 Curncy
2100,2017-08-08,US_IG,5Y,59.185,28,CDXIG528 Curncy
2105,2017-08-09,US_IG,5Y,59.515,28,CDXIG528 Curncy
2110,2017-08-10,US_IG,5Y,62.176,28,CDXIG528 Curncy
2115,2017-08-11,US_IG,5Y,61.462,28,CDXIG528 Curncy
2120,2017-08-14,US_IG,5Y,59.632,28,CDXIG528 Curncy
2125,2017-08-15,US_IG,5Y,59.634,28,CDXIG528 Curncy
2130,2017-08-16,US_IG,5Y,59.628,28,CDXIG528 Curncy
2135,2017-08-17,US_IG,5Y,62.681,28,CDXIG528 Curncy
2140,2017-08-18,US_IG,5Y,62.35,28,CDXIG528 Curncy
2145,2017-08-21,US_IG,5Y,62.144,28,CDXIG528 Curncy
2150,2017-08-22,US_IG,5Y,60.299,28,CDXIG528 Curncy
2155,2017-08-23,US_IG,5Y,61.114,28,CDXIG528 Curncy
2160,2017-08-24,US_IG,5Y,60.185,28,CDXIG528 Curncy
2165,2017-08-25,US_IG,5Y,59.698,28,CDXIG528 Curncy
2167,2017-08-28,US_IG,5Y,59.519,28,CDXIG528 Curncy
2172,2017-08-29,US_IG,5Y,60.071,28,CDXIG528 Curncy
2177,2017-08-30,US_IG,5Y,59.073,28,CDXIG528 Curncy
2182,2017-08-31,US_IG,5Y,57.892,28,CDXIG528 Curncy
2187,2017-09-01,US_IG,5Y,57.116,28,CDXIG528 Curncy
2196,2017-09-05,US_IG,5Y,59.159,28,CDXIG528 Curncy
2201,2017-09-06,US_IG,5Y,58.618,28,CDXIG528 Curncy
2206,2017-09-07,US_IG,5Y,59.255,28,CDXIG528 Curncy
2211,2017-09-08,US_IG,5Y,60.274,28,CDXIG528 Curncy
2216,2017-09-11,US_IG,5Y,57.395,28,CDXIG528 Curncy
2221,2017-09-12,US_IG,5Y,56.164,28,CDXIG528 Curncy
2226,2017-09-13,US_IG,5Y,56.04,28,CDXIG528 Curncy
2231,2017-09-14,US_IG,5Y,56.695,28,CDXIG528 Curncy
2236,2017-09-15,US_IG,5Y,56.095,28,CDXIG528 Curncy
2241,2017-09-18,US_IG,5Y,55.859,28,CDXIG528 Curncy
2246,2017-09-19,US_IG,5Y,54.961,28,CDXIG528 Curncy
2251,2017-09-20,US_IG,5Y,58.719,29,CDXIG529 Curncy
2256,2017-09-21,US_IG,5Y,59.556,29,CDXIG529 Curncy
2261,2017-09-22,US_IG,5Y,59.906,29,CDXIG529 Curncy
2266,2017-09-25,US_IG,5Y,59.438,29,CDXIG529 Curncy
2271,2017-09-26,US_IG,5Y,58.712,29,CDXIG529 Curncy
2276,2017-09-27,US_IG,5Y,57.472,29,CDXIG529 Curncy
2281,2017-09-28,US_IG,5Y,56.615,29,CDXIG529 Curncy
2286,2017-09-29,US_IG,5Y,55.632,29,CDXIG529 Curncy
2291,2017-10-02,US_IG,5Y,54.628,29,CDXIG529 Curncy
2296,2017-10-03,US_IG,5Y,54.177,29,CDXIG529 Curncy
2301,2017-10-04,US_IG,5Y,54.471,29,CDXIG529 Curncy
2306,2017-10-05,US_IG,5Y,53.204,29,CDXIG529 Curncy
2311,2017-10-06,US_IG,5Y,54.244,29,CDXIG529 Curncy
2320,2017-10-10,US_IG,5Y,54.27,29,CDXIG529 Curncy
2325,2017-10-11,US_IG,5Y,54.761,29,CDXIG529 Curncy
2330,2017-10-12,US_IG,5Y,55.649,29,CDXIG529 Curncy
2335,2017-10-13,US_IG,5Y,54.574,29,CDXIG529 Curncy
2340,2017-10-16,US_IG,5Y,54.242,29,CDXIG529 Curncy
2345,2017-10-17,US_IG,5Y,53.936,29,CDXIG529 Curncy
2350,2017-10-18,US_IG,5Y,53.731,29,CDXIG529 Curncy
2355,2017-10-19,US_IG,5Y,53.37,29,CDXIG529 Curncy
2360,2017-10-20,US_IG,5Y,52.198,29,CDXIG529 Curncy
2365,2017-10-23,US_IG,5Y,52.924,29,CDXIG529 Curncy
2370,2017-10-24,US_IG,5Y,53.19,29,CDXIG529 Curncy
2375,2017-10-25,US_IG,5Y,54.201,29,CDXIG529 Curncy
2380,2017-10-26,US_IG,5Y,54.105,29,CDXIG529 Curncy
2385,2017-10-27,US_IG,5Y,52.762,29,CDXIG529 Curncy
2390,2017-10-30,US_IG,5Y,52.986,29,CDXIG529 Curncy
2395,2017-10-31,US_IG,5Y,52.15,29,CDXIG529 Curncy
2400,2017-11-01,US_IG,5Y,53.023,29,CDXIG529 Curncy
2405,2017-11-02,US_IG,5Y,52.98,29,CDXIG529 Curncy
2410,2017-11-03,US_IG,5Y,53.4,29,CDXIG529 Curncy
2415,2017-11-06,US_IG,5Y,53.152,29,CDXIG529 Curncy
2420,2017-11-07,US_IG,5Y,54.452,29,CDXIG529 Curncy
2425,2017-11-08,US_IG,5Y,55.011,29,CDXIG529 Curncy
2430,2017-11-09,US_IG,5Y,55.949,29,CDXIG529 Curncy
2435,2017-11-10,US_IG,5Y,56.042,29,CDXIG529 Curncy
2440,2017-11-13,US_IG,5Y,56.424,29,CDXIG529 Curncy
2445,2017-11-14,US_IG,5Y,57.397,29,CDXIG529 Curncy
2450,2017-11-15,US_IG,5Y,57.198,29,CDXIG529 Curncy
2455,2017-11-16,US_IG,5Y,54.993,29,CDXIG529 Curncy
2460,2017-11-17,US_IG,5Y,55.35,29,CDXIG529 Curncy
2465,2017-11-20,US_IG,5Y,54.725,29,CDXIG529 Curncy
2470,2017-11-21,US_IG,5Y,53.062,29,CDXIG529 Curncy
2475,2017-11-22,US_IG,5Y,52.507,29,CDXIG529 Curncy
2484,2017-11-24,US_IG,5Y,52.332,29,CDXIG529 Curncy
2489,2017-11-27,US_IG,5Y,53.532,29,CDXIG529 Curncy
2494,2017-11-28,US_IG,5Y,52.245,29,CDXIG529 Curncy
2499,2017-11-29,US_IG,5Y,52.908,29,CDXIG529 Curncy
2504,2017-11-30,US_IG,5Y,52.088,29,CDXIG529 Curncy
2509,2017-12-01,US_IG,5Y,52.389,29,CDXIG529 Curncy
2514,2017-12-04,US_IG,5Y,51.768,29,CDXIG529 Curncy
2519,2017-12-05,US_IG,5Y,51.968,29,CDXIG529 Curncy
2524,2017-12-06,US_IG,5Y,52.316,29,CDXIG529 Curncy
2529,2017-12-07,US_IG,5Y,51.607,29,CDXIG529 Curncy
2534,2017-12-08,US_IG,5Y,50.914,29,CDXIG529 Curncy
2539,2017-12-11,US_IG,5Y,50.262,29,CDXIG529 Curncy
2544,2017-12-12,US_IG,5Y,50.525,29,CDXIG529 Curncy
2549,2017-12-13,US_IG,5Y,50.339,29,CDXIG529 Curncy
2554,2017-12-14,US_IG,5Y,51.019,29,CDXIG529 Curncy
2559,2017-12-15,US_IG,5Y,50.341,29,CDXIG529 Curncy
2564,2017-12-18,US_IG,5Y,49.52,29,CDXIG529 Curncy
2569,2017-12-19,US_IG,5Y,49.758,29,CDXIG529 Curncy
2574,2017-12-20,US_IG,5Y,49.083,29,CDXIG529 Curncy
2579,2017-12-21,US_IG,5Y,48.55,29,CDXIG529 Curncy
2584,2017-12-22,US_IG,5Y,49.482,29,CDXIG529 Curncy
2587,2017-12-26,US_IG,5Y,49.007,29,CDXIG529 Curncy
2592,2017-12-27,US_IG,5Y,48.693,29,CDXIG529 Curncy
2597,2017-12-28,US_IG,5Y,49.43,29,CDXIG529 Curncy
2602,2017-12-29,US_IG,5Y,49.02,29,CDXIG529 Curncy
2603,2017-12-29,US_HY,3Y,203.034,29,CDXHY329 BEST Curncy
2604,2017-12-29,US_HY,7Y,355.85,29,CDXHY729 BEST Curncy
2605,2017-12-29,US_HY,10Y,364.285,29,CDXHY029 BEST Curncy
2610,2018-01-01,US_HY,10Y,364.298,29,CDXHY029 BEST Curncy
2608,2018-01-01,US_HY,3Y,202.332,29,CDXHY329 BEST Curncy
2609,2018-01-01,US_HY,7Y,355.787,29,CDXHY729 BEST Curncy
2615,2018-01-02,US_IG,5Y,48.455,29,CDXIG529 Curncy
2616,2018-01-02,US_HY,3Y,202.092,29,CDXHY329 BEST Curncy
2617,2018-01-02,US_HY,7Y,355.747,29,CDXHY729 BEST Curncy
2618,2018-01-02,US_HY,10Y,364.275,29,CDXHY029 BEST Curncy
2626,2018-01-03,US_HY,10Y,364.054,29,CDXHY029 BEST Curncy
2623,2018-01-03,US_IG,5Y,47.095,29,CDXIG529 Curncy
2624,2018-01-03,US_HY,3Y,201.761,29,CDXHY329 BEST Curncy
2625,2018-01-03,US_HY,7Y,355.57,29,CDXHY729 BEST Curncy
2634,2018-01-04,US_HY,10Y,364.059,29,CDXHY029 BEST Curncy
2633,2018-01-04,US_HY,7Y,355.534,29,CDXHY729 BEST Curncy
2631,2018-01-04,US_IG,5Y,45.877,29,CDXIG529 Curncy
2632,2018-01-04,US_HY,3Y,201.501,29,CDXHY329 BEST Curncy
2641,2018-01-05,US_HY,7Y,355.371,29,CDXHY729 BEST Curncy
2639,2018-01-05,US_IG,5Y,45.518,29,CDXIG529 Curncy
2640,2018-01-05,US_HY,3Y,201.134,29,CDXHY329 BEST Curncy
2642,2018-01-05,US_HY,10Y,363.913,29,CDXHY029 BEST Curncy
2650,2018-01-08,US_HY,10Y,363.727,29,CDXHY029 BEST Curncy
2649,2018-01-08,US_HY,7Y,355.167,29,CDXHY729 BEST Curncy
2648,2018-01-08,US_HY,3Y,200.34,29,CDXHY329 BEST Curncy
2647,2018-01-08,US_IG,5Y,45.382,29,CDXIG529 Curncy
2655,2018-01-09,US_IG,5Y,46.452,29,CDXIG529 Curncy
2656,2018-01-09,US_HY,3Y,200.08,29,CDXHY329 BEST Curncy
2657,2018-01-09,US_HY,7Y,355.109,29,CDXHY729 BEST Curncy
2658,2018-01-09,US_HY,10Y,363.682,29,CDXHY029 BEST Curncy
2665,2018-01-10,US_HY,7Y,354.912,29,CDXHY729 BEST Curncy
2666,2018-01-10,US_HY,10Y,363.39,29,CDXHY029 BEST Curncy
2663,2018-01-10,US_IG,5Y,46.777,29,CDXIG529 Curncy
2664,2018-01-10,US_HY,3Y,199.802,29,CDXHY329 BEST Curncy
2671,2018-01-11,US_IG,5Y,46.832,29,CDXIG529 Curncy
2672,2018-01-11,US_HY,3Y,199.556,29,CDXHY329 BEST Curncy
2673,2018-01-11,US_HY,7Y,354.88,29,CDXHY729 BEST Curncy
2674,2018-01-11,US_HY,10Y,363.376,29,CDXHY029 BEST Curncy
2682,2018-01-12,US_HY,10Y,363.368,29,CDXHY029 BEST Curncy
2679,2018-01-12,US_IG,5Y,47.068,29,CDXIG529 Curncy
2680,2018-01-12,US_HY,3Y,199.281,29,CDXHY329 BEST Curncy
2681,2018-01-12,US_HY,7Y,354.826,29,CDXHY729 BEST Curncy
2688,2018-01-15,US_HY,7Y,354.611,29,CDXHY729 BEST Curncy
2689,2018-01-15,US_HY,10Y,363.196,29,CDXHY029 BEST Curncy
2687,2018-01-15,US_HY,3Y,198.454,29,CDXHY329 BEST Curncy
2697,2018-01-16,US_HY,10Y,363.168,29,CDXHY029 BEST Curncy
2696,2018-01-16,US_HY,7Y,354.566,29,CDXHY729 BEST Curncy
2695,2018-01-16,US_HY,3Y,198.187,29,CDXHY329 BEST Curncy
2694,2018-01-16,US_IG,5Y,48.007,29,CDXIG529 Curncy
2702,2018-01-17,US_IG,5Y,47.998,29,CDXIG529 Curncy
2703,2018-01-17,US_HY,3Y,197.9,29,CDXHY329 BEST Curncy
2704,2018-01-17,US_HY,7Y,354.481,29,CDXHY729 BEST Curncy
2705,2018-01-17,US_HY,10Y,363.11,29,CDXHY029 BEST Curncy
2710,2018-01-18,US_IG,5Y,47.992,29,CDXIG529 Curncy
2711,2018-01-18,US_HY,3Y,197.556,29,CDXHY329 BEST Curncy
2712,2018-01-18,US_HY,5Y,301.8064,29,CDXHY529 BEST Curncy
2713,2018-01-18,US_HY,7Y,354.295,29,CDXHY729 BEST Curncy
2714,2018-01-18,US_HY,10Y,362.885,29,CDXHY029 BEST Curncy
2723,2018-01-19,US_HY,10Y,362.655,29,CDXHY029 BEST Curncy
2722,2018-01-19,US_HY,7Y,354.119,29,CDXHY729 BEST Curncy
2719,2018-01-19,US_IG,5Y,47.515,29,CDXIG529 Curncy
2720,2018-01-19,US_HY,3Y,197.232,29,CDXHY329 BEST Curncy
2721,2018-01-19,US_HY,5Y,299.62,29,CDXHY529 BEST Curncy
2728,2018-01-22,US_IG,5Y,46.885,29,CDXIG529 Curncy
2729,2018-01-22,US_HY,3Y,196.376,29,CDXHY329 BEST Curncy
2730,2018-01-22,US_HY,5Y,295.9488,29,CDXHY529 BEST Curncy
2731,2018-01-22,US_HY,7Y,353.802,29,CDXHY729 BEST Curncy
2732,2018-01-22,US_HY,10Y,362.299,29,CDXHY029 BEST Curncy
2741,2018-01-23,US_HY,10Y,362.236,29,CDXHY029 BEST Curncy
2740,2018-01-23,US_HY,7Y,353.733,29,CDXHY729 BEST Curncy
2737,2018-01-23,US_IG,5Y,46.07,29,CDXIG529 Curncy
2738,2018-01-23,US_HY,3Y,196.118,29,CDXHY329 BEST Curncy
2739,2018-01-23,US_HY,5Y,293.8694,29,CDXHY529 BEST Curncy
2746,2018-01-24,US_IG,5Y,46.575,29,CDXIG529 Curncy
2747,2018-01-24,US_HY,3Y,196.003,29,CDXHY329 BEST Curncy
2748,2018-01-24,US_HY,5Y,296.3902,29,CDXHY529 BEST Curncy
2749,2018-01-24,US_HY,7Y,353.889,29,CDXHY729 BEST Curncy
2750,2018-01-24,US_HY,10Y,362.492,29,CDXHY029 BEST Curncy
2759,2018-01-25,US_HY,10Y,362.331,29,CDXHY029 BEST Curncy
2758,2018-01-25,US_HY,7Y,353.76,29,CDXHY729 BEST Curncy
2757,2018-01-25,US_HY,5Y,295.565,29,CDXHY529 BEST Curncy
2755,2018-01-25,US_IG,5Y,46.21,29,CDXIG529 Curncy
2756,2018-01-25,US_HY,3Y,195.7,29,CDXHY329 BEST Curncy
2764,2018-01-26,US_IG,5Y,45.257,29,CDXIG529 Curncy
2765,2018-01-26,US_HY,3Y,195.434,29,CDXHY329 BEST Curncy
2766,2018-01-26,US_HY,5Y,292.0367,29,CDXHY529 BEST Curncy
2767,2018-01-26,US_HY,7Y,353.763,29,CDXHY729 BEST Curncy
2768,2018-01-26,US_HY,10Y,362.412,29,CDXHY029 BEST Curncy
2776,2018-01-29,US_HY,7Y,353.416,29,CDXHY729 BEST Curncy
2777,2018-01-29,US_HY,10Y,362.078,29,CDXHY029 BEST Curncy
2775,2018-01-29,US_HY,5Y,296.4568,29,CDXHY529 BEST Curncy
2774,2018-01-29,US_HY,3Y,194.487,29,CDXHY329 BEST Curncy
2773,2018-01-29,US_IG,5Y,46.543,29,CDXIG529 Curncy
2782,2018-01-30,US_IG,5Y,47.168,29,CDXIG529 Curncy
2783,2018-01-30,US_HY,3Y,194.197,29,CDXHY329 BEST Curncy
2784,2018-01-30,US_HY,5Y,300.9832,29,CDXHY529 BEST Curncy
2785,2018-01-30,US_HY,7Y,353.304,29,CDXHY729 BEST Curncy
2786,2018-01-30,US_HY,10Y,361.93,29,CDXHY029 BEST Curncy
2795,2018-01-31,US_HY,10Y,361.78,29,CDXHY029 BEST Curncy
2794,2018-01-31,US_HY,7Y,353.184,29,CDXHY729 BEST Curncy
2793,2018-01-31,US_HY,5Y,301.4976,29,CDXHY529 BEST Curncy
2792,2018-01-31,US_HY,3Y,193.929,29,CDXHY329 BEST Curncy
2791,2018-01-31,US_IG,5Y,47.28,29,CDXIG529 Curncy
2800,2018-02-01,US_IG,5Y,48.018,29,CDXIG529 Curncy
2801,2018-02-01,US_HY,3Y,193.618,29,CDXHY329 BEST Curncy
2802,2018-02-01,US_HY,5Y,306.9722,29,CDXHY529 BEST Curncy
2803,2018-02-01,US_HY,7Y,353.059,29,CDXHY729 BEST Curncy
2804,2018-02-01,US_HY,10Y,361.68,29,CDXHY029 BEST Curncy
2812,2018-02-02,US_HY,7Y,352.819,29,CDXHY729 BEST Curncy
2811,2018-02-02,US_HY,5Y,321.232,29,CDXHY529 BEST Curncy
2813,2018-02-02,US_HY,10Y,361.349,29,CDXHY029 BEST Curncy
2809,2018-02-02,US_IG,5Y,50.38,29,CDXIG529 Curncy
2810,2018-02-02,US_HY,3Y,193.254,29,CDXHY329 BEST Curncy
2818,2018-02-05,US_IG,5Y,55.762,29,CDXIG529 Curncy
2819,2018-02-05,US_HY,3Y,192.404,29,CDXHY329 BEST Curncy
2820,2018-02-05,US_HY,5Y,335.3409,29,CDXHY529 BEST Curncy
2821,2018-02-05,US_HY,7Y,352.572,29,CDXHY729 BEST Curncy
2822,2018-02-05,US_HY,10Y,361.077,29,CDXHY029 BEST Curncy
2831,2018-02-06,US_HY,10Y,361.574,29,CDXHY029 BEST Curncy
2829,2018-02-06,US_HY,5Y,323.5542,29,CDXHY529 BEST Curncy
2830,2018-02-06,US_HY,7Y,352.925,29,CDXHY729 BEST Curncy
2827,2018-02-06,US_IG,5Y,52.982,29,CDXIG529 Curncy
2828,2018-02-06,US_HY,3Y,192.409,29,CDXHY329 BEST Curncy
2836,2018-02-07,US_IG,5Y,55.073,29,CDXIG529 Curncy
2837,2018-02-07,US_HY,3Y,192.061,29,CDXHY329 BEST Curncy
2838,2018-02-07,US_HY,5Y,335.0005,29,CDXHY529 BEST Curncy
2839,2018-02-07,US_HY,7Y,352.72,29,CDXHY729 BEST Curncy
2840,2018-02-07,US_HY,10Y,361.332,29,CDXHY029 BEST Curncy
2848,2018-02-08,US_HY,7Y,352.562,29,CDXHY729 BEST Curncy
2845,2018-02-08,US_IG,5Y,60.101,29,CDXIG529 Curncy
2846,2018-02-08,US_HY,3Y,191.743,29,CDXHY329 BEST Curncy
2847,2018-02-08,US_HY,5Y,355.1951,29,CDXHY529 BEST Curncy
2849,2018-02-08,US_HY,10Y,361.133,29,CDXHY029 BEST Curncy
2858,2018-02-09,US_HY,10Y,361.156,29,CDXHY029 BEST Curncy
2856,2018-02-09,US_HY,5Y,353.9766,29,CDXHY529 BEST Curncy
2857,2018-02-09,US_HY,7Y,352.577,29,CDXHY729 BEST Curncy
2855,2018-02-09,US_HY,3Y,191.498,29,CDXHY329 BEST Curncy
2854,2018-02-09,US_IG,5Y,60.305,29,CDXIG529 Curncy
2863,2018-02-12,US_IG,5Y,57.531,29,CDXIG529 Curncy
2864,2018-02-12,US_HY,3Y,190.69,29,CDXHY329 BEST Curncy
2865,2018-02-12,US_HY,5Y,341.198,29,CDXHY529 BEST Curncy
2866,2018-02-12,US_HY,7Y,352.447,29,CDXHY729 BEST Curncy
2867,2018-02-12,US_HY,10Y,361.082,29,CDXHY029 BEST Curncy
2876,2018-02-13,US_HY,10Y,360.992,29,CDXHY029 BEST Curncy
2875,2018-02-13,US_HY,7Y,352.335,29,CDXHY729 BEST Curncy
2874,2018-02-13,US_HY,5Y,344.4102,29,CDXHY529 BEST Curncy
2873,2018-02-13,US_HY,3Y,190.361,29,CDXHY329 BEST Curncy
2872,2018-02-13,US_IG,5Y,58.036,29,CDXIG529 Curncy
2881,2018-02-14,US_IG,5Y,56.17,29,CDXIG529 Curncy
2882,2018-02-14,US_HY,3Y,190.144,29,CDXHY329 BEST Curncy
2883,2018-02-14,US_HY,5Y,339.4599,29,CDXHY529 BEST Curncy
2884,2018-02-14,US_HY,7Y,352.371,29,CDXHY729 BEST Curncy
2885,2018-02-14,US_HY,10Y,361.081,29,CDXHY029 BEST Curncy
2893,2018-02-15,US_HY,7Y,351.922,29,CDXHY729 BEST Curncy
2892,2018-02-15,US_HY,5Y,323.8907,29,CDXHY529 BEST Curncy
2894,2018-02-15,US_HY,10Y,360.557,29,CDXHY029 BEST Curncy
2890,2018-02-15,US_IG,5Y,52.971,29,CDXIG529 Curncy
2891,2018-02-15,US_HY,3Y,189.594,29,CDXHY329 BEST Curncy
2899,2018-02-16,US_IG,5Y,51.382,29,CDXIG529 Curncy
2900,2018-02-16,US_HY,3Y,189.215,29,CDXHY329 BEST Curncy
2901,2018-02-16,US_HY,5Y,319.5954,29,CDXHY529 BEST Curncy
2902,2018-02-16,US_HY,7Y,351.826,29,CDXHY729 BEST Curncy
2903,2018-02-16,US_HY,10Y,360.504,29,CDXHY029 BEST Curncy
2908,2018-02-19,US_HY,3Y,188.398,29,CDXHY329 BEST Curncy
2909,2018-02-19,US_HY,5Y,317.7891,29,CDXHY529 BEST Curncy
2910,2018-02-19,US_HY,7Y,351.761,29,CDXHY729 BEST Curncy
2911,2018-02-19,US_HY,10Y,360.552,29,CDXHY029 BEST Curncy
2920,2018-02-20,US_HY,10Y,360.532,29,CDXHY029 BEST Curncy
2919,2018-02-20,US_HY,7Y,351.722,29,CDXHY729 BEST Curncy
2916,2018-02-20,US_IG,5Y,54.5,29,CDXIG529 Curncy
2917,2018-02-20,US_HY,3Y,188.135,29,CDXHY329 BEST Curncy
2918,2018-02-20,US_HY,5Y,328.3054,29,CDXHY529 BEST Curncy
2925,2018-02-21,US_IG,5Y,55.68,29,CDXIG529 Curncy
2926,2018-02-21,US_HY,3Y,187.803,29,CDXHY329 BEST Curncy
2927,2018-02-21,US_HY,5Y,335.9712,29,CDXHY529 BEST Curncy
2928,2018-02-21,US_HY,7Y,351.603,29,CDXHY729 BEST Curncy
2929,2018-02-21,US_HY,10Y,360.415,29,CDXHY029 BEST Curncy
2938,2018-02-22,US_HY,10Y,360.079,29,CDXHY029 BEST Curncy
2937,2018-02-22,US_HY,7Y,351.328,29,CDXHY729 BEST Curncy
2936,2018-02-22,US_HY,5Y,338.9891,29,CDXHY529 BEST Curncy
2935,2018-02-22,US_HY,3Y,187.379,29,CDXHY329 BEST Curncy
2934,2018-02-22,US_IG,5Y,57.03,29,CDXIG529 Curncy
2943,2018-02-23,US_IG,5Y,55.314,29,CDXIG529 Curncy
2944,2018-02-23,US_HY,3Y,187.167,29,CDXHY329 BEST Curncy
2945,2018-02-23,US_HY,5Y,328.9727,29,CDXHY529 BEST Curncy
2946,2018-02-23,US_HY,7Y,351.389,29,CDXHY729 BEST Curncy
2947,2018-02-23,US_HY,10Y,360.19,29,CDXHY029 BEST Curncy
2956,2018-02-26,US_HY,10Y,360.37,29,CDXHY029 BEST Curncy
2955,2018-02-26,US_HY,7Y,351.415,29,CDXHY729 BEST Curncy
2954,2018-02-26,US_HY,5Y,321.6381,29,CDXHY529 BEST Curncy
2953,2018-02-26,US_HY,3Y,186.405,29,CDXHY329 BEST Curncy
2952,2018-02-26,US_IG,5Y,53.32,29,CDXIG529 Curncy
2961,2018-02-27,US_IG,5Y,55.277,29,CDXIG529 Curncy
2962,2018-02-27,US_HY,3Y,186.144,29,CDXHY329 BEST Curncy
2963,2018-02-27,US_HY,5Y,329.1529,29,CDXHY529 BEST Curncy
2964,2018-02-27,US_HY,7Y,351.427,29,CDXHY729 BEST Curncy
2965,2018-02-27,US_HY,10Y,360.417,29,CDXHY029 BEST Curncy
2973,2018-02-28,US_HY,7Y,351.129,29,CDXHY729 BEST Curncy
2972,2018-02-28,US_HY,5Y,334.6437,29,CDXHY529 BEST Curncy
2974,2018-02-28,US_HY,10Y,360.094,29,CDXHY029 BEST Curncy
2970,2018-02-28,US_IG,5Y,56.256,29,CDXIG529 Curncy
2971,2018-02-28,US_HY,3Y,185.706,29,CDXHY329 BEST Curncy
2979,2018-03-01,US_IG,5Y,57.787,29,CDXIG529 Curncy
2980,2018-03-01,US_HY,3Y,185.474,29,CDXHY329 BEST Curncy
2981,2018-03-01,US_HY,5Y,341.9257,29,CDXHY529 BEST Curncy
2982,2018-03-01,US_HY,7Y,351.192,29,CDXHY729 BEST Curncy
2983,2018-03-01,US_HY,10Y,360.228,29,CDXHY029 BEST Curncy
2991,2018-03-02,US_HY,7Y,351.443,29,CDXHY729 BEST Curncy
2990,2018-03-02,US_HY,5Y,341.7214,29,CDXHY529 BEST Curncy
2992,2018-03-02,US_HY,10Y,360.575,29,CDXHY029 BEST Curncy
2988,2018-03-02,US_IG,5Y,55.924,29,CDXIG529 Curncy
2989,2018-03-02,US_HY,3Y,185.411,29,CDXHY329 BEST Curncy
2997,2018-03-05,US_IG,5Y,55.361,29,CDXIG529 Curncy
2998,2018-03-05,US_HY,3Y,184.494,29,CDXHY329 BEST Curncy
2999,2018-03-05,US_HY,5Y,334.5252,29,CDXHY529 BEST Curncy
3000,2018-03-05,US_HY,7Y,351.111,29,CDXHY729 BEST Curncy
3001,2018-03-05,US_HY,10Y,360.208,29,CDXHY029 BEST Curncy
3006,2018-03-06,US_IG,5Y,56.262,29,CDXIG529 Curncy
3007,2018-03-06,US_HY,3Y,184.181,29,CDXHY329 BEST Curncy
3008,2018-03-06,US_HY,5Y,335.505,29,CDXHY529 BEST Curncy
3009,2018-03-06,US_HY,7Y,351.015,29,CDXHY729 BEST Curncy
3010,2018-03-06,US_HY,10Y,360.106,29,CDXHY029 BEST Curncy
3019,2018-03-07,US_HY,10Y,360.058,29,CDXHY029 BEST Curncy
3018,2018-03-07,US_HY,7Y,350.927,29,CDXHY729 BEST Curncy
3015,2018-03-07,US_IG,5Y,56.77,29,CDXIG529 Curncy
3016,2018-03-07,US_HY,3Y,183.862,29,CDXHY329 BEST Curncy
3017,2018-03-07,US_HY,5Y,338.867,29,CDXHY529 BEST Curncy
3024,2018-03-08,US_IG,5Y,56.12,29,CDXIG529 Curncy
3025,2018-03-08,US_HY,3Y,183.563,29,CDXHY329 BEST Curncy
3026,2018-03-08,US_HY,5Y,337.6936,29,CDXHY529 BEST Curncy
3027,2018-03-08,US_HY,7Y,350.856,29,CDXHY729 BEST Curncy
3028,2018-03-08,US_HY,10Y,359.985,29,CDXHY029 BEST Curncy
3037,2018-03-09,US_HY,10Y,360.019,29,CDXHY029 BEST Curncy
3036,2018-03-09,US_HY,7Y,350.834,29,CDXHY729 BEST Curncy
3035,2018-03-09,US_HY,5Y,327.743,29,CDXHY529 BEST Curncy
3034,2018-03-09,US_HY,3Y,183.261,29,CDXHY329 BEST Curncy
3033,2018-03-09,US_IG,5Y,54.339,29,CDXIG529 Curncy
3042,2018-03-12,US_IG,5Y,53.747,29,CDXIG529 Curncy
3043,2018-03-12,US_HY,3Y,182.314,29,CDXHY329 BEST Curncy
3044,2018-03-12,US_HY,5Y,327.9288,29,CDXHY529 BEST Curncy
3045,2018-03-12,US_HY,7Y,350.558,29,CDXHY729 BEST Curncy
3046,2018-03-12,US_HY,10Y,359.755,29,CDXHY029 BEST Curncy
3055,2018-03-13,US_HY,10Y,359.799,29,CDXHY029 BEST Curncy
3053,2018-03-13,US_HY,5Y,328.8154,29,CDXHY529 BEST Curncy
3054,2018-03-13,US_HY,7Y,350.533,29,CDXHY729 BEST Curncy
3051,2018-03-13,US_IG,5Y,54.339,29,CDXIG529 Curncy
3052,2018-03-13,US_HY,3Y,181.973,29,CDXHY329 BEST Curncy
3060,2018-03-14,US_IG,5Y,55.059,29,CDXIG529 Curncy
3061,2018-03-14,US_HY,3Y,181.743,29,CDXHY329 BEST Curncy
3062,2018-03-14,US_HY,5Y,332.0247,29,CDXHY529 BEST Curncy
3063,2018-03-14,US_HY,7Y,350.528,29,CDXHY729 BEST Curncy
3064,2018-03-14,US_HY,10Y,359.826,29,CDXHY029 BEST Curncy
3072,2018-03-15,US_HY,7Y,350.543,29,CDXHY729 BEST Curncy
3073,2018-03-15,US_HY,10Y,359.898,29,CDXHY029 BEST Curncy
3070,2018-03-15,US_HY,3Y,181.482,29,CDXHY329 BEST Curncy
3069,2018-03-15,US_IG,5Y,54.901,29,CDXIG529 Curncy
3071,2018-03-15,US_HY,5Y,332.1609,29,CDXHY529 BEST Curncy
3082,2018-03-16,US_HY,10Y,359.887,29,CDXHY029 BEST Curncy
3078,2018-03-16,US_IG,5Y,53.538,29,CDXIG529 Curncy
3079,2018-03-16,US_HY,3Y,181.192,29,CDXHY329 BEST Curncy
3080,2018-03-16,US_HY,5Y,326.9843,29,CDXHY529 BEST Curncy
3081,2018-03-16,US_HY,7Y,350.507,29,CDXHY729 BEST Curncy
3089,2018-03-19,US_HY,5Y,333.8166,29,CDXHY529 BEST Curncy
3090,2018-03-19,US_HY,7Y,350.191,29,CDXHY729 BEST Curncy
3087,2018-03-19,US_IG,5Y,54.876,29,CDXIG529 Curncy
3088,2018-03-19,US_HY,3Y,180.173,29,CDXHY329 BEST Curncy
3091,2018-03-19,US_HY,10Y,359.6,29,CDXHY029 BEST Curncy
3096,2018-03-20,US_IG,5Y,62.843,30,CDXIG530 Curncy
3101,2018-03-21,US_IG,5Y,61.6,30,CDXIG530 Curncy
3106,2018-03-22,US_IG,5Y,65.67,30,CDXIG530 Curncy
3111,2018-03-23,US_IG,5Y,68.982,30,CDXIG530 Curncy
3116,2018-03-26,US_IG,5Y,65.078,30,CDXIG530 Curncy
3121,2018-03-27,US_IG,5Y,67.376,30,CDXIG530 Curncy
3122,2018-03-27,US_HY,5Y,365.8553,30,CDXHY530 BEST Curncy
3127,2018-03-28,US_IG,5Y,67.346,30,CDXIG530 Curncy
3128,2018-03-28,US_HY,5Y,370.6139,30,CDXHY530 BEST Curncy
3134,2018-03-29,US_HY,5Y,360.6823,30,CDXHY530 BEST Curncy
3133,2018-03-29,US_IG,5Y,65.557,30,CDXIG530 Curncy
3137,2018-03-30,US_HY,5Y,360.3727,30,CDXHY530 BEST Curncy
3138,2018-04-02,US_IG,5Y,67.62,30,CDXIG530 Curncy
3139,2018-04-02,US_HY,5Y,369.3405,30,CDXHY530 BEST Curncy
3144,2018-04-03,US_IG,5Y,66.447,30,CDXIG530 Curncy
3145,2018-04-03,US_HY,5Y,363.7502,30,CDXHY530 BEST Curncy
3150,2018-04-04,US_IG,5Y,63.776,30,CDXIG530 Curncy
3151,2018-04-04,US_HY,5Y,354.4278,30,CDXHY530 BEST Curncy
3156,2018-04-05,US_IG,5Y,63.193,30,CDXIG530 Curncy
3157,2018-04-05,US_HY,5Y,349.7729,30,CDXHY530 BEST Curncy
3163,2018-04-06,US_HY,5Y,359.0312,30,CDXHY530 BEST Curncy
3162,2018-04-06,US_IG,5Y,65.299,30,CDXIG530 Curncy
3168,2018-04-09,US_IG,5Y,64.932,30,CDXIG530 Curncy
3169,2018-04-09,US_HY,5Y,356.2328,30,CDXHY530 BEST Curncy
3174,2018-04-10,US_IG,5Y,62.817,30,CDXIG530 Curncy
3175,2018-04-10,US_HY,5Y,348.6325,30,CDXHY530 BEST Curncy
3180,2018-04-11,US_IG,5Y,63.385,30,CDXIG530 Curncy
3181,2018-04-11,US_HY,5Y,350.2919,30,CDXHY530 BEST Curncy
3186,2018-04-12,US_IG,5Y,61.723,30,CDXIG530 Curncy
3187,2018-04-12,US_HY,5Y,343.4437,30,CDXHY530 BEST Curncy
3193,2018-04-13,US_HY,3Y,252.458,30,CDXHY330 BEST Curncy
3196,2018-04-13,US_HY,10Y,378.723,30,CDXHY030 BEST Curncy
3195,2018-04-13,US_HY,7Y,374.017,30,CDXHY730 BEST Curncy
3192,2018-04-13,US_IG,5Y,61.339,30,CDXIG530 Curncy
3194,2018-04-13,US_HY,5Y,339.7483,30,CDXHY530 BEST Curncy
3204,2018-04-16,US_HY,7Y,366.749,30,CDXHY730 BEST Curncy
3201,2018-04-16,US_IG,5Y,59.338,30,CDXIG530 Curncy
3202,2018-04-16,US_HY,3Y,247.504,30,CDXHY330 BEST Curncy
3203,2018-04-16,US_HY,5Y,330.8403,30,CDXHY530 BEST Curncy
3205,2018-04-16,US_HY,10Y,371.335,30,CDXHY030 BEST Curncy
3213,2018-04-17,US_HY,7Y,363.395,30,CDXHY730 BEST Curncy
3214,2018-04-17,US_HY,10Y,367.938,30,CDXHY030 BEST Curncy
3212,2018-04-17,US_HY,5Y,332.3517,30,CDXHY530 BEST Curncy
3211,2018-04-17,US_HY,3Y,245.204,30,CDXHY330 BEST Curncy
3210,2018-04-17,US_IG,5Y,59.264,30,CDXIG530 Curncy
3219,2018-04-18,US_IG,5Y,59.315,30,CDXIG530 Curncy
3220,2018-04-18,US_HY,3Y,247.478,30,CDXHY330 BEST Curncy
3221,2018-04-18,US_HY,5Y,333.2005,30,CDXHY530 BEST Curncy
3222,2018-04-18,US_HY,7Y,366.701,30,CDXHY730 BEST Curncy
3223,2018-04-18,US_HY,10Y,371.247,30,CDXHY030 BEST Curncy
3228,2018-04-19,US_IG,5Y,60.125,30,CDXIG530 Curncy
3229,2018-04-19,US_HY,3Y,252.573,30,CDXHY330 BEST Curncy
3230,2018-04-19,US_HY,5Y,337.0204,30,CDXHY530 BEST Curncy
3231,2018-04-19,US_HY,7Y,374.131,30,CDXHY730 BEST Curncy
3232,2018-04-19,US_HY,10Y,378.748,30,CDXHY030 BEST Curncy
3241,2018-04-20,US_HY,10Y,379.003,30,CDXHY030 BEST Curncy
3240,2018-04-20,US_HY,7Y,374.347,30,CDXHY730 BEST Curncy
3237,2018-04-20,US_IG,5Y,60.874,30,CDXIG530 Curncy
3238,2018-04-20,US_HY,3Y,252.78,30,CDXHY330 BEST Curncy
3239,2018-04-20,US_HY,5Y,340.4766,30,CDXHY530 BEST Curncy
3246,2018-04-23,US_IG,5Y,61.76,30,CDXIG530 Curncy
3247,2018-04-23,US_HY,3Y,258.298,30,CDXHY330 BEST Curncy
3248,2018-04-23,US_HY,5Y,346.2631,30,CDXHY530 BEST Curncy
3249,2018-04-23,US_HY,7Y,382.947,30,CDXHY730 BEST Curncy
3250,2018-04-23,US_HY,10Y,389.319,30,CDXHY030 BEST Curncy
3259,2018-04-24,US_HY,10Y,395.523,30,CDXHY030 BEST Curncy
3258,2018-04-24,US_HY,7Y,389.104,30,CDXHY730 BEST Curncy
3255,2018-04-24,US_IG,5Y,62.275,30,CDXIG530 Curncy
3256,2018-04-24,US_HY,3Y,262.531,30,CDXHY330 BEST Curncy
3257,2018-04-24,US_HY,5Y,348.5735,30,CDXHY530 BEST Curncy
3264,2018-04-25,US_IG,5Y,61.533,30,CDXIG530 Curncy
3265,2018-04-25,US_HY,3Y,262.319,30,CDXHY330 BEST Curncy
3266,2018-04-25,US_HY,5Y,346.8729,30,CDXHY530 BEST Curncy
3267,2018-04-25,US_HY,7Y,388.768,30,CDXHY730 BEST Curncy
3268,2018-04-25,US_HY,10Y,395.16,30,CDXHY030 BEST Curncy
3277,2018-04-26,US_HY,10Y,381.882,30,CDXHY030 BEST Curncy
3276,2018-04-26,US_HY,7Y,375.656,30,CDXHY730 BEST Curncy
3275,2018-04-26,US_HY,5Y,336.6634,30,CDXHY530 BEST Curncy
3273,2018-04-26,US_IG,5Y,60.093,30,CDXIG530 Curncy
3274,2018-04-26,US_HY,3Y,253.375,30,CDXHY330 BEST Curncy
3282,2018-04-27,US_IG,5Y,60.154,30,CDXIG530 Curncy
3283,2018-04-27,US_HY,3Y,251.76,30,CDXHY330 BEST Curncy
3284,2018-04-27,US_HY,5Y,337.6749,30,CDXHY530 BEST Curncy
3285,2018-04-27,US_HY,7Y,373.373,30,CDXHY730 BEST Curncy
3286,2018-04-27,US_HY,10Y,379.545,30,CDXHY030 BEST Curncy
3295,2018-04-30,US_HY,10Y,381.439,30,CDXHY030 BEST Curncy
3294,2018-04-30,US_HY,7Y,374.61,30,CDXHY730 BEST Curncy
3291,2018-04-30,US_IG,5Y,60.698,30,CDXIG530 Curncy
3292,2018-04-30,US_HY,3Y,252.407,30,CDXHY330 BEST Curncy
3293,2018-04-30,US_HY,5Y,338.8185,30,CDXHY530 BEST Curncy
3300,2018-05-01,US_IG,5Y,60.792,30,CDXIG530 Curncy
3301,2018-05-01,US_HY,3Y,254.654,30,CDXHY330 BEST Curncy
3302,2018-05-01,US_HY,5Y,336.8511,30,CDXHY530 BEST Curncy
3303,2018-05-01,US_HY,7Y,377.931,30,CDXHY730 BEST Curncy
3304,2018-05-01,US_HY,10Y,384.788,30,CDXHY030 BEST Curncy
3313,2018-05-02,US_HY,10Y,380.173,30,CDXHY030 BEST Curncy
3312,2018-05-02,US_HY,7Y,373.383,30,CDXHY730 BEST Curncy
3309,2018-05-02,US_IG,5Y,61.507,30,CDXIG530 Curncy
3310,2018-05-02,US_HY,3Y,251.607,30,CDXHY330 BEST Curncy
3311,2018-05-02,US_HY,5Y,341.3648,30,CDXHY530 BEST Curncy
3318,2018-05-03,US_IG,5Y,62.349,30,CDXIG530 Curncy
3319,2018-05-03,US_HY,3Y,257.729,30,CDXHY330 BEST Curncy
3320,2018-05-03,US_HY,5Y,344.4271,30,CDXHY530 BEST Curncy
3321,2018-05-03,US_HY,7Y,382.4,30,CDXHY730 BEST Curncy
3322,2018-05-03,US_HY,10Y,389.289,30,CDXHY030 BEST Curncy
3330,2018-05-04,US_HY,7Y,377.279,30,CDXHY730 BEST Curncy
3331,2018-05-04,US_HY,10Y,384.073,30,CDXHY030 BEST Curncy
3329,2018-05-04,US_HY,5Y,341.3624,30,CDXHY530 BEST Curncy
3327,2018-05-04,US_IG,5Y,61.606,30,CDXIG530 Curncy
3328,2018-05-04,US_HY,3Y,254.216,30,CDXHY330 BEST Curncy
3334,2018-05-07,US_IG,5Y,62.035,30,CDXIG530 Curncy
3335,2018-05-07,US_HY,3Y,252.902,30,CDXHY330 BEST Curncy
3336,2018-05-07,US_HY,5Y,340.8536,30,CDXHY530 BEST Curncy
3337,2018-05-07,US_HY,7Y,375.352,30,CDXHY730 BEST Curncy
3338,2018-05-07,US_HY,10Y,382.049,30,CDXHY030 BEST Curncy
3347,2018-05-08,US_HY,10Y,386.924,30,CDXHY030 BEST Curncy
3346,2018-05-08,US_HY,7Y,380.172,30,CDXHY730 BEST Curncy
3345,2018-05-08,US_HY,5Y,342.6954,30,CDXHY530 BEST Curncy
3343,2018-05-08,US_IG,5Y,62.434,30,CDXIG530 Curncy
3344,2018-05-08,US_HY,3Y,256.217,30,CDXHY330 BEST Curncy
3352,2018-05-09,US_IG,5Y,61.252,30,CDXIG530 Curncy
3353,2018-05-09,US_HY,3Y,251.691,30,CDXHY330 BEST Curncy
3354,2018-05-09,US_HY,5Y,338.2716,30,CDXHY530 BEST Curncy
3355,2018-05-09,US_HY,7Y,374.016,30,CDXHY730 BEST Curncy
3356,2018-05-09,US_HY,10Y,382.012,30,CDXHY030 BEST Curncy
3365,2018-05-10,US_HY,10Y,375.741,30,CDXHY030 BEST Curncy
3363,2018-05-10,US_HY,5Y,331.2523,30,CDXHY530 BEST Curncy
3364,2018-05-10,US_HY,7Y,367.856,30,CDXHY730 BEST Curncy
3361,2018-05-10,US_IG,5Y,59.521,30,CDXIG530 Curncy
3362,2018-05-10,US_HY,3Y,247.497,30,CDXHY330 BEST Curncy
3370,2018-05-11,US_IG,5Y,59.294,30,CDXIG530 Curncy
3371,2018-05-11,US_HY,3Y,247.19,30,CDXHY330 BEST Curncy
3372,2018-05-11,US_HY,5Y,331.6725,30,CDXHY530 BEST Curncy
3373,2018-05-11,US_HY,7Y,367.443,30,CDXHY730 BEST Curncy
3374,2018-05-11,US_HY,10Y,375.299,30,CDXHY030 BEST Curncy
3381,2018-05-14,US_HY,5Y,332.6391,30,CDXHY530 BEST Curncy
3383,2018-05-14,US_HY,10Y,377.313,30,CDXHY030 BEST Curncy
3382,2018-05-14,US_HY,7Y,369.494,30,CDXHY730 BEST Curncy
3380,2018-05-14,US_HY,3Y,248.604,30,CDXHY330 BEST Curncy
3379,2018-05-14,US_IG,5Y,59.648,30,CDXIG530 Curncy
3388,2018-05-15,US_IG,5Y,61.275,30,CDXIG530 Curncy
3389,2018-05-15,US_HY,3Y,253.631,30,CDXHY330 BEST Curncy
3390,2018-05-15,US_HY,5Y,340.9235,30,CDXHY530 BEST Curncy
3391,2018-05-15,US_HY,7Y,376.848,30,CDXHY730 BEST Curncy
3392,2018-05-15,US_HY,10Y,384.776,30,CDXHY030 BEST Curncy
3401,2018-05-16,US_HY,10Y,383.729,30,CDXHY030 BEST Curncy
3400,2018-05-16,US_HY,7Y,375.827,30,CDXHY730 BEST Curncy
3399,2018-05-16,US_HY,5Y,338.3964,30,CDXHY530 BEST Curncy
3398,2018-05-16,US_HY,3Y,253.049,30,CDXHY330 BEST Curncy
3397,2018-05-16,US_IG,5Y,60.93,30,CDXIG530 Curncy
3406,2018-05-17,US_IG,5Y,60.906,30,CDXIG530 Curncy
3407,2018-05-17,US_HY,3Y,254.721,30,CDXHY330 BEST Curncy
3408,2018-05-17,US_HY,5Y,339.4336,30,CDXHY530 BEST Curncy
3409,2018-05-17,US_HY,7Y,378.231,30,CDXHY730 BEST Curncy
3410,2018-05-17,US_HY,10Y,386.181,30,CDXHY030 BEST Curncy
3419,2018-05-18,US_HY,10Y,384.856,30,CDXHY030 BEST Curncy
3418,2018-05-18,US_HY,7Y,376.82,30,CDXHY730 BEST Curncy
3417,2018-05-18,US_HY,5Y,341.0747,30,CDXHY530 BEST Curncy
3416,2018-05-18,US_HY,3Y,253.73,30,CDXHY330 BEST Curncy
3415,2018-05-18,US_IG,5Y,61.884,30,CDXIG530 Curncy
3424,2018-05-21,US_IG,5Y,61.792,30,CDXIG530 Curncy
3425,2018-05-21,US_HY,3Y,243.078,30,CDXHY330 BEST Curncy
3426,2018-05-21,US_HY,5Y,338.1822,30,CDXHY530 BEST Curncy
3427,2018-05-21,US_HY,7Y,379.399,30,CDXHY730 BEST Curncy
3428,2018-05-21,US_HY,10Y,389.668,30,CDXHY030 BEST Curncy
3437,2018-05-22,US_HY,10Y,386.777,30,CDXHY030 BEST Curncy
3435,2018-05-22,US_HY,5Y,336.8629,30,CDXHY530 BEST Curncy
3436,2018-05-22,US_HY,7Y,376.587,30,CDXHY730 BEST Curncy
3433,2018-05-22,US_IG,5Y,61.574,30,CDXIG530 Curncy
3434,2018-05-22,US_HY,3Y,241.264,30,CDXHY330 BEST Curncy
3446,2018-05-23,US_HY,10Y,387.587,30,CDXHY030 BEST Curncy
3445,2018-05-23,US_HY,7Y,377.403,30,CDXHY730 BEST Curncy
3442,2018-05-23,US_IG,5Y,61.933,30,CDXIG530 Curncy
3443,2018-05-23,US_HY,3Y,241.828,30,CDXHY330 BEST Curncy
3444,2018-05-23,US_HY,5Y,336.1955,30,CDXHY530 BEST Curncy
3451,2018-05-24,US_IG,5Y,62.139,30,CDXIG530 Curncy
3452,2018-05-24,US_HY,3Y,242.184,30,CDXHY330 BEST Curncy
3453,2018-05-24,US_HY,5Y,337.8258,30,CDXHY530 BEST Curncy
3454,2018-05-24,US_HY,7Y,378.075,30,CDXHY730 BEST Curncy
3455,2018-05-24,US_HY,10Y,388.229,30,CDXHY030 BEST Curncy
3460,2018-05-25,US_IG,5Y,63.221,30,CDXIG530 Curncy
3462,2018-05-25,US_HY,5Y,343.3441,30,CDXHY530 BEST Curncy
3463,2018-05-25,US_HY,7Y,383.811,30,CDXHY730 BEST Curncy
3464,2018-05-25,US_HY,10Y,392.119,30,CDXHY030 BEST Curncy
3461,2018-05-25,US_HY,3Y,246.418,30,CDXHY330 BEST Curncy
3467,2018-05-28,US_HY,3Y,246.681,30,CDXHY330 BEST Curncy
3468,2018-05-28,US_HY,5Y,343.5145,30,CDXHY530 BEST Curncy
3469,2018-05-28,US_HY,7Y,384.068,30,CDXHY730 BEST Curncy
3470,2018-05-28,US_HY,10Y,392.239,30,CDXHY030 BEST Curncy
3478,2018-05-29,US_HY,7Y,402.914,30,CDXHY730 BEST Curncy
3479,2018-05-29,US_HY,10Y,411.363,30,CDXHY030 BEST Curncy
3477,2018-05-29,US_HY,5Y,360.3983,30,CDXHY530 BEST Curncy
3475,2018-05-29,US_IG,5Y,67.378,30,CDXIG530 Curncy
3476,2018-05-29,US_HY,3Y,258.995,30,CDXHY330 BEST Curncy
3484,2018-05-30,US_IG,5Y,65.181,30,CDXIG530 Curncy
3485,2018-05-30,US_HY,3Y,250.521,30,CDXHY330 BEST Curncy
3486,2018-05-30,US_HY,5Y,350.8651,30,CDXHY530 BEST Curncy
3487,2018-05-30,US_HY,7Y,390.062,30,CDXHY730 BEST Curncy
3488,2018-05-30,US_HY,10Y,398.212,30,CDXHY030 BEST Curncy
3497,2018-05-31,US_HY,10Y,402.014,30,CDXHY030 BEST Curncy
3496,2018-05-31,US_HY,7Y,394.665,30,CDXHY730 BEST Curncy
3494,2018-05-31,US_HY,3Y,253.754,30,CDXHY330 BEST Curncy
3493,2018-05-31,US_IG,5Y,66.808,30,CDXIG530 Curncy
3495,2018-05-31,US_HY,5Y,352.7725,30,CDXHY530 BEST Curncy
3506,2018-06-01,US_HY,10Y,395.231,30,CDXHY030 BEST Curncy
3502,2018-06-01,US_IG,5Y,65.14,30,CDXIG530 Curncy
3503,2018-06-01,US_HY,3Y,249.397,30,CDXHY330 BEST Curncy
3504,2018-06-01,US_HY,5Y,345.7662,30,CDXHY530 BEST Curncy
3505,2018-06-01,US_HY,7Y,387.984,30,CDXHY730 BEST Curncy
3513,2018-06-04,US_HY,5Y,340.978,30,CDXHY530 BEST Curncy
3514,2018-06-04,US_HY,7Y,382.12,30,CDXHY730 BEST Curncy
3511,2018-06-04,US_IG,5Y,63.852,30,CDXIG530 Curncy
3512,2018-06-04,US_HY,3Y,245.691,30,CDXHY330 BEST Curncy
3515,2018-06-04,US_HY,10Y,389.251,30,CDXHY030 BEST Curncy
3524,2018-06-05,US_HY,10Y,390.032,30,CDXHY030 BEST Curncy
3522,2018-06-05,US_HY,5Y,341.043,30,CDXHY530 BEST Curncy
3523,2018-06-05,US_HY,7Y,382.891,30,CDXHY730 BEST Curncy
3521,2018-06-05,US_HY,3Y,246.272,30,CDXHY330 BEST Curncy
3520,2018-06-05,US_IG,5Y,64.169,30,CDXIG530 Curncy
3529,2018-06-06,US_IG,5Y,63.742,30,CDXIG530 Curncy
3530,2018-06-06,US_HY,3Y,244.093,30,CDXHY330 BEST Curncy
3531,2018-06-06,US_HY,5Y,336.6908,30,CDXHY530 BEST Curncy
3532,2018-06-06,US_HY,7Y,379.558,30,CDXHY730 BEST Curncy
3533,2018-06-06,US_HY,10Y,386.618,30,CDXHY030 BEST Curncy
3542,2018-06-07,US_HY,10Y,391.519,30,CDXHY030 BEST Curncy
3541,2018-06-07,US_HY,7Y,384.404,30,CDXHY730 BEST Curncy
3540,2018-06-07,US_HY,5Y,344.7093,30,CDXHY530 BEST Curncy
3539,2018-06-07,US_HY,3Y,247.309,30,CDXHY330 BEST Curncy
3538,2018-06-07,US_IG,5Y,66.779,30,CDXIG530 Curncy
3547,2018-06-08,US_IG,5Y,66.341,30,CDXIG530 Curncy
3548,2018-06-08,US_HY,3Y,247.32,30,CDXHY330 BEST Curncy
3549,2018-06-08,US_HY,5Y,345.2652,30,CDXHY530 BEST Curncy
3550,2018-06-08,US_HY,7Y,384.482,30,CDXHY730 BEST Curncy
3551,2018-06-08,US_HY,10Y,391.558,30,CDXHY030 BEST Curncy
3560,2018-06-11,US_HY,10Y,388.542,30,CDXHY030 BEST Curncy
3559,2018-06-11,US_HY,7Y,381.57,30,CDXHY730 BEST Curncy
3558,2018-06-11,US_HY,5Y,342.5672,30,CDXHY530 BEST Curncy
3557,2018-06-11,US_HY,3Y,245.5,30,CDXHY330 BEST Curncy
3556,2018-06-11,US_IG,5Y,64.51,30,CDXIG530 Curncy
3565,2018-06-12,US_IG,5Y,63.682,30,CDXIG530 Curncy
3566,2018-06-12,US_HY,3Y,245.212,30,CDXHY330 BEST Curncy
3567,2018-06-12,US_HY,5Y,341.8523,30,CDXHY530 BEST Curncy
3568,2018-06-12,US_HY,7Y,381.067,30,CDXHY730 BEST Curncy
3569,2018-06-12,US_HY,10Y,388.013,30,CDXHY030 BEST Curncy
3578,2018-06-13,US_HY,10Y,386.958,30,CDXHY030 BEST Curncy
3577,2018-06-13,US_HY,7Y,378.45,30,CDXHY730 BEST Curncy
3576,2018-06-13,US_HY,5Y,339.8023,30,CDXHY530 BEST Curncy
3575,2018-06-13,US_HY,3Y,243.107,30,CDXHY330 BEST Curncy
3574,2018-06-13,US_IG,5Y,63.535,30,CDXIG530 Curncy
3583,2018-06-14,US_IG,5Y,61.354,30,CDXIG530 Curncy
3584,2018-06-14,US_HY,3Y,239.007,30,CDXHY330 BEST Curncy
3585,2018-06-14,US_HY,5Y,332.8846,30,CDXHY530 BEST Curncy
3586,2018-06-14,US_HY,7Y,372.142,30,CDXHY730 BEST Curncy
3587,2018-06-14,US_HY,10Y,380.556,30,CDXHY030 BEST Curncy
3595,2018-06-15,US_HY,7Y,372.783,30,CDXHY730 BEST Curncy
3594,2018-06-15,US_HY,5Y,331.1391,30,CDXHY530 BEST Curncy
3596,2018-06-15,US_HY,10Y,381.165,30,CDXHY030 BEST Curncy
3592,2018-06-15,US_IG,5Y,60.48,30,CDXIG530 Curncy
3593,2018-06-15,US_HY,3Y,239.376,30,CDXHY330 BEST Curncy
3601,2018-06-18,US_IG,5Y,60.976,30,CDXIG530 Curncy
3602,2018-06-18,US_HY,3Y,240.065,30,CDXHY330 BEST Curncy
3603,2018-06-18,US_HY,5Y,333.4704,30,CDXHY530 BEST Curncy
3604,2018-06-18,US_HY,7Y,373.779,30,CDXHY730 BEST Curncy
3605,2018-06-18,US_HY,10Y,382.097,30,CDXHY030 BEST Curncy
3614,2018-06-19,US_HY,10Y,387.614,30,CDXHY030 BEST Curncy
3613,2018-06-19,US_HY,7Y,379.231,30,CDXHY730 BEST Curncy
3612,2018-06-19,US_HY,5Y,341.1141,30,CDXHY530 BEST Curncy
3611,2018-06-19,US_HY,3Y,243.646,30,CDXHY330 BEST Curncy
3610,2018-06-19,US_IG,5Y,62.951,30,CDXIG530 Curncy
3619,2018-06-20,US_IG,5Y,63.05,30,CDXIG530 Curncy
3620,2018-06-20,US_HY,3Y,242.927,30,CDXHY330 BEST Curncy
3621,2018-06-20,US_HY,5Y,340.0666,30,CDXHY530 BEST Curncy
3622,2018-06-20,US_HY,7Y,378.129,30,CDXHY730 BEST Curncy
3623,2018-06-20,US_HY,10Y,386.449,30,CDXHY030 BEST Curncy
3631,2018-06-21,US_HY,7Y,382.062,30,CDXHY730 BEST Curncy
3630,2018-06-21,US_HY,5Y,345.8046,30,CDXHY530 BEST Curncy
3632,2018-06-21,US_HY,10Y,390.451,30,CDXHY030 BEST Curncy
3628,2018-06-21,US_IG,5Y,64.969,30,CDXIG530 Curncy
3629,2018-06-21,US_HY,3Y,245.512,30,CDXHY330 BEST Curncy
3637,2018-06-22,US_IG,5Y,64.566,30,CDXIG530 Curncy
3638,2018-06-22,US_HY,3Y,244.812,30,CDXHY330 BEST Curncy
3639,2018-06-22,US_HY,5Y,341.395,30,CDXHY530 BEST Curncy
3640,2018-06-22,US_HY,7Y,380.973,30,CDXHY730 BEST Curncy
3641,2018-06-22,US_HY,10Y,389.262,30,CDXHY030 BEST Curncy
3649,2018-06-25,US_HY,7Y,390.106,30,CDXHY730 BEST Curncy
3648,2018-06-25,US_HY,5Y,350.0547,30,CDXHY530 BEST Curncy
3650,2018-06-25,US_HY,10Y,398.471,30,CDXHY030 BEST Curncy
3646,2018-06-25,US_IG,5Y,66.754,30,CDXIG530 Curncy
3647,2018-06-25,US_HY,3Y,250.825,30,CDXHY330 BEST Curncy
3655,2018-06-26,US_IG,5Y,65.77,30,CDXIG530 Curncy
3656,2018-06-26,US_HY,3Y,234.773,30,CDXHY330 BEST Curncy
3657,2018-06-26,US_HY,5Y,351.4333,30,CDXHY530 BEST Curncy
3658,2018-06-26,US_HY,7Y,400.62,30,CDXHY730 BEST Curncy
3659,2018-06-26,US_HY,10Y,414.249,30,CDXHY030 BEST Curncy
3664,2018-06-27,US_IG,5Y,68.096,30,CDXIG530 Curncy
3665,2018-06-27,US_HY,3Y,240.201,30,CDXHY330 BEST Curncy
3666,2018-06-27,US_HY,5Y,360.7102,30,CDXHY530 BEST Curncy
3667,2018-06-27,US_HY,7Y,411.58,30,CDXHY730 BEST Curncy
3668,2018-06-27,US_HY,10Y,425.688,30,CDXHY030 BEST Curncy
3676,2018-06-28,US_HY,7Y,412.763,30,CDXHY730 BEST Curncy
3675,2018-06-28,US_HY,5Y,359.792,30,CDXHY530 BEST Curncy
3677,2018-06-28,US_HY,10Y,426.937,30,CDXHY030 BEST Curncy
3673,2018-06-28,US_IG,5Y,68.03,30,CDXIG530 Curncy
3674,2018-06-28,US_HY,3Y,240.814,30,CDXHY330 BEST Curncy
3682,2018-06-29,US_IG,5Y,67.595,30,CDXIG530 Curncy
3683,2018-06-29,US_HY,3Y,239.005,30,CDXHY330 BEST Curncy
3684,2018-06-29,US_HY,5Y,361.1343,30,CDXHY530 BEST Curncy
3685,2018-06-29,US_HY,7Y,405.139,30,CDXHY730 BEST Curncy
3686,2018-06-29,US_HY,10Y,408.121,30,CDXHY030 BEST Curncy
3691,2018-07-02,US_IG,5Y,67.97,30,CDXIG530 Curncy
3692,2018-07-02,US_HY,3Y,242.909,30,CDXHY330 BEST Curncy
3693,2018-07-02,US_HY,5Y,362.3977,30,CDXHY530 BEST Curncy
3694,2018-07-02,US_HY,7Y,411.607,30,CDXHY730 BEST Curncy
3695,2018-07-02,US_HY,10Y,414.491,30,CDXHY030 BEST Curncy
3704,2018-07-03,US_HY,10Y,409.114,30,CDXHY030 BEST Curncy
3703,2018-07-03,US_HY,7Y,406.532,30,CDXHY730 BEST Curncy
3700,2018-07-03,US_IG,5Y,67.351,30,CDXIG530 Curncy
3701,2018-07-03,US_HY,3Y,239.883,30,CDXHY330 BEST Curncy
3702,2018-07-03,US_HY,5Y,358.2176,30,CDXHY530 BEST Curncy
3709,2018-07-04,US_HY,3Y,239.199,30,CDXHY330 BEST Curncy
3710,2018-07-04,US_HY,5Y,358.2525,30,CDXHY530 BEST Curncy
3711,2018-07-04,US_HY,7Y,403.8,30,CDXHY730 BEST Curncy
3712,2018-07-04,US_HY,10Y,406.334,30,CDXHY030 BEST Curncy
3721,2018-07-05,US_HY,10Y,405.309,30,CDXHY030 BEST Curncy
3720,2018-07-05,US_HY,7Y,402.531,30,CDXHY730 BEST Curncy
3718,2018-07-05,US_HY,3Y,238.392,30,CDXHY330 BEST Curncy
3717,2018-07-05,US_IG,5Y,66.052,30,CDXIG530 Curncy
3719,2018-07-05,US_HY,5Y,353.2588,30,CDXHY530 BEST Curncy
3726,2018-07-06,US_IG,5Y,63.998,30,CDXIG530 Curncy
3727,2018-07-06,US_HY,3Y,231.222,30,CDXHY330 BEST Curncy
3728,2018-07-06,US_HY,5Y,344.9915,30,CDXHY530 BEST Curncy
3729,2018-07-06,US_HY,7Y,390.599,30,CDXHY730 BEST Curncy
3730,2018-07-06,US_HY,10Y,393.59,30,CDXHY030 BEST Curncy
3739,2018-07-09,US_HY,10Y,386.421,30,CDXHY030 BEST Curncy
3738,2018-07-09,US_HY,7Y,383.787,30,CDXHY730 BEST Curncy
3737,2018-07-09,US_HY,5Y,338.3634,30,CDXHY530 BEST Curncy
3735,2018-07-09,US_IG,5Y,62.156,30,CDXIG530 Curncy
3736,2018-07-09,US_HY,3Y,227.162,30,CDXHY330 BEST Curncy
3744,2018-07-10,US_IG,5Y,62.294,30,CDXIG530 Curncy
3745,2018-07-10,US_HY,3Y,227.696,30,CDXHY330 BEST Curncy
3746,2018-07-10,US_HY,5Y,340.1542,30,CDXHY530 BEST Curncy
3747,2018-07-10,US_HY,7Y,384.635,30,CDXHY730 BEST Curncy
3748,2018-07-10,US_HY,10Y,387.015,30,CDXHY030 BEST Curncy
3756,2018-07-11,US_HY,7Y,390.733,30,CDXHY730 BEST Curncy
3757,2018-07-11,US_HY,10Y,394.7,30,CDXHY030 BEST Curncy
3755,2018-07-11,US_HY,5Y,346.3038,30,CDXHY530 BEST Curncy
3753,2018-07-11,US_IG,5Y,63.53,30,CDXIG530 Curncy
3754,2018-07-11,US_HY,3Y,231.046,30,CDXHY330 BEST Curncy
3762,2018-07-12,US_IG,5Y,61.585,30,CDXIG530 Curncy
3763,2018-07-12,US_HY,3Y,227.321,30,CDXHY330 BEST Curncy
3764,2018-07-12,US_HY,5Y,338.3057,30,CDXHY530 BEST Curncy
3765,2018-07-12,US_HY,7Y,384.633,30,CDXHY730 BEST Curncy
3766,2018-07-12,US_HY,10Y,389.053,30,CDXHY030 BEST Curncy
3775,2018-07-13,US_HY,10Y,382.944,30,CDXHY030 BEST Curncy
3774,2018-07-13,US_HY,7Y,379.063,30,CDXHY730 BEST Curncy
3773,2018-07-13,US_HY,5Y,333.4686,30,CDXHY530 BEST Curncy
3772,2018-07-13,US_HY,3Y,223.986,30,CDXHY330 BEST Curncy
3771,2018-07-13,US_IG,5Y,60.525,30,CDXIG530 Curncy
3780,2018-07-16,US_IG,5Y,60.945,30,CDXIG530 Curncy
3781,2018-07-16,US_HY,3Y,224.56,30,CDXHY330 BEST Curncy
3782,2018-07-16,US_HY,5Y,337.3429,30,CDXHY530 BEST Curncy
3783,2018-07-16,US_HY,7Y,380.004,30,CDXHY730 BEST Curncy
3784,2018-07-16,US_HY,10Y,383.778,30,CDXHY030 BEST Curncy
3792,2018-07-17,US_HY,7Y,380.96,30,CDXHY730 BEST Curncy
3791,2018-07-17,US_HY,5Y,335.7494,30,CDXHY530 BEST Curncy
3793,2018-07-17,US_HY,10Y,384.754,30,CDXHY030 BEST Curncy
3789,2018-07-17,US_IG,5Y,60.38,30,CDXIG530 Curncy
3790,2018-07-17,US_HY,3Y,225.189,30,CDXHY330 BEST Curncy
3798,2018-07-18,US_IG,5Y,60.715,30,CDXIG530 Curncy
3799,2018-07-18,US_HY,3Y,225.069,30,CDXHY330 BEST Curncy
3800,2018-07-18,US_HY,5Y,335.9471,30,CDXHY530 BEST Curncy
3801,2018-07-18,US_HY,7Y,380.7,30,CDXHY730 BEST Curncy
3802,2018-07-18,US_HY,10Y,384.475,30,CDXHY030 BEST Curncy
3810,2018-07-19,US_HY,7Y,382.798,30,CDXHY730 BEST Curncy
3809,2018-07-19,US_HY,5Y,339.8642,30,CDXHY530 BEST Curncy
3811,2018-07-19,US_HY,10Y,386.546,30,CDXHY030 BEST Curncy
3807,2018-07-19,US_IG,5Y,61.833,30,CDXIG530 Curncy
3808,2018-07-19,US_HY,3Y,226.32,30,CDXHY330 BEST Curncy
3816,2018-07-20,US_IG,5Y,61.638,30,CDXIG530 Curncy
3817,2018-07-20,US_HY,3Y,226.473,30,CDXHY330 BEST Curncy
3818,2018-07-20,US_HY,5Y,339.3086,30,CDXHY530 BEST Curncy
3819,2018-07-20,US_HY,7Y,383.059,30,CDXHY730 BEST Curncy
3820,2018-07-20,US_HY,10Y,386.749,30,CDXHY030 BEST Curncy
3825,2018-07-23,US_IG,5Y,61.539,30,CDXIG530 Curncy
3826,2018-07-23,US_HY,3Y,232.019,30,CDXHY330 BEST Curncy
3827,2018-07-23,US_HY,5Y,337.3888,30,CDXHY530 BEST Curncy
3828,2018-07-23,US_HY,7Y,382.102,30,CDXHY730 BEST Curncy
3829,2018-07-23,US_HY,10Y,385.722,30,CDXHY030 BEST Curncy
3838,2018-07-24,US_HY,10Y,383.869,30,CDXHY030 BEST Curncy
3837,2018-07-24,US_HY,7Y,380.242,30,CDXHY730 BEST Curncy
3835,2018-07-24,US_HY,3Y,231.706,30,CDXHY330 BEST Curncy
3836,2018-07-24,US_HY,5Y,335.7878,30,CDXHY530 BEST Curncy
3834,2018-07-24,US_IG,5Y,60.928,30,CDXIG530 Curncy
3843,2018-07-25,US_IG,5Y,59.219,30,CDXIG530 Curncy
3844,2018-07-25,US_HY,3Y,231.525,30,CDXHY330 BEST Curncy
3845,2018-07-25,US_HY,5Y,329.9403,30,CDXHY530 BEST Curncy
3846,2018-07-25,US_HY,7Y,376.74,30,CDXHY730 BEST Curncy
3847,2018-07-25,US_HY,10Y,380.31,30,CDXHY030 BEST Curncy
3856,2018-07-26,US_HY,10Y,374.801,30,CDXHY030 BEST Curncy
3855,2018-07-26,US_HY,7Y,371.259,30,CDXHY730 BEST Curncy
3854,2018-07-26,US_HY,5Y,326.3795,30,CDXHY530 BEST Curncy
3853,2018-07-26,US_HY,3Y,231.286,30,CDXHY330 BEST Curncy
3852,2018-07-26,US_IG,5Y,57.673,30,CDXIG530 Curncy
3861,2018-07-27,US_IG,5Y,58.3,30,CDXIG530 Curncy
3862,2018-07-27,US_HY,3Y,231.001,30,CDXHY330 BEST Curncy
3863,2018-07-27,US_HY,5Y,330.2834,30,CDXHY530 BEST Curncy
3864,2018-07-27,US_HY,7Y,374.364,30,CDXHY730 BEST Curncy
3865,2018-07-27,US_HY,10Y,377.919,30,CDXHY030 BEST Curncy
3874,2018-07-30,US_HY,10Y,378.29,30,CDXHY030 BEST Curncy
3873,2018-07-30,US_HY,7Y,374.843,30,CDXHY730 BEST Curncy
3872,2018-07-30,US_HY,5Y,331.7603,30,CDXHY530 BEST Curncy
3871,2018-07-30,US_HY,3Y,230.316,30,CDXHY330 BEST Curncy
3870,2018-07-30,US_IG,5Y,58.993,30,CDXIG530 Curncy
3879,2018-07-31,US_IG,5Y,57.984,30,CDXIG530 Curncy
3880,2018-07-31,US_HY,3Y,230.101,30,CDXHY330 BEST Curncy
3881,2018-07-31,US_HY,5Y,328.3485,30,CDXHY530 BEST Curncy
3882,2018-07-31,US_HY,7Y,373.794,30,CDXHY730 BEST Curncy
3883,2018-07-31,US_HY,10Y,378.388,30,CDXHY030 BEST Curncy
3892,2018-08-01,US_HY,10Y,380.888,30,CDXHY030 BEST Curncy
3891,2018-08-01,US_HY,7Y,375.589,30,CDXHY730 BEST Curncy
3890,2018-08-01,US_HY,5Y,329.4171,30,CDXHY530 BEST Curncy
3889,2018-08-01,US_HY,3Y,221.794,30,CDXHY330 BEST Curncy
3888,2018-08-01,US_IG,5Y,58.563,30,CDXIG530 Curncy
3897,2018-08-02,US_IG,5Y,58.798,30,CDXIG530 Curncy
3898,2018-08-02,US_HY,3Y,220.366,30,CDXHY330 BEST Curncy
3899,2018-08-02,US_HY,5Y,328.1242,30,CDXHY530 BEST Curncy
3900,2018-08-02,US_HY,7Y,373.177,30,CDXHY730 BEST Curncy
3901,2018-08-02,US_HY,10Y,378.442,30,CDXHY030 BEST Curncy
3909,2018-08-03,US_HY,7Y,372.458,30,CDXHY730 BEST Curncy
3908,2018-08-03,US_HY,5Y,326.7688,30,CDXHY530 BEST Curncy
3910,2018-08-03,US_HY,10Y,377.69,30,CDXHY030 BEST Curncy
3906,2018-08-03,US_IG,5Y,58.988,30,CDXIG530 Curncy
3907,2018-08-03,US_HY,3Y,229.439,30,CDXHY330 BEST Curncy
3915,2018-08-06,US_IG,5Y,58.58,30,CDXIG530 Curncy
3916,2018-08-06,US_HY,3Y,218.843,30,CDXHY330 BEST Curncy
3917,2018-08-06,US_HY,5Y,325.3806,30,CDXHY530 BEST Curncy
3918,2018-08-06,US_HY,7Y,370.623,30,CDXHY730 BEST Curncy
3919,2018-08-06,US_HY,10Y,375.712,30,CDXHY030 BEST Curncy
3928,2018-08-07,US_HY,10Y,371.274,30,CDXHY030 BEST Curncy
3927,2018-08-07,US_HY,7Y,366.243,30,CDXHY730 BEST Curncy
3926,2018-08-07,US_HY,5Y,323.6617,30,CDXHY530 BEST Curncy
3925,2018-08-07,US_HY,3Y,216.213,30,CDXHY330 BEST Curncy
3924,2018-08-07,US_IG,5Y,58.115,30,CDXIG530 Curncy
3933,2018-08-08,US_IG,5Y,58.059,30,CDXIG530 Curncy
3934,2018-08-08,US_HY,3Y,216.41,30,CDXHY330 BEST Curncy
3935,2018-08-08,US_HY,5Y,324.3624,30,CDXHY530 BEST Curncy
3936,2018-08-08,US_HY,7Y,366.473,30,CDXHY730 BEST Curncy
3937,2018-08-08,US_HY,10Y,371.482,30,CDXHY030 BEST Curncy
3945,2018-08-09,US_HY,7Y,367.933,30,CDXHY730 BEST Curncy
3944,2018-08-09,US_HY,5Y,328.0789,30,CDXHY530 BEST Curncy
3946,2018-08-09,US_HY,10Y,372.927,30,CDXHY030 BEST Curncy
3942,2018-08-09,US_IG,5Y,59.269,30,CDXIG530 Curncy
3943,2018-08-09,US_HY,3Y,217.263,30,CDXHY330 BEST Curncy
3951,2018-08-10,US_IG,5Y,61.418,30,CDXIG530 Curncy
3952,2018-08-10,US_HY,3Y,224.428,30,CDXHY330 BEST Curncy
3953,2018-08-10,US_HY,5Y,332.8495,30,CDXHY530 BEST Curncy
3954,2018-08-10,US_HY,7Y,379.896,30,CDXHY730 BEST Curncy
3955,2018-08-10,US_HY,10Y,384.953,30,CDXHY030 BEST Curncy
3963,2018-08-13,US_HY,7Y,379.843,30,CDXHY730 BEST Curncy
3962,2018-08-13,US_HY,5Y,335.6462,30,CDXHY530 BEST Curncy
3964,2018-08-13,US_HY,10Y,384.787,30,CDXHY030 BEST Curncy
3960,2018-08-13,US_IG,5Y,62.107,30,CDXIG530 Curncy
3961,2018-08-13,US_HY,3Y,224.406,30,CDXHY330 BEST Curncy
3969,2018-08-14,US_IG,5Y,61.221,30,CDXIG530 Curncy
3970,2018-08-14,US_HY,3Y,223.497,30,CDXHY330 BEST Curncy
3971,2018-08-14,US_HY,5Y,332.6453,30,CDXHY530 BEST Curncy
3972,2018-08-14,US_HY,7Y,378.313,30,CDXHY730 BEST Curncy
3973,2018-08-14,US_HY,10Y,383.215,30,CDXHY030 BEST Curncy
3978,2018-08-15,US_IG,5Y,62.506,30,CDXIG530 Curncy
3979,2018-08-15,US_HY,3Y,227.92,30,CDXHY330 BEST Curncy
3980,2018-08-15,US_HY,5Y,338.3011,30,CDXHY530 BEST Curncy
3981,2018-08-15,US_HY,7Y,385.586,30,CDXHY730 BEST Curncy
3982,2018-08-15,US_HY,10Y,390.53,30,CDXHY030 BEST Curncy
3991,2018-08-16,US_HY,10Y,381.035,30,CDXHY030 BEST Curncy
3990,2018-08-16,US_HY,7Y,378.088,30,CDXHY730 BEST Curncy
3988,2018-08-16,US_HY,3Y,223.818,30,CDXHY330 BEST Curncy
3989,2018-08-16,US_HY,5Y,334.698,30,CDXHY530 BEST Curncy
3987,2018-08-16,US_IG,5Y,61.41,30,CDXIG530 Curncy
3996,2018-08-17,US_IG,5Y,60.994,30,CDXIG530 Curncy
3997,2018-08-17,US_HY,3Y,224.084,30,CDXHY330 BEST Curncy
3998,2018-08-17,US_HY,5Y,335.1941,30,CDXHY530 BEST Curncy
3999,2018-08-17,US_HY,7Y,378.441,30,CDXHY730 BEST Curncy
4000,2018-08-17,US_HY,10Y,381.387,30,CDXHY030 BEST Curncy
4009,2018-08-20,US_HY,10Y,380.734,30,CDXHY030 BEST Curncy
4008,2018-08-20,US_HY,7Y,377.877,30,CDXHY730 BEST Curncy
4007,2018-08-20,US_HY,5Y,334.8824,30,CDXHY530 BEST Curncy
4006,2018-08-20,US_HY,3Y,223.8,30,CDXHY330 BEST Curncy
4005,2018-08-20,US_IG,5Y,61.47,30,CDXIG530 Curncy
4014,2018-08-21,US_IG,5Y,60.274,30,CDXIG530 Curncy
4015,2018-08-21,US_HY,3Y,220.693,30,CDXHY330 BEST Curncy
4016,2018-08-21,US_HY,5Y,331.579,30,CDXHY530 BEST Curncy
4017,2018-08-21,US_HY,7Y,372.76,30,CDXHY730 BEST Curncy
4018,2018-08-21,US_HY,10Y,375.55,30,CDXHY030 BEST Curncy
4027,2018-08-22,US_HY,10Y,374.9,30,CDXHY030 BEST Curncy
4026,2018-08-22,US_HY,7Y,372.13,30,CDXHY730 BEST Curncy
4025,2018-08-22,US_HY,5Y,329.8429,30,CDXHY530 BEST Curncy
4024,2018-08-22,US_HY,3Y,220.389,30,CDXHY330 BEST Curncy
4023,2018-08-22,US_IG,5Y,59.848,30,CDXIG530 Curncy
4032,2018-08-23,US_IG,5Y,60.713,30,CDXIG530 Curncy
4033,2018-08-23,US_HY,3Y,221.54,30,CDXHY330 BEST Curncy
4034,2018-08-23,US_HY,5Y,331.5213,30,CDXHY530 BEST Curncy
4035,2018-08-23,US_HY,7Y,374.15,30,CDXHY730 BEST Curncy
4036,2018-08-23,US_HY,10Y,376.88,30,CDXHY030 BEST Curncy
4041,2018-08-24,US_IG,5Y,59.722,30,CDXIG530 Curncy
4042,2018-08-24,US_HY,3Y,220.215,30,CDXHY330 BEST Curncy
4043,2018-08-24,US_HY,5Y,329.0739,30,CDXHY530 BEST Curncy
4044,2018-08-24,US_HY,7Y,365.901,30,CDXHY730 BEST Curncy
4045,2018-08-24,US_HY,10Y,371.228,30,CDXHY030 BEST Curncy
4048,2018-08-27,US_IG,5Y,58.453,30,CDXIG530 Curncy
4049,2018-08-27,US_HY,3Y,217.385,30,CDXHY330 BEST Curncy
4050,2018-08-27,US_HY,5Y,324.4549,30,CDXHY530 BEST Curncy
4051,2018-08-27,US_HY,7Y,361.19,30,CDXHY730 BEST Curncy
4052,2018-08-27,US_HY,10Y,366.378,30,CDXHY030 BEST Curncy
4061,2018-08-28,US_HY,10Y,366.219,30,CDXHY030 BEST Curncy
4059,2018-08-28,US_HY,5Y,325.2415,30,CDXHY530 BEST Curncy
4060,2018-08-28,US_HY,7Y,361.049,30,CDXHY730 BEST Curncy
4057,2018-08-28,US_IG,5Y,58.324,30,CDXIG530 Curncy
4058,2018-08-28,US_HY,3Y,217.342,30,CDXHY330 BEST Curncy
4066,2018-08-29,US_IG,5Y,58.526,30,CDXIG530 Curncy
4067,2018-08-29,US_HY,3Y,218.339,30,CDXHY330 BEST Curncy
4068,2018-08-29,US_HY,5Y,326.1513,30,CDXHY530 BEST Curncy
4069,2018-08-29,US_HY,7Y,362.576,30,CDXHY730 BEST Curncy
4070,2018-08-29,US_HY,10Y,367.746,30,CDXHY030 BEST Curncy
4077,2018-08-30,US_HY,5Y,333.2291,30,CDXHY530 BEST Curncy
4079,2018-08-30,US_HY,10Y,374.069,30,CDXHY030 BEST Curncy
4078,2018-08-30,US_HY,7Y,368.858,30,CDXHY730 BEST Curncy
4076,2018-08-30,US_HY,3Y,222.161,30,CDXHY330 BEST Curncy
4075,2018-08-30,US_IG,5Y,60.37,30,CDXIG530 Curncy
4084,2018-08-31,US_IG,5Y,59.939,30,CDXIG530 Curncy
4085,2018-08-31,US_HY,3Y,222.226,30,CDXHY330 BEST Curncy
4086,2018-08-31,US_HY,5Y,330.2499,30,CDXHY530 BEST Curncy
4087,2018-08-31,US_HY,7Y,368.939,30,CDXHY730 BEST Curncy
4088,2018-08-31,US_HY,10Y,374.112,30,CDXHY030 BEST Curncy
4096,2018-09-03,US_HY,10Y,371.83,30,CDXHY030 BEST Curncy
4095,2018-09-03,US_HY,7Y,366.707,30,CDXHY730 BEST Curncy
4094,2018-09-03,US_HY,5Y,330.1754,30,CDXHY530 BEST Curncy
4093,2018-09-03,US_HY,3Y,220.863,30,CDXHY330 BEST Curncy
4101,2018-09-04,US_IG,5Y,60.51,30,CDXIG530 Curncy
4102,2018-09-04,US_HY,3Y,222.747,30,CDXHY330 BEST Curncy
4103,2018-09-04,US_HY,5Y,333.0261,30,CDXHY530 BEST Curncy
4104,2018-09-04,US_HY,7Y,369.746,30,CDXHY730 BEST Curncy
4105,2018-09-04,US_HY,10Y,374.861,30,CDXHY030 BEST Curncy
4114,2018-09-05,US_HY,10Y,374.029,30,CDXHY030 BEST Curncy
4113,2018-09-05,US_HY,7Y,368.926,30,CDXHY730 BEST Curncy
4112,2018-09-05,US_HY,5Y,332.3437,30,CDXHY530 BEST Curncy
4111,2018-09-05,US_HY,3Y,222.315,30,CDXHY330 BEST Curncy
4110,2018-09-05,US_IG,5Y,60.218,30,CDXIG530 Curncy
4119,2018-09-06,US_IG,5Y,59.886,30,CDXIG530 Curncy
4120,2018-09-06,US_HY,3Y,220.693,30,CDXHY330 BEST Curncy
4121,2018-09-06,US_HY,5Y,330.8626,30,CDXHY530 BEST Curncy
4122,2018-09-06,US_HY,7Y,366.279,30,CDXHY730 BEST Curncy
4123,2018-09-06,US_HY,10Y,371.32,30,CDXHY030 BEST Curncy
4130,2018-09-07,US_HY,5Y,331.343,30,CDXHY530 BEST Curncy
4131,2018-09-07,US_HY,7Y,367.854,30,CDXHY730 BEST Curncy
4128,2018-09-07,US_IG,5Y,59.846,30,CDXIG530 Curncy
4129,2018-09-07,US_HY,3Y,221.631,30,CDXHY330 BEST Curncy
4132,2018-09-07,US_HY,10Y,372.877,30,CDXHY030 BEST Curncy
4140,2018-09-10,US_HY,7Y,361.646,30,CDXHY730 BEST Curncy
4139,2018-09-10,US_HY,5Y,327.424,30,CDXHY530 BEST Curncy
4141,2018-09-10,US_HY,10Y,366.564,30,CDXHY030 BEST Curncy
4137,2018-09-10,US_IG,5Y,57.866,30,CDXIG530 Curncy
4138,2018-09-10,US_HY,3Y,217.965,30,CDXHY330 BEST Curncy
4148,2018-09-11,US_HY,5Y,325.5149,30,CDXHY530 BEST Curncy
4149,2018-09-11,US_HY,7Y,362.643,30,CDXHY730 BEST Curncy
4146,2018-09-11,US_IG,5Y,58.074,30,CDXIG530 Curncy
4147,2018-09-11,US_HY,3Y,218.57,30,CDXHY330 BEST Curncy
4150,2018-09-11,US_HY,10Y,367.545,30,CDXHY030 BEST Curncy
4158,2018-09-12,US_HY,7Y,360.691,30,CDXHY730 BEST Curncy
4157,2018-09-12,US_HY,5Y,324.0363,30,CDXHY530 BEST Curncy
4159,2018-09-12,US_HY,10Y,365.585,30,CDXHY030 BEST Curncy
4155,2018-09-12,US_IG,5Y,57.106,30,CDXIG530 Curncy
4156,2018-09-12,US_HY,3Y,217.467,30,CDXHY330 BEST Curncy
4164,2018-09-13,US_IG,5Y,55.54,30,CDXIG530 Curncy
4165,2018-09-13,US_HY,3Y,213.96,30,CDXHY330 BEST Curncy
4166,2018-09-13,US_HY,5Y,319.1199,30,CDXHY530 BEST Curncy
4167,2018-09-13,US_HY,7Y,355.358,30,CDXHY730 BEST Curncy
4168,2018-09-13,US_HY,10Y,360.766,30,CDXHY030 BEST Curncy
4173,2018-09-14,US_IG,5Y,55.828,30,CDXIG530 Curncy
4174,2018-09-14,US_HY,3Y,212.536,30,CDXHY330 BEST Curncy
4175,2018-09-14,US_HY,5Y,317.4465,30,CDXHY530 BEST Curncy
4176,2018-09-14,US_HY,7Y,352.975,30,CDXHY730 BEST Curncy
4177,2018-09-14,US_HY,10Y,358.322,30,CDXHY030 BEST Curncy
4186,2018-09-17,US_HY,10Y,359.076,30,CDXHY030 BEST Curncy
4185,2018-09-17,US_HY,7Y,353.793,30,CDXHY730 BEST Curncy
4182,2018-09-17,US_IG,5Y,56.83,30,CDXIG530 Curncy
4183,2018-09-17,US_HY,3Y,213.144,30,CDXHY330 BEST Curncy
4184,2018-09-17,US_HY,5Y,318.8247,30,CDXHY530 BEST Curncy
4191,2018-09-18,US_IG,5Y,55.996,30,CDXIG530 Curncy
4192,2018-09-18,US_HY,3Y,213.256,30,CDXHY330 BEST Curncy
4193,2018-09-18,US_HY,5Y,317.9602,30,CDXHY530 BEST Curncy
4194,2018-09-18,US_HY,7Y,353.952,30,CDXHY730 BEST Curncy
4195,2018-09-18,US_HY,10Y,359.205,30,CDXHY030 BEST Curncy
4204,2018-09-19,US_HY,10Y,357.593,30,CDXHY030 BEST Curncy
4203,2018-09-19,US_HY,7Y,352.369,30,CDXHY730 BEST Curncy
4200,2018-09-19,US_IG,5Y,56.215,30,CDXIG530 Curncy
4201,2018-09-19,US_HY,3Y,212.366,30,CDXHY330 BEST Curncy
4202,2018-09-19,US_HY,5Y,318.1707,30,CDXHY530 BEST Curncy
4210,2018-09-20,US_IG,5Y,60.939,31,CDXIG531 Curncy
4216,2018-09-21,US_IG,5Y,61.535,31,CDXIG531 Curncy
4222,2018-09-24,US_IG,5Y,62.799,31,CDXIG531 Curncy
4228,2018-09-25,US_IG,5Y,62.256,31,CDXIG531 Curncy
4234,2018-09-26,US_IG,5Y,61.152,31,CDXIG531 Curncy
4244,2018-09-27,US_HY,10Y,366.777,31,CDXHY031 BEST Curncy
4243,2018-09-27,US_HY,7Y,361.467,31,CDXHY731 BEST Curncy
4242,2018-09-27,US_HY,5Y,332.7112,31,CDXHY531 BEST Curncy
4240,2018-09-27,US_IG,5Y,59.42,31,CDXIG531 Curncy
4241,2018-09-27,US_HY,3Y,240.831,31,CDXHY331 BEST Curncy
4250,2018-09-28,US_IG,5Y,59.18,31,CDXIG531 Curncy
4251,2018-09-28,US_HY,3Y,241.278,31,CDXHY331 BEST Curncy
4252,2018-09-28,US_HY,5Y,331.752,31,CDXHY531 BEST Curncy
4253,2018-09-28,US_HY,7Y,362.173,31,CDXHY731 BEST Curncy
4254,2018-09-28,US_HY,10Y,366.803,31,CDXHY031 BEST Curncy
4264,2018-10-01,US_HY,10Y,358.667,31,CDXHY031 BEST Curncy
4263,2018-10-01,US_HY,7Y,354.181,31,CDXHY731 BEST Curncy
4262,2018-10-01,US_HY,5Y,325.1783,31,CDXHY531 BEST Curncy
4261,2018-10-01,US_HY,3Y,235.923,31,CDXHY331 BEST Curncy
4260,2018-10-01,US_IG,5Y,58.074,31,CDXIG531 Curncy
4270,2018-10-02,US_IG,5Y,59.213,31,CDXIG531 Curncy
4271,2018-10-02,US_HY,3Y,237.555,31,CDXHY331 BEST Curncy
4272,2018-10-02,US_HY,5Y,330.0711,31,CDXHY531 BEST Curncy
4273,2018-10-02,US_HY,7Y,356.556,31,CDXHY731 BEST Curncy
4274,2018-10-02,US_HY,10Y,361.041,31,CDXHY031 BEST Curncy
4284,2018-10-03,US_HY,10Y,360.658,31,CDXHY031 BEST Curncy
4283,2018-10-03,US_HY,7Y,356.207,31,CDXHY731 BEST Curncy
4282,2018-10-03,US_HY,5Y,332.2745,31,CDXHY531 BEST Curncy
4281,2018-10-03,US_HY,3Y,237.321,31,CDXHY331 BEST Curncy
4280,2018-10-03,US_IG,5Y,59.267,31,CDXIG531 Curncy
4290,2018-10-04,US_IG,5Y,60.52,31,CDXIG531 Curncy
4291,2018-10-04,US_HY,3Y,247.326,31,CDXHY331 BEST Curncy
4292,2018-10-04,US_HY,5Y,337.9639,31,CDXHY531 BEST Curncy
4293,2018-10-04,US_HY,7Y,370.915,31,CDXHY731 BEST Curncy
4294,2018-10-04,US_HY,10Y,375.519,31,CDXHY031 BEST Curncy
4303,2018-10-05,US_HY,7Y,372.53,31,CDXHY731 BEST Curncy
4302,2018-10-05,US_HY,5Y,342.3033,31,CDXHY531 BEST Curncy
4304,2018-10-05,US_HY,10Y,377.146,31,CDXHY031 BEST Curncy
4300,2018-10-05,US_IG,5Y,61.398,31,CDXIG531 Curncy
4301,2018-10-05,US_HY,3Y,248.457,31,CDXHY331 BEST Curncy
4310,2018-10-08,US_HY,3Y,249.125,31,CDXHY331 BEST Curncy
4311,2018-10-08,US_HY,5Y,342.5055,31,CDXHY531 BEST Curncy
4312,2018-10-08,US_HY,7Y,375.503,31,CDXHY731 BEST Curncy
4313,2018-10-08,US_HY,10Y,379.546,31,CDXHY031 BEST Curncy
4319,2018-10-09,US_IG,5Y,61.669,31,CDXIG531 Curncy
4320,2018-10-09,US_HY,3Y,249.145,31,CDXHY331 BEST Curncy
4321,2018-10-09,US_HY,5Y,343.3282,31,CDXHY531 BEST Curncy
4322,2018-10-09,US_HY,7Y,375.518,31,CDXHY731 BEST Curncy
4323,2018-10-09,US_HY,10Y,379.535,31,CDXHY031 BEST Curncy
4333,2018-10-10,US_HY,10Y,391.321,31,CDXHY031 BEST Curncy
4332,2018-10-10,US_HY,7Y,388.049,31,CDXHY731 BEST Curncy
4329,2018-10-10,US_IG,5Y,65.742,31,CDXIG531 Curncy
4330,2018-10-10,US_HY,3Y,252.435,31,CDXHY331 BEST Curncy
4331,2018-10-10,US_HY,5Y,362.9377,31,CDXHY531 BEST Curncy
4339,2018-10-11,US_IG,5Y,65.729,31,CDXIG531 Curncy
4340,2018-10-11,US_HY,3Y,260.527,31,CDXHY331 BEST Curncy
4341,2018-10-11,US_HY,5Y,361.767,31,CDXHY531 BEST Curncy
4342,2018-10-11,US_HY,7Y,392.553,31,CDXHY731 BEST Curncy
4343,2018-10-11,US_HY,10Y,396.873,31,CDXHY031 BEST Curncy
4353,2018-10-12,US_HY,10Y,395.353,31,CDXHY031 BEST Curncy
4352,2018-10-12,US_HY,7Y,391.051,31,CDXHY731 BEST Curncy
4350,2018-10-12,US_HY,3Y,259.48,31,CDXHY331 BEST Curncy
4351,2018-10-12,US_HY,5Y,354.7023,31,CDXHY531 BEST Curncy
4349,2018-10-12,US_IG,5Y,64.198,31,CDXIG531 Curncy
4359,2018-10-15,US_IG,5Y,66.018,31,CDXIG531 Curncy
4360,2018-10-15,US_HY,3Y,258.618,31,CDXHY331 BEST Curncy
4361,2018-10-15,US_HY,5Y,362.0359,31,CDXHY531 BEST Curncy
4362,2018-10-15,US_HY,7Y,389.717,31,CDXHY731 BEST Curncy
4363,2018-10-15,US_HY,10Y,393.91,31,CDXHY031 BEST Curncy
4373,2018-10-16,US_HY,10Y,389.034,31,CDXHY031 BEST Curncy
4372,2018-10-16,US_HY,7Y,384.898,31,CDXHY731 BEST Curncy
4371,2018-10-16,US_HY,5Y,349.7831,31,CDXHY531 BEST Curncy
4370,2018-10-16,US_HY,3Y,255.378,31,CDXHY331 BEST Curncy
4369,2018-10-16,US_IG,5Y,63.426,31,CDXIG531 Curncy
4379,2018-10-17,US_IG,5Y,64.082,31,CDXIG531 Curncy
4380,2018-10-17,US_HY,3Y,256.123,31,CDXHY331 BEST Curncy
4381,2018-10-17,US_HY,5Y,353.5316,31,CDXHY531 BEST Curncy
4382,2018-10-17,US_HY,7Y,385.922,31,CDXHY731 BEST Curncy
4383,2018-10-17,US_HY,10Y,390.041,31,CDXHY031 BEST Curncy
4393,2018-10-18,US_HY,10Y,399.036,31,CDXHY031 BEST Curncy
4392,2018-10-18,US_HY,7Y,394.849,31,CDXHY731 BEST Curncy
4391,2018-10-18,US_HY,5Y,364.0571,31,CDXHY531 BEST Curncy
4390,2018-10-18,US_HY,3Y,262.133,31,CDXHY331 BEST Curncy
4389,2018-10-18,US_IG,5Y,67.416,31,CDXIG531 Curncy
4399,2018-10-19,US_IG,5Y,67.518,31,CDXIG531 Curncy
4400,2018-10-19,US_HY,3Y,264.546,31,CDXHY331 BEST Curncy
4401,2018-10-19,US_HY,5Y,366.5967,31,CDXHY531 BEST Curncy
4402,2018-10-19,US_HY,7Y,398.418,31,CDXHY731 BEST Curncy
4403,2018-10-19,US_HY,10Y,402.599,31,CDXHY031 BEST Curncy
4409,2018-10-22,US_IG,5Y,67.969,31,CDXIG531 Curncy
4410,2018-10-22,US_HY,3Y,271.549,31,CDXHY331 BEST Curncy
4411,2018-10-22,US_HY,5Y,371.0319,31,CDXHY531 BEST Curncy
4412,2018-10-22,US_HY,7Y,401.933,31,CDXHY731 BEST Curncy
4413,2018-10-22,US_HY,10Y,406.1,31,CDXHY031 BEST Curncy
4419,2018-10-23,US_IG,5Y,67.424,31,CDXIG531 Curncy
4420,2018-10-23,US_HY,3Y,270.599,31,CDXHY331 BEST Curncy
4421,2018-10-23,US_HY,5Y,369.9804,31,CDXHY531 BEST Curncy
4422,2018-10-23,US_HY,7Y,407.251,31,CDXHY731 BEST Curncy
4423,2018-10-23,US_HY,10Y,411.423,31,CDXHY031 BEST Curncy
4433,2018-10-24,US_HY,10Y,416.193,31,CDXHY031 BEST Curncy
4431,2018-10-24,US_HY,5Y,381.5067,31,CDXHY531 BEST Curncy
4432,2018-10-24,US_HY,7Y,412.043,31,CDXHY731 BEST Curncy
4430,2018-10-24,US_HY,3Y,273.843,31,CDXHY331 BEST Curncy
4429,2018-10-24,US_IG,5Y,69.702,31,CDXIG531 Curncy
4439,2018-10-25,US_IG,5Y,69.151,31,CDXIG531 Curncy
4440,2018-10-25,US_HY,3Y,273.104,31,CDXHY331 BEST Curncy
4441,2018-10-25,US_HY,5Y,379.0906,31,CDXHY531 BEST Curncy
4442,2018-10-25,US_HY,7Y,412.331,31,CDXHY731 BEST Curncy
4443,2018-10-25,US_HY,10Y,414.55,31,CDXHY031 BEST Curncy
4453,2018-10-26,US_HY,10Y,424.693,31,CDXHY031 BEST Curncy
4452,2018-10-26,US_HY,7Y,421.939,31,CDXHY731 BEST Curncy
4451,2018-10-26,US_HY,5Y,384.6294,31,CDXHY531 BEST Curncy
4450,2018-10-26,US_HY,3Y,290.778,31,CDXHY331 BEST Curncy
4449,2018-10-26,US_IG,5Y,69.981,31,CDXIG531 Curncy
4459,2018-10-29,US_IG,5Y,70.719,31,CDXIG531 Curncy
4460,2018-10-29,US_HY,3Y,278.824,31,CDXHY331 BEST Curncy
4461,2018-10-29,US_HY,5Y,385.4245,31,CDXHY531 BEST Curncy
4462,2018-10-29,US_HY,7Y,418.867,31,CDXHY731 BEST Curncy
4463,2018-10-29,US_HY,10Y,421.497,31,CDXHY031 BEST Curncy
4473,2018-10-30,US_HY,10Y,424.431,31,CDXHY031 BEST Curncy
4472,2018-10-30,US_HY,7Y,421.812,31,CDXHY731 BEST Curncy
4470,2018-10-30,US_HY,3Y,280.825,31,CDXHY331 BEST Curncy
4469,2018-10-30,US_IG,5Y,69.207,31,CDXIG531 Curncy
4471,2018-10-30,US_HY,5Y,379.1114,31,CDXHY531 BEST Curncy
4479,2018-10-31,US_IG,5Y,68.758,31,CDXIG531 Curncy
4480,2018-10-31,US_HY,3Y,271.229,31,CDXHY331 BEST Curncy
4481,2018-10-31,US_HY,5Y,375.0728,31,CDXHY531 BEST Curncy
4482,2018-10-31,US_HY,7Y,407.362,31,CDXHY731 BEST Curncy
4483,2018-10-31,US_HY,10Y,409.516,31,CDXHY031 BEST Curncy
4490,2018-11-01,US_HY,3Y,268.758,31,CDXHY331 BEST Curncy
4489,2018-11-01,US_IG,5Y,66.916,31,CDXIG531 Curncy
4491,2018-11-01,US_HY,5Y,366.6501,31,CDXHY531 BEST Curncy
4492,2018-11-01,US_HY,7Y,403.693,31,CDXHY731 BEST Curncy
4493,2018-11-01,US_HY,10Y,405.842,31,CDXHY031 BEST Curncy
4502,2018-11-02,US_HY,7Y,399.363,31,CDXHY731 BEST Curncy
4501,2018-11-02,US_HY,5Y,364.2478,31,CDXHY531 BEST Curncy
4503,2018-11-02,US_HY,10Y,401.46,31,CDXHY031 BEST Curncy
4499,2018-11-02,US_IG,5Y,66.043,31,CDXIG531 Curncy
4500,2018-11-02,US_HY,3Y,276.551,31,CDXHY331 BEST Curncy
4511,2018-11-05,US_HY,5Y,359.7376,31,CDXHY531 BEST Curncy
4512,2018-11-05,US_HY,7Y,393.242,31,CDXHY731 BEST Curncy
4509,2018-11-05,US_IG,5Y,65.14,31,CDXIG531 Curncy
4510,2018-11-05,US_HY,3Y,274.636,31,CDXHY331 BEST Curncy
4513,2018-11-05,US_HY,10Y,398.747,31,CDXHY031 BEST Curncy
4523,2018-11-06,US_HY,10Y,394.559,31,CDXHY031 BEST Curncy
4521,2018-11-06,US_HY,5Y,355.7259,31,CDXHY531 BEST Curncy
4522,2018-11-06,US_HY,7Y,389.113,31,CDXHY731 BEST Curncy
4520,2018-11-06,US_HY,3Y,271.701,31,CDXHY331 BEST Curncy
4519,2018-11-06,US_IG,5Y,64.241,31,CDXIG531 Curncy
4529,2018-11-07,US_IG,5Y,62.476,31,CDXIG531 Curncy
4530,2018-11-07,US_HY,3Y,253.719,31,CDXHY331 BEST Curncy
4531,2018-11-07,US_HY,5Y,347.2435,31,CDXHY531 BEST Curncy
4532,2018-11-07,US_HY,7Y,382.077,31,CDXHY731 BEST Curncy
4533,2018-11-07,US_HY,10Y,387.443,31,CDXHY031 BEST Curncy
4542,2018-11-08,US_HY,7Y,385.031,31,CDXHY731 BEST Curncy
4541,2018-11-08,US_HY,5Y,352.5898,31,CDXHY531 BEST Curncy
4543,2018-11-08,US_HY,10Y,391.568,31,CDXHY031 BEST Curncy
4539,2018-11-08,US_IG,5Y,63.549,31,CDXIG531 Curncy
4540,2018-11-08,US_HY,3Y,256.476,31,CDXHY331 BEST Curncy
4549,2018-11-09,US_IG,5Y,66.64,31,CDXIG531 Curncy
4550,2018-11-09,US_HY,3Y,270.071,31,CDXHY331 BEST Curncy
4551,2018-11-09,US_HY,5Y,368.4188,31,CDXHY531 BEST Curncy
4552,2018-11-09,US_HY,7Y,405.042,31,CDXHY731 BEST Curncy
4553,2018-11-09,US_HY,10Y,411.85,31,CDXHY031 BEST Curncy
4560,2018-11-12,US_HY,3Y,269.603,31,CDXHY331 BEST Curncy
4561,2018-11-12,US_HY,5Y,368.5907,31,CDXHY531 BEST Curncy
4562,2018-11-12,US_HY,7Y,404.766,31,CDXHY731 BEST Curncy
4563,2018-11-12,US_HY,10Y,411.941,31,CDXHY031 BEST Curncy
4574,2018-11-13,US_HY,10Y,411.936,31,CDXHY031 BEST Curncy
4573,2018-11-13,US_HY,7Y,419.316,31,CDXHY731 BEST Curncy
4570,2018-11-13,US_IG,5Y,69.421,31,CDXIG531 Curncy
4571,2018-11-13,US_HY,3Y,269.439,31,CDXHY331 BEST Curncy
4572,2018-11-13,US_HY,5Y,382.5391,31,CDXHY531 BEST Curncy
4581,2018-11-14,US_IG,5Y,71.685,31,CDXIG531 Curncy
4582,2018-11-14,US_HY,3Y,287.718,31,CDXHY331 BEST Curncy
4583,2018-11-14,US_HY,5Y,390.8401,31,CDXHY531 BEST Curncy
4584,2018-11-14,US_HY,7Y,431.068,31,CDXHY731 BEST Curncy
4585,2018-11-14,US_HY,10Y,412.116,31,CDXHY031 BEST Curncy
4596,2018-11-15,US_HY,10Y,412.195,31,CDXHY031 BEST Curncy
4595,2018-11-15,US_HY,7Y,432.618,31,CDXHY731 BEST Curncy
4594,2018-11-15,US_HY,5Y,392.1228,31,CDXHY531 BEST Curncy
4592,2018-11-15,US_IG,5Y,73.218,31,CDXIG531 Curncy
4593,2018-11-15,US_HY,3Y,287.644,31,CDXHY331 BEST Curncy
4603,2018-11-16,US_IG,5Y,74.272,31,CDXIG531 Curncy
4604,2018-11-16,US_HY,3Y,287.497,31,CDXHY331 BEST Curncy
4605,2018-11-16,US_HY,5Y,399.5908,31,CDXHY531 BEST Curncy
4606,2018-11-16,US_HY,7Y,441.373,31,CDXHY731 BEST Curncy
4607,2018-11-16,US_HY,10Y,412.211,31,CDXHY031 BEST Curncy
4618,2018-11-19,US_HY,10Y,412.304,31,CDXHY031 BEST Curncy
4617,2018-11-19,US_HY,7Y,451.122,31,CDXHY731 BEST Curncy
4616,2018-11-19,US_HY,5Y,411.0376,31,CDXHY531 BEST Curncy
4615,2018-11-19,US_HY,3Y,287.092,31,CDXHY331 BEST Curncy
4614,2018-11-19,US_IG,5Y,77.002,31,CDXIG531 Curncy
4625,2018-11-20,US_IG,5Y,79.158,31,CDXIG531 Curncy
4626,2018-11-20,US_HY,3Y,287.025,31,CDXHY331 BEST Curncy
4627,2018-11-20,US_HY,5Y,416.5835,31,CDXHY531 BEST Curncy
4628,2018-11-20,US_HY,7Y,456.163,31,CDXHY731 BEST Curncy
4629,2018-11-20,US_HY,10Y,412.378,31,CDXHY031 BEST Curncy
4639,2018-11-21,US_HY,7Y,445.458,31,CDXHY731 BEST Curncy
4638,2018-11-21,US_HY,5Y,407.8992,31,CDXHY531 BEST Curncy
4640,2018-11-21,US_HY,10Y,412.342,31,CDXHY031 BEST Curncy
4636,2018-11-21,US_IG,5Y,78.2,31,CDXIG531 Curncy
4637,2018-11-21,US_HY,3Y,286.848,31,CDXHY331 BEST Curncy
4647,2018-11-22,US_HY,3Y,286.639,31,CDXHY331 BEST Curncy
4648,2018-11-22,US_HY,5Y,406.9673,31,CDXHY531 BEST Curncy
4649,2018-11-22,US_HY,7Y,446.187,31,CDXHY731 BEST Curncy
4650,2018-11-22,US_HY,10Y,412.287,31,CDXHY031 BEST Curncy
4657,2018-11-23,US_IG,5Y,80.281,31,CDXIG531 Curncy
4658,2018-11-23,US_HY,3Y,286.476,31,CDXHY331 BEST Curncy
4659,2018-11-23,US_HY,5Y,416.7012,31,CDXHY531 BEST Curncy
4660,2018-11-23,US_HY,7Y,452.347,31,CDXHY731 BEST Curncy
4661,2018-11-23,US_HY,10Y,412.273,31,CDXHY031 BEST Curncy
4672,2018-11-26,US_HY,10Y,412.292,31,CDXHY031 BEST Curncy
4671,2018-11-26,US_HY,7Y,444.546,31,CDXHY731 BEST Curncy
4668,2018-11-26,US_IG,5Y,78.94,31,CDXIG531 Curncy
4669,2018-11-26,US_HY,3Y,285.976,31,CDXHY331 BEST Curncy
4670,2018-11-26,US_HY,5Y,412.2114,31,CDXHY531 BEST Curncy
4679,2018-11-27,US_IG,5Y,78.455,31,CDXIG531 Curncy
4680,2018-11-27,US_HY,3Y,285.757,31,CDXHY331 BEST Curncy
4681,2018-11-27,US_HY,5Y,407.8583,31,CDXHY531 BEST Curncy
4682,2018-11-27,US_HY,7Y,446.044,31,CDXHY731 BEST Curncy
4683,2018-11-27,US_HY,10Y,412.193,31,CDXHY031 BEST Curncy
4694,2018-11-28,US_HY,10Y,412.235,31,CDXHY031 BEST Curncy
4693,2018-11-28,US_HY,7Y,419.54,31,CDXHY731 BEST Curncy
4692,2018-11-28,US_HY,5Y,384.3036,31,CDXHY531 BEST Curncy
4690,2018-11-28,US_IG,5Y,73.6,31,CDXIG531 Curncy
4691,2018-11-28,US_HY,3Y,285.65,31,CDXHY331 BEST Curncy
4701,2018-11-29,US_IG,5Y,74.509,31,CDXIG531 Curncy
4702,2018-11-29,US_HY,3Y,285.543,31,CDXHY331 BEST Curncy
4703,2018-11-29,US_HY,5Y,386.463,31,CDXHY531 BEST Curncy
4704,2018-11-29,US_HY,7Y,417.107,31,CDXHY731 BEST Curncy
4705,2018-11-29,US_HY,10Y,412.285,31,CDXHY031 BEST Curncy
4715,2018-11-30,US_HY,7Y,427.084,31,CDXHY731 BEST Curncy
4716,2018-11-30,US_HY,10Y,412.356,31,CDXHY031 BEST Curncy
4713,2018-11-30,US_HY,3Y,285.408,31,CDXHY331 BEST Curncy
4712,2018-11-30,US_IG,5Y,74.964,31,CDXIG531 Curncy
4714,2018-11-30,US_HY,5Y,392.6462,31,CDXHY531 BEST Curncy
4723,2018-12-03,US_IG,5Y,74.514,31,CDXIG531 Curncy
4724,2018-12-03,US_HY,3Y,284.889,31,CDXHY331 BEST Curncy
4725,2018-12-03,US_HY,5Y,384.5264,31,CDXHY531 BEST Curncy
4726,2018-12-03,US_HY,7Y,419.152,31,CDXHY731 BEST Curncy
4727,2018-12-03,US_HY,10Y,412.351,31,CDXHY031 BEST Curncy
4738,2018-12-04,US_HY,10Y,412.346,31,CDXHY031 BEST Curncy
4737,2018-12-04,US_HY,7Y,435.537,31,CDXHY731 BEST Curncy
4735,2018-12-04,US_HY,3Y,284.663,31,CDXHY331 BEST Curncy
4734,2018-12-04,US_IG,5Y,79.146,31,CDXIG531 Curncy
4736,2018-12-04,US_HY,5Y,406.5112,31,CDXHY531 BEST Curncy
4745,2018-12-05,US_HY,3Y,284.629,31,CDXHY331 BEST Curncy
4746,2018-12-05,US_HY,5Y,406.4441,31,CDXHY531 BEST Curncy
4747,2018-12-05,US_HY,7Y,442.609,31,CDXHY731 BEST Curncy
4748,2018-12-05,US_HY,10Y,412.518,31,CDXHY031 BEST Curncy
4759,2018-12-06,US_HY,10Y,412.519,31,CDXHY031 BEST Curncy
4758,2018-12-06,US_HY,7Y,453.351,31,CDXHY731 BEST Curncy
4757,2018-12-06,US_HY,5Y,409.4473,31,CDXHY531 BEST Curncy
4756,2018-12-06,US_HY,3Y,284.494,31,CDXHY331 BEST Curncy
4755,2018-12-06,US_IG,5Y,79.273,31,CDXIG531 Curncy
4766,2018-12-07,US_IG,5Y,82.75,31,CDXIG531 Curncy
4767,2018-12-07,US_HY,3Y,284.422,31,CDXHY331 BEST Curncy
4768,2018-12-07,US_HY,5Y,422.6305,31,CDXHY531 BEST Curncy
4769,2018-12-07,US_HY,7Y,452.108,31,CDXHY731 BEST Curncy
4770,2018-12-07,US_HY,10Y,412.614,31,CDXHY031 BEST Curncy
4781,2018-12-10,US_HY,10Y,412.757,31,CDXHY031 BEST Curncy
4780,2018-12-10,US_HY,7Y,463.666,31,CDXHY731 BEST Curncy
4779,2018-12-10,US_HY,5Y,424.0627,31,CDXHY531 BEST Curncy
4778,2018-12-10,US_HY,3Y,284.04,31,CDXHY331 BEST Curncy
4777,2018-12-10,US_IG,5Y,81.388,31,CDXIG531 Curncy
4788,2018-12-11,US_IG,5Y,80.096,31,CDXIG531 Curncy
4789,2018-12-11,US_HY,3Y,283.943,31,CDXHY331 BEST Curncy
4790,2018-12-11,US_HY,5Y,421.7336,31,CDXHY531 BEST Curncy
4791,2018-12-11,US_HY,7Y,458.241,31,CDXHY731 BEST Curncy
4792,2018-12-11,US_HY,10Y,412.852,31,CDXHY031 BEST Curncy
4802,2018-12-12,US_HY,7Y,447.882,31,CDXHY731 BEST Curncy
4801,2018-12-12,US_HY,5Y,411.3246,31,CDXHY531 BEST Curncy
4803,2018-12-12,US_HY,10Y,412.704,31,CDXHY031 BEST Curncy
4799,2018-12-12,US_IG,5Y,77.914,31,CDXIG531 Curncy
4800,2018-12-12,US_HY,3Y,283.691,31,CDXHY331 BEST Curncy
4810,2018-12-13,US_IG,5Y,76.82,31,CDXIG531 Curncy
4811,2018-12-13,US_HY,3Y,283.458,31,CDXHY331 BEST Curncy
4812,2018-12-13,US_HY,5Y,405.452,31,CDXHY531 BEST Curncy
4813,2018-12-13,US_HY,7Y,441.289,31,CDXHY731 BEST Curncy
4814,2018-12-13,US_HY,10Y,412.563,31,CDXHY031 BEST Curncy
4825,2018-12-14,US_HY,10Y,412.578,31,CDXHY031 BEST Curncy
4824,2018-12-14,US_HY,7Y,454.129,31,CDXHY731 BEST Curncy
4823,2018-12-14,US_HY,5Y,417.3407,31,CDXHY531 BEST Curncy
4822,2018-12-14,US_HY,3Y,318.697,31,CDXHY331 BEST Curncy
4821,2018-12-14,US_IG,5Y,79.33,31,CDXIG531 Curncy
4832,2018-12-17,US_IG,5Y,81.993,31,CDXIG531 Curncy
4833,2018-12-17,US_HY,3Y,318.297,31,CDXHY331 BEST Curncy
4834,2018-12-17,US_HY,5Y,428.3561,31,CDXHY531 BEST Curncy
4835,2018-12-17,US_HY,7Y,457.957,31,CDXHY731 BEST Curncy
4836,2018-12-17,US_HY,10Y,412.604,31,CDXHY031 BEST Curncy
4846,2018-12-18,US_HY,7Y,460.817,31,CDXHY731 BEST Curncy
4845,2018-12-18,US_HY,5Y,428.7619,31,CDXHY531 BEST Curncy
4847,2018-12-18,US_HY,10Y,412.721,31,CDXHY031 BEST Curncy
4843,2018-12-18,US_IG,5Y,81.719,31,CDXIG531 Curncy
4844,2018-12-18,US_HY,3Y,318.235,31,CDXHY331 BEST Curncy
4854,2018-12-19,US_IG,5Y,86.131,31,CDXIG531 Curncy
4855,2018-12-19,US_HY,3Y,318.264,31,CDXHY331 BEST Curncy
4856,2018-12-19,US_HY,5Y,445.0875,31,CDXHY531 BEST Curncy
4857,2018-12-19,US_HY,7Y,465.572,31,CDXHY731 BEST Curncy
4858,2018-12-19,US_HY,10Y,412.892,31,CDXHY031 BEST Curncy
4868,2018-12-20,US_HY,7Y,501.76,31,CDXHY731 BEST Curncy
4867,2018-12-20,US_HY,5Y,462.6343,31,CDXHY531 BEST Curncy
4869,2018-12-20,US_HY,10Y,412.973,31,CDXHY031 BEST Curncy
4865,2018-12-20,US_IG,5Y,89.626,31,CDXIG531 Curncy
4866,2018-12-20,US_HY,3Y,318.105,31,CDXHY331 BEST Curncy
4876,2018-12-21,US_IG,5Y,92.512,31,CDXIG531 Curncy
4877,2018-12-21,US_HY,3Y,317.925,31,CDXHY331 BEST Curncy
4878,2018-12-21,US_HY,5Y,475.1391,31,CDXHY531 BEST Curncy
4879,2018-12-21,US_HY,7Y,500.244,31,CDXHY731 BEST Curncy
4880,2018-12-21,US_HY,10Y,412.905,31,CDXHY031 BEST Curncy
4891,2018-12-24,US_HY,10Y,412.856,31,CDXHY031 BEST Curncy
4887,2018-12-24,US_IG,5Y,94.912,31,CDXIG531 Curncy
4888,2018-12-24,US_HY,3Y,317.507,31,CDXHY331 BEST Curncy
4889,2018-12-24,US_HY,5Y,484.931,31,CDXHY531 BEST Curncy
4890,2018-12-24,US_HY,7Y,512.326,31,CDXHY731 BEST Curncy
4898,2018-12-25,US_HY,7Y,514.75,31,CDXHY731 BEST Curncy
4899,2018-12-25,US_HY,10Y,413.102,31,CDXHY031 BEST Curncy
4896,2018-12-25,US_HY,3Y,317.565,31,CDXHY331 BEST Curncy
4897,2018-12-25,US_HY,5Y,484.2259,31,CDXHY531 BEST Curncy
4904,2018-12-26,US_HY,10Y,413.099,31,CDXHY031 BEST Curncy
4903,2018-12-26,US_HY,7Y,497.61,31,CDXHY731 BEST Curncy
4902,2018-12-26,US_HY,5Y,451.9647,31,CDXHY531 BEST Curncy
4901,2018-12-26,US_HY,3Y,317.444,31,CDXHY331 BEST Curncy
4900,2018-12-26,US_IG,5Y,87.681,31,CDXIG531 Curncy
4911,2018-12-27,US_IG,5Y,89.401,31,CDXIG531 Curncy
4912,2018-12-27,US_HY,3Y,317.186,31,CDXHY331 BEST Curncy
4913,2018-12-27,US_HY,5Y,455.4106,31,CDXHY531 BEST Curncy
4914,2018-12-27,US_HY,7Y,500.99,31,CDXHY731 BEST Curncy
4915,2018-12-27,US_HY,10Y,412.848,31,CDXHY031 BEST Curncy
4926,2018-12-28,US_HY,10Y,412.981,31,CDXHY031 BEST Curncy
4925,2018-12-28,US_HY,7Y,480.653,31,CDXHY731 BEST Curncy
4923,2018-12-28,US_HY,3Y,317.153,31,CDXHY331 BEST Curncy
4922,2018-12-28,US_IG,5Y,88.241,31,CDXIG531 Curncy
4924,2018-12-28,US_HY,5Y,452.421,31,CDXHY531 BEST Curncy
4933,2018-12-31,US_IG,5Y,87.749,31,CDXIG531 Curncy
4934,2018-12-31,US_HY,3Y,316.798,31,CDXHY331 BEST Curncy
4935,2018-12-31,US_HY,5Y,449.1522,31,CDXHY531 BEST Curncy
4936,2018-12-31,US_HY,7Y,478.963,31,CDXHY731 BEST Curncy
4937,2018-12-31,US_HY,10Y,413.159,31,CDXHY031 BEST Curncy
4945,2019-01-01,US_HY,10Y,413.23,31,CDXHY031 BEST Curncy
4944,2019-01-01,US_HY,7Y,478.132,31,CDXHY731 BEST Curncy
4943,2019-01-01,US_HY,5Y,450.2192,31,CDXHY531 BEST Curncy
4942,2019-01-01,US_HY,3Y,316.687,31,CDXHY331 BEST Curncy
4952,2019-01-02,US_IG,5Y,88.788,31,CDXIG531 Curncy
4953,2019-01-02,US_HY,3Y,370.351,31,CDXHY331 BEST Curncy
4954,2019-01-02,US_HY,5Y,459.4397,31,CDXHY531 BEST Curncy
4955,2019-01-02,US_HY,7Y,479.77,31,CDXHY731 BEST Curncy
4956,2019-01-02,US_HY,10Y,413.227,31,CDXHY031 BEST Curncy
4967,2019-01-03,US_HY,10Y,413.281,31,CDXHY031 BEST Curncy
4966,2019-01-03,US_HY,7Y,489.978,31,CDXHY731 BEST Curncy
4965,2019-01-03,US_HY,5Y,465.3226,31,CDXHY531 BEST Curncy
4964,2019-01-03,US_HY,3Y,370.225,31,CDXHY331 BEST Curncy
4963,2019-01-03,US_IG,5Y,90.171,31,CDXIG531 Curncy
4974,2019-01-04,US_IG,5Y,83.644,31,CDXIG531 Curncy
4975,2019-01-04,US_HY,3Y,370.335,31,CDXHY331 BEST Curncy
4976,2019-01-04,US_HY,5Y,429.3848,31,CDXHY531 BEST Curncy
4977,2019-01-04,US_HY,7Y,463.937,31,CDXHY731 BEST Curncy
4978,2019-01-04,US_HY,10Y,413.689,31,CDXHY031 BEST Curncy
4988,2019-01-07,US_HY,7Y,444.73,31,CDXHY731 BEST Curncy
4987,2019-01-07,US_HY,5Y,417.3335,31,CDXHY531 BEST Curncy
4989,2019-01-07,US_HY,10Y,413.209,31,CDXHY031 BEST Curncy
4985,2019-01-07,US_IG,5Y,81.38,31,CDXIG531 Curncy
4986,2019-01-07,US_HY,3Y,369.83,31,CDXHY331 BEST Curncy
4996,2019-01-08,US_IG,5Y,78.62,31,CDXIG531 Curncy
4997,2019-01-08,US_HY,3Y,369.671,31,CDXHY331 BEST Curncy
4998,2019-01-08,US_HY,5Y,406.3476,31,CDXHY531 BEST Curncy
4999,2019-01-08,US_HY,7Y,438.181,31,CDXHY731 BEST Curncy
5000,2019-01-08,US_HY,10Y,413.052,31,CDXHY031 BEST Curncy
5011,2019-01-09,US_HY,10Y,412.916,31,CDXHY031 BEST Curncy
5010,2019-01-09,US_HY,7Y,434.251,31,CDXHY731 BEST Curncy
5009,2019-01-09,US_HY,5Y,412.9724,31,CDXHY531 BEST Curncy
5008,2019-01-09,US_HY,3Y,369.512,31,CDXHY331 BEST Curncy
5007,2019-01-09,US_IG,5Y,79.109,31,CDXIG531 Curncy
5018,2019-01-10,US_IG,5Y,77.11,31,CDXIG531 Curncy
5019,2019-01-10,US_HY,3Y,369.419,31,CDXHY331 BEST Curncy
5020,2019-01-10,US_HY,5Y,401.5464,31,CDXHY531 BEST Curncy
5021,2019-01-10,US_HY,7Y,431.733,31,CDXHY731 BEST Curncy
5022,2019-01-10,US_HY,10Y,412.949,31,CDXHY031 BEST Curncy
5032,2019-01-11,US_HY,7Y,432.736,31,CDXHY731 BEST Curncy
5031,2019-01-11,US_HY,5Y,404.0271,31,CDXHY531 BEST Curncy
5033,2019-01-11,US_HY,10Y,412.898,31,CDXHY031 BEST Curncy
5029,2019-01-11,US_IG,5Y,77.521,31,CDXIG531 Curncy
5030,2019-01-11,US_HY,3Y,369.306,31,CDXHY331 BEST Curncy
5040,2019-01-14,US_IG,5Y,79.37,31,CDXIG531 Curncy
5041,2019-01-14,US_HY,3Y,368.996,31,CDXHY331 BEST Curncy
5042,2019-01-14,US_HY,5Y,414.7464,31,CDXHY531 BEST Curncy
5043,2019-01-14,US_HY,7Y,437.81,31,CDXHY731 BEST Curncy
5044,2019-01-14,US_HY,10Y,412.964,31,CDXHY031 BEST Curncy
5054,2019-01-15,US_HY,7Y,437.377,31,CDXHY731 BEST Curncy
5053,2019-01-15,US_HY,5Y,405.0181,31,CDXHY531 BEST Curncy
5055,2019-01-15,US_HY,10Y,412.932,31,CDXHY031 BEST Curncy
5051,2019-01-15,US_IG,5Y,76.393,31,CDXIG531 Curncy
5052,2019-01-15,US_HY,3Y,368.903,31,CDXHY331 BEST Curncy
5062,2019-01-16,US_IG,5Y,76.321,31,CDXIG531 Curncy
5063,2019-01-16,US_HY,3Y,368.807,31,CDXHY331 BEST Curncy
5064,2019-01-16,US_HY,5Y,403.4934,31,CDXHY531 BEST Curncy
5065,2019-01-16,US_HY,7Y,428.241,31,CDXHY731 BEST Curncy
5066,2019-01-16,US_HY,10Y,412.884,31,CDXHY031 BEST Curncy
5073,2019-01-17,US_IG,5Y,73.555,31,CDXIG531 Curncy
5074,2019-01-17,US_HY,3Y,368.681,31,CDXHY331 BEST Curncy
5075,2019-01-17,US_HY,5Y,388.9541,31,CDXHY531 BEST Curncy
5076,2019-01-17,US_HY,7Y,426.877,31,CDXHY731 BEST Curncy
5077,2019-01-17,US_HY,10Y,412.825,31,CDXHY031 BEST Curncy
5087,2019-01-18,US_HY,7Y,426.801,31,CDXHY731 BEST Curncy
5086,2019-01-18,US_HY,5Y,382.7029,31,CDXHY531 BEST Curncy
5088,2019-01-18,US_HY,10Y,412.729,31,CDXHY031 BEST Curncy
5084,2019-01-18,US_IG,5Y,72.484,31,CDXIG531 Curncy
5085,2019-01-18,US_HY,3Y,368.55,31,CDXHY331 BEST Curncy
5095,2019-01-21,US_HY,3Y,368.139,31,CDXHY331 BEST Curncy
5096,2019-01-21,US_HY,5Y,382.7861,31,CDXHY531 BEST Curncy
5097,2019-01-21,US_HY,7Y,412.071,31,CDXHY731 BEST Curncy
5098,2019-01-21,US_HY,10Y,412.516,31,CDXHY031 BEST Curncy
5105,2019-01-22,US_IG,5Y,75.574,31,CDXIG531 Curncy
5106,2019-01-22,US_HY,3Y,304.93,31,CDXHY331 BEST Curncy
5107,2019-01-22,US_HY,5Y,398.2884,31,CDXHY531 BEST Curncy
5108,2019-01-22,US_HY,7Y,412.046,31,CDXHY731 BEST Curncy
5109,2019-01-22,US_HY,10Y,412.501,31,CDXHY031 BEST Curncy
5120,2019-01-23,US_HY,10Y,412.65,31,CDXHY031 BEST Curncy
5119,2019-01-23,US_HY,7Y,427.467,31,CDXHY731 BEST Curncy
5117,2019-01-23,US_HY,3Y,304.874,31,CDXHY331 BEST Curncy
5116,2019-01-23,US_IG,5Y,74.184,31,CDXIG531 Curncy
5118,2019-01-23,US_HY,5Y,396.0305,31,CDXHY531 BEST Curncy
5127,2019-01-24,US_IG,5Y,74.101,31,CDXIG531 Curncy
5128,2019-01-24,US_HY,3Y,304.706,31,CDXHY331 BEST Curncy
5129,2019-01-24,US_HY,5Y,385.3789,31,CDXHY531 BEST Curncy
5130,2019-01-24,US_HY,7Y,426.914,31,CDXHY731 BEST Curncy
5131,2019-01-24,US_HY,10Y,412.63,31,CDXHY031 BEST Curncy
5142,2019-01-25,US_HY,10Y,412.727,31,CDXHY031 BEST Curncy
5141,2019-01-25,US_HY,7Y,418.012,31,CDXHY731 BEST Curncy
5139,2019-01-25,US_HY,3Y,304.608,31,CDXHY331 BEST Curncy
5138,2019-01-25,US_IG,5Y,72.243,31,CDXIG531 Curncy
5140,2019-01-25,US_HY,5Y,374.7074,31,CDXHY531 BEST Curncy
5149,2019-01-28,US_IG,5Y,73.138,31,CDXIG531 Curncy
5150,2019-01-28,US_HY,3Y,304.049,31,CDXHY331 BEST Curncy
5151,2019-01-28,US_HY,5Y,380.5815,31,CDXHY531 BEST Curncy
5152,2019-01-28,US_HY,7Y,406.768,31,CDXHY731 BEST Curncy
5153,2019-01-28,US_HY,10Y,412.557,31,CDXHY031 BEST Curncy
5164,2019-01-29,US_HY,10Y,412.572,31,CDXHY031 BEST Curncy
5163,2019-01-29,US_HY,7Y,414.307,31,CDXHY731 BEST Curncy
5162,2019-01-29,US_HY,5Y,378.2805,31,CDXHY531 BEST Curncy
5160,2019-01-29,US_IG,5Y,72.4,31,CDXIG531 Curncy
5161,2019-01-29,US_HY,3Y,303.898,31,CDXHY331 BEST Curncy
5171,2019-01-30,US_IG,5Y,69.142,31,CDXIG531 Curncy
5172,2019-01-30,US_HY,3Y,303.833,31,CDXHY331 BEST Curncy
5173,2019-01-30,US_HY,5Y,358.8695,31,CDXHY531 BEST Curncy
5174,2019-01-30,US_HY,7Y,410.87,31,CDXHY731 BEST Curncy
5175,2019-01-30,US_HY,10Y,412.7,31,CDXHY031 BEST Curncy
5185,2019-01-31,US_HY,7Y,398.219,31,CDXHY731 BEST Curncy
5186,2019-01-31,US_HY,10Y,412.796,31,CDXHY031 BEST Curncy
5184,2019-01-31,US_HY,5Y,353.5273,31,CDXHY531 BEST Curncy
5182,2019-01-31,US_IG,5Y,66.113,31,CDXIG531 Curncy
5183,2019-01-31,US_HY,3Y,303.781,31,CDXHY331 BEST Curncy
5193,2019-02-01,US_IG,5Y,66.861,31,CDXIG531 Curncy
5194,2019-02-01,US_HY,3Y,303.738,31,CDXHY331 BEST Curncy
5195,2019-02-01,US_HY,5Y,357.2434,31,CDXHY531 BEST Curncy
5196,2019-02-01,US_HY,7Y,385.552,31,CDXHY731 BEST Curncy
5197,2019-02-01,US_HY,10Y,412.972,31,CDXHY031 BEST Curncy
5208,2019-02-04,US_HY,10Y,412.689,31,CDXHY031 BEST Curncy
5207,2019-02-04,US_HY,7Y,388.06,31,CDXHY731 BEST Curncy
5206,2019-02-04,US_HY,5Y,352.8737,31,CDXHY531 BEST Curncy
5205,2019-02-04,US_HY,3Y,303.118,31,CDXHY331 BEST Curncy
5204,2019-02-04,US_IG,5Y,65.122,31,CDXIG531 Curncy
5215,2019-02-05,US_IG,5Y,64.202,31,CDXIG531 Curncy
5216,2019-02-05,US_HY,3Y,302.893,31,CDXHY331 BEST Curncy
5217,2019-02-05,US_HY,5Y,345.57,31,CDXHY531 BEST Curncy
5218,2019-02-05,US_HY,7Y,385.166,31,CDXHY731 BEST Curncy
5219,2019-02-05,US_HY,10Y,412.586,31,CDXHY031 BEST Curncy
5229,2019-02-06,US_HY,7Y,379.721,31,CDXHY731 BEST Curncy
5228,2019-02-06,US_HY,5Y,350.7417,31,CDXHY531 BEST Curncy
5230,2019-02-06,US_HY,10Y,412.652,31,CDXHY031 BEST Curncy
5226,2019-02-06,US_IG,5Y,66.109,31,CDXIG531 Curncy
5227,2019-02-06,US_HY,3Y,302.783,31,CDXHY331 BEST Curncy
5237,2019-02-07,US_IG,5Y,68.498,31,CDXIG531 Curncy
5238,2019-02-07,US_HY,3Y,302.651,31,CDXHY331 BEST Curncy
5239,2019-02-07,US_HY,5Y,363.9999,31,CDXHY531 BEST Curncy
5240,2019-02-07,US_HY,7Y,384.516,31,CDXHY731 BEST Curncy
5241,2019-02-07,US_HY,10Y,412.678,31,CDXHY031 BEST Curncy
5251,2019-02-08,US_HY,7Y,398.225,31,CDXHY731 BEST Curncy
5250,2019-02-08,US_HY,5Y,365.5682,31,CDXHY531 BEST Curncy
5252,2019-02-08,US_HY,10Y,412.793,31,CDXHY031 BEST Curncy
5248,2019-02-08,US_IG,5Y,67.184,31,CDXIG531 Curncy
5249,2019-02-08,US_HY,3Y,276.315,31,CDXHY331 BEST Curncy
5259,2019-02-11,US_IG,5Y,67.84,31,CDXIG531 Curncy
5260,2019-02-11,US_HY,3Y,275.751,31,CDXHY331 BEST Curncy
5261,2019-02-11,US_HY,5Y,363.9796,31,CDXHY531 BEST Curncy
5262,2019-02-11,US_HY,7Y,399.344,31,CDXHY731 BEST Curncy
5263,2019-02-11,US_HY,10Y,412.79,31,CDXHY031 BEST Curncy
5270,2019-02-12,US_IG,5Y,64.779,31,CDXIG531 Curncy
5271,2019-02-12,US_HY,3Y,275.563,31,CDXHY331 BEST Curncy
5272,2019-02-12,US_HY,5Y,352.5618,31,CDXHY531 BEST Curncy
5273,2019-02-12,US_HY,7Y,397.634,31,CDXHY731 BEST Curncy
5274,2019-02-12,US_HY,10Y,412.712,31,CDXHY031 BEST Curncy
5285,2019-02-13,US_HY,10Y,412.658,31,CDXHY031 BEST Curncy
5283,2019-02-13,US_HY,5Y,348.0517,31,CDXHY531 BEST Curncy
5284,2019-02-13,US_HY,7Y,383.971,31,CDXHY731 BEST Curncy
5281,2019-02-13,US_IG,5Y,65.2,31,CDXIG531 Curncy
5282,2019-02-13,US_HY,3Y,275.37,31,CDXHY331 BEST Curncy
5292,2019-02-14,US_IG,5Y,64.923,31,CDXIG531 Curncy
5293,2019-02-14,US_HY,3Y,275.095,31,CDXHY331 BEST Curncy
5294,2019-02-14,US_HY,5Y,353.5944,31,CDXHY531 BEST Curncy
5295,2019-02-14,US_HY,7Y,380.86,31,CDXHY731 BEST Curncy
5296,2019-02-14,US_HY,10Y,412.535,31,CDXHY031 BEST Curncy
5303,2019-02-15,US_IG,5Y,62.515,31,CDXIG531 Curncy
5304,2019-02-15,US_HY,3Y,274.987,31,CDXHY331 BEST Curncy
5305,2019-02-15,US_HY,5Y,345.1953,31,CDXHY531 BEST Curncy
5306,2019-02-15,US_HY,7Y,386.043,31,CDXHY731 BEST Curncy
5307,2019-02-15,US_HY,10Y,412.668,31,CDXHY031 BEST Curncy
5317,2019-02-18,US_HY,10Y,412.565,31,CDXHY031 BEST Curncy
5316,2019-02-18,US_HY,7Y,378.131,31,CDXHY731 BEST Curncy
5314,2019-02-18,US_HY,3Y,274.364,31,CDXHY331 BEST Curncy
5315,2019-02-18,US_HY,5Y,345.5868,31,CDXHY531 BEST Curncy
5324,2019-02-19,US_IG,5Y,61.437,31,CDXIG531 Curncy
5325,2019-02-19,US_HY,3Y,274.175,31,CDXHY331 BEST Curncy
5326,2019-02-19,US_HY,5Y,343.178,31,CDXHY531 BEST Curncy
5327,2019-02-19,US_HY,7Y,379.544,31,CDXHY731 BEST Curncy
5328,2019-02-19,US_HY,10Y,412.551,31,CDXHY031 BEST Curncy
5339,2019-02-20,US_HY,10Y,412.667,31,CDXHY031 BEST Curncy
5338,2019-02-20,US_HY,7Y,374.534,31,CDXHY731 BEST Curncy
5335,2019-02-20,US_IG,5Y,60.471,31,CDXIG531 Curncy
5336,2019-02-20,US_HY,3Y,274.113,31,CDXHY331 BEST Curncy
5337,2019-02-20,US_HY,5Y,345.9233,31,CDXHY531 BEST Curncy
5346,2019-02-21,US_IG,5Y,61.903,31,CDXIG531 Curncy
5347,2019-02-21,US_HY,3Y,273.943,31,CDXHY331 BEST Curncy
5348,2019-02-21,US_HY,5Y,348.5107,31,CDXHY531 BEST Curncy
5349,2019-02-21,US_HY,7Y,376.724,31,CDXHY731 BEST Curncy
5350,2019-02-21,US_HY,10Y,412.648,31,CDXHY031 BEST Curncy
5361,2019-02-22,US_HY,10Y,412.549,31,CDXHY031 BEST Curncy
5360,2019-02-22,US_HY,7Y,377.057,31,CDXHY731 BEST Curncy
5358,2019-02-22,US_HY,3Y,273.716,31,CDXHY331 BEST Curncy
5357,2019-02-22,US_IG,5Y,61.381,31,CDXIG531 Curncy
5359,2019-02-22,US_HY,5Y,348.2792,31,CDXHY531 BEST Curncy
5372,2019-02-25,US_HY,10Y,412.604,31,CDXHY031 BEST Curncy
5368,2019-02-25,US_IG,5Y,61.001,31,CDXIG531 Curncy
5369,2019-02-25,US_HY,3Y,273.172,31,CDXHY331 BEST Curncy
5370,2019-02-25,US_HY,5Y,340.335,31,CDXHY531 BEST Curncy
5371,2019-02-25,US_HY,7Y,376.73,31,CDXHY731 BEST Curncy
5383,2019-02-26,US_HY,10Y,412.569,31,CDXHY031 BEST Curncy
5382,2019-02-26,US_HY,7Y,369.357,31,CDXHY731 BEST Curncy
5381,2019-02-26,US_HY,5Y,343.6403,31,CDXHY531 BEST Curncy
5380,2019-02-26,US_HY,3Y,260.126,31,CDXHY331 BEST Curncy
5379,2019-02-26,US_IG,5Y,60.559,31,CDXIG531 Curncy
5390,2019-02-27,US_IG,5Y,59.725,31,CDXIG531 Curncy
5391,2019-02-27,US_HY,3Y,260.041,31,CDXHY331 BEST Curncy
5392,2019-02-27,US_HY,5Y,344.2751,31,CDXHY531 BEST Curncy
5393,2019-02-27,US_HY,7Y,374.567,31,CDXHY731 BEST Curncy
5394,2019-02-27,US_HY,10Y,412.683,31,CDXHY031 BEST Curncy
5405,2019-02-28,US_HY,10Y,412.539,31,CDXHY031 BEST Curncy
5404,2019-02-28,US_HY,7Y,374.872,31,CDXHY731 BEST Curncy
5402,2019-02-28,US_HY,3Y,259.791,31,CDXHY331 BEST Curncy
5401,2019-02-28,US_IG,5Y,60.159,31,CDXIG531 Curncy
5403,2019-02-28,US_HY,5Y,346.735,31,CDXHY531 BEST Curncy
5412,2019-03-01,US_IG,5Y,59.279,31,CDXIG531 Curncy
5413,2019-03-01,US_HY,3Y,259.506,31,CDXHY331 BEST Curncy
5414,2019-03-01,US_HY,5Y,342.3332,31,CDXHY531 BEST Curncy
5415,2019-03-01,US_HY,7Y,377.825,31,CDXHY731 BEST Curncy
5416,2019-03-01,US_HY,10Y,412.404,31,CDXHY031 BEST Curncy
5426,2019-03-04,US_HY,7Y,373.122,31,CDXHY731 BEST Curncy
5425,2019-03-04,US_HY,5Y,345.9881,31,CDXHY531 BEST Curncy
5427,2019-03-04,US_HY,10Y,412.204,31,CDXHY031 BEST Curncy
5423,2019-03-04,US_IG,5Y,59.823,31,CDXIG531 Curncy
5424,2019-03-04,US_HY,3Y,258.762,31,CDXHY331 BEST Curncy
5434,2019-03-05,US_IG,5Y,61.194,31,CDXIG531 Curncy
5435,2019-03-05,US_HY,3Y,258.605,31,CDXHY331 BEST Curncy
5436,2019-03-05,US_HY,5Y,345.2881,31,CDXHY531 BEST Curncy
5437,2019-03-05,US_HY,7Y,375.18,31,CDXHY731 BEST Curncy
5438,2019-03-05,US_HY,10Y,412.316,31,CDXHY031 BEST Curncy
5448,2019-03-06,US_HY,7Y,379.134,31,CDXHY731 BEST Curncy
5447,2019-03-06,US_HY,5Y,349.6003,31,CDXHY531 BEST Curncy
5449,2019-03-06,US_HY,10Y,412.293,31,CDXHY031 BEST Curncy
5445,2019-03-06,US_IG,5Y,62.89,31,CDXIG531 Curncy
5446,2019-03-06,US_HY,3Y,258.391,31,CDXHY331 BEST Curncy
5456,2019-03-07,US_IG,5Y,63.948,31,CDXIG531 Curncy
5457,2019-03-07,US_HY,3Y,258.243,31,CDXHY331 BEST Curncy
5458,2019-03-07,US_HY,5Y,364.987,31,CDXHY531 BEST Curncy
5459,2019-03-07,US_HY,7Y,385.043,31,CDXHY731 BEST Curncy
5460,2019-03-07,US_HY,10Y,412.374,31,CDXHY031 BEST Curncy
5467,2019-03-08,US_IG,5Y,63.637,31,CDXIG531 Curncy
5468,2019-03-08,US_HY,3Y,258.134,31,CDXHY331 BEST Curncy
5469,2019-03-08,US_HY,5Y,365.0576,31,CDXHY531 BEST Curncy
5470,2019-03-08,US_HY,7Y,394.196,31,CDXHY731 BEST Curncy
5471,2019-03-08,US_HY,10Y,412.493,31,CDXHY031 BEST Curncy
5482,2019-03-11,US_HY,10Y,412.494,31,CDXHY031 BEST Curncy
5481,2019-03-11,US_HY,7Y,399.233,31,CDXHY731 BEST Curncy
5479,2019-03-11,US_HY,3Y,257.502,31,CDXHY331 BEST Curncy
5478,2019-03-11,US_IG,5Y,59.981,31,CDXIG531 Curncy
5480,2019-03-11,US_HY,5Y,367.4662,31,CDXHY531 BEST Curncy
5489,2019-03-12,US_IG,5Y,59.58,31,CDXIG531 Curncy
5490,2019-03-12,US_HY,3Y,257.249,31,CDXHY331 BEST Curncy
5491,2019-03-12,US_HY,5Y,346.9948,31,CDXHY531 BEST Curncy
5492,2019-03-12,US_HY,7Y,383.819,31,CDXHY731 BEST Curncy
5493,2019-03-12,US_HY,10Y,412.418,31,CDXHY031 BEST Curncy
5504,2019-03-13,US_HY,10Y,412.562,31,CDXHY031 BEST Curncy
5502,2019-03-13,US_HY,5Y,341.5855,31,CDXHY531 BEST Curncy
5503,2019-03-13,US_HY,7Y,375.888,31,CDXHY731 BEST Curncy
5500,2019-03-13,US_IG,5Y,58.145,31,CDXIG531 Curncy
5501,2019-03-13,US_HY,3Y,257.162,31,CDXHY331 BEST Curncy
5511,2019-03-14,US_IG,5Y,58.428,31,CDXIG531 Curncy
5512,2019-03-14,US_HY,3Y,256.94,31,CDXHY331 BEST Curncy
5513,2019-03-14,US_HY,5Y,343.0148,31,CDXHY531 BEST Curncy
5514,2019-03-14,US_HY,7Y,368.762,31,CDXHY731 BEST Curncy
5515,2019-03-14,US_HY,10Y,412.527,31,CDXHY031 BEST Curncy
5525,2019-03-15,US_HY,7Y,372.773,31,CDXHY731 BEST Curncy
5524,2019-03-15,US_HY,5Y,340.0114,31,CDXHY531 BEST Curncy
5526,2019-03-15,US_HY,10Y,412.473,31,CDXHY031 BEST Curncy
5522,2019-03-15,US_IG,5Y,57.927,31,CDXIG531 Curncy
5523,2019-03-15,US_HY,3Y,256.732,31,CDXHY331 BEST Curncy
5537,2019-03-18,US_HY,10Y,412.508,31,CDXHY031 BEST Curncy
5536,2019-03-18,US_HY,7Y,370.433,31,CDXHY731 BEST Curncy
5533,2019-03-18,US_IG,5Y,57.185,31,CDXIG531 Curncy
5534,2019-03-18,US_HY,3Y,256.116,31,CDXHY331 BEST Curncy
5535,2019-03-18,US_HY,5Y,339.0797,31,CDXHY531 BEST Curncy
5547,2019-03-19,US_HY,7Y,369.549,31,CDXHY731 BEST Curncy
5546,2019-03-19,US_HY,5Y,335.0282,31,CDXHY531 BEST Curncy
5548,2019-03-19,US_HY,10Y,412.455,31,CDXHY031 BEST Curncy
5544,2019-03-19,US_IG,5Y,57.633,31,CDXIG531 Curncy
5545,2019-03-19,US_HY,3Y,255.887,31,CDXHY331 BEST Curncy
5553,2019-03-20,US_IG,5Y,66.97,32,CDXIG532 Curncy
5554,2019-03-20,US_IG,10Y,112.877,32,CDXIG032 Curncy
5562,2019-03-21,US_IG,5Y,65.5,32,CDXIG532 Curncy
5563,2019-03-21,US_IG,7Y,88.875,32,CDXIG732 Curncy
5564,2019-03-21,US_IG,10Y,111.0,32,CDXIG032 Curncy
5561,2019-03-21,US_IG,3Y,35.875,32,CDXIG332 Curncy
5571,2019-03-22,US_IG,3Y,35.0,32,CDXIG332 Curncy
5572,2019-03-22,US_IG,5Y,66.83,32,CDXIG532 Curncy
5573,2019-03-22,US_IG,7Y,88.375,32,CDXIG732 Curncy
5574,2019-03-22,US_IG,10Y,110.375,32,CDXIG032 Curncy
5583,2019-03-25,US_IG,7Y,92.625,32,CDXIG732 Curncy
5584,2019-03-25,US_IG,10Y,114.375,32,CDXIG032 Curncy
5582,2019-03-25,US_IG,5Y,68.66,32,CDXIG532 Curncy
5581,2019-03-25,US_IG,3Y,38.25,32,CDXIG332 Curncy
5591,2019-03-26,US_IG,3Y,37.932,32,CDXIG332 Curncy
5592,2019-03-26,US_IG,5Y,67.2,32,CDXIG532 Curncy
5593,2019-03-26,US_IG,7Y,92.027,32,CDXIG732 Curncy
5594,2019-03-26,US_IG,10Y,113.599,32,CDXIG032 Curncy
5605,2019-03-27,US_HY,5Y,365.4318,32,CDXHY532 BEST Curncy
5603,2019-03-27,US_IG,7Y,93.027,32,CDXIG732 Curncy
5604,2019-03-27,US_IG,10Y,113.972,32,CDXIG032 Curncy
5601,2019-03-27,US_IG,3Y,38.097,32,CDXIG332 Curncy
5602,2019-03-27,US_IG,5Y,67.83,32,CDXIG532 Curncy
5612,2019-03-28,US_IG,3Y,36.375,32,CDXIG332 Curncy
5613,2019-03-28,US_IG,5Y,66.44,32,CDXIG532 Curncy
5614,2019-03-28,US_IG,7Y,90.25,32,CDXIG732 Curncy
5615,2019-03-28,US_IG,10Y,111.875,32,CDXIG032 Curncy
5616,2019-03-28,US_HY,5Y,359.0017,32,CDXHY532 BEST Curncy
5617,2019-03-28,US_HY,7Y,404.166,32,CDXHY732 BEST Curncy
5629,2019-03-29,US_HY,7Y,397.072,32,CDXHY732 BEST Curncy
5628,2019-03-29,US_HY,5Y,348.1359,32,CDXHY532 BEST Curncy
5627,2019-03-29,US_IG,10Y,109.503,32,CDXIG032 Curncy
5625,2019-03-29,US_IG,5Y,63.87,32,CDXIG532 Curncy
5624,2019-03-29,US_IG,3Y,35.418,32,CDXIG332 Curncy
5626,2019-03-29,US_IG,7Y,88.792,32,CDXIG732 Curncy
5641,2019-04-01,US_HY,7Y,387.771,32,CDXHY732 BEST Curncy
5636,2019-04-01,US_IG,3Y,34.125,32,CDXIG332 Curncy
5637,2019-04-01,US_IG,5Y,61.83,32,CDXIG532 Curncy
5638,2019-04-01,US_IG,7Y,87.375,32,CDXIG732 Curncy
5639,2019-04-01,US_IG,10Y,108.375,32,CDXIG032 Curncy
5640,2019-04-01,US_HY,5Y,341.8144,32,CDXHY532 BEST Curncy
5653,2019-04-02,US_HY,7Y,376.793,32,CDXHY732 BEST Curncy
5652,2019-04-02,US_HY,5Y,343.0888,32,CDXHY532 BEST Curncy
5651,2019-04-02,US_IG,10Y,107.625,32,CDXIG032 Curncy
5649,2019-04-02,US_IG,5Y,62.35,32,CDXIG532 Curncy
5648,2019-04-02,US_IG,3Y,33.25,32,CDXIG332 Curncy
5650,2019-04-02,US_IG,7Y,86.25,32,CDXIG732 Curncy
5663,2019-04-03,US_IG,10Y,106.919,32,CDXIG032 Curncy
5662,2019-04-03,US_IG,7Y,85.786,32,CDXIG732 Curncy
5664,2019-04-03,US_HY,5Y,343.7798,32,CDXHY532 BEST Curncy
5660,2019-04-03,US_IG,3Y,32.912,32,CDXIG332 Curncy
5661,2019-04-03,US_IG,5Y,61.29,32,CDXIG532 Curncy
5665,2019-04-03,US_HY,7Y,378.783,32,CDXHY732 BEST Curncy
5677,2019-04-04,US_HY,7Y,377.298,32,CDXHY732 BEST Curncy
5676,2019-04-04,US_HY,5Y,342.6206,32,CDXHY532 BEST Curncy
5675,2019-04-04,US_IG,10Y,106.975,32,CDXIG032 Curncy
5673,2019-04-04,US_IG,5Y,62.04,32,CDXIG532 Curncy
5672,2019-04-04,US_IG,3Y,33.046,32,CDXIG332 Curncy
5674,2019-04-04,US_IG,7Y,85.903,32,CDXIG732 Curncy
5688,2019-04-05,US_HY,5Y,339.4509,32,CDXHY532 BEST Curncy
5687,2019-04-05,US_IG,10Y,105.699,32,CDXIG032 Curncy
5689,2019-04-05,US_HY,7Y,378.834,32,CDXHY732 BEST Curncy
5685,2019-04-05,US_IG,5Y,60.07,32,CDXIG532 Curncy
5684,2019-04-05,US_IG,3Y,31.843,32,CDXIG332 Curncy
5686,2019-04-05,US_IG,7Y,84.572,32,CDXIG732 Curncy
5696,2019-04-08,US_IG,3Y,31.75,32,CDXIG332 Curncy
5697,2019-04-08,US_IG,5Y,60.56,32,CDXIG532 Curncy
5698,2019-04-08,US_IG,7Y,84.25,32,CDXIG732 Curncy
5699,2019-04-08,US_IG,10Y,105.75,32,CDXIG032 Curncy
5700,2019-04-08,US_HY,5Y,338.3148,32,CDXHY532 BEST Curncy
5701,2019-04-08,US_HY,7Y,374.889,32,CDXHY732 BEST Curncy
5712,2019-04-09,US_HY,5Y,341.4279,32,CDXHY532 BEST Curncy
5711,2019-04-09,US_IG,10Y,105.875,32,CDXIG032 Curncy
5713,2019-04-09,US_HY,7Y,373.397,32,CDXHY732 BEST Curncy
5709,2019-04-09,US_IG,5Y,60.45,32,CDXIG532 Curncy
5708,2019-04-09,US_IG,3Y,31.75,32,CDXIG332 Curncy
5710,2019-04-09,US_IG,7Y,84.25,32,CDXIG732 Curncy
5720,2019-04-10,US_IG,3Y,31.375,32,CDXIG332 Curncy
5721,2019-04-10,US_IG,5Y,60.39,32,CDXIG532 Curncy
5722,2019-04-10,US_IG,7Y,84.125,32,CDXIG732 Curncy
5723,2019-04-10,US_IG,10Y,106.0,32,CDXIG032 Curncy
5724,2019-04-10,US_HY,5Y,337.2487,32,CDXHY532 BEST Curncy
5725,2019-04-10,US_HY,7Y,375.8,32,CDXHY732 BEST Curncy
5737,2019-04-11,US_HY,7Y,372.503,32,CDXHY732 BEST Curncy
5736,2019-04-11,US_HY,5Y,335.3429,32,CDXHY532 BEST Curncy
5735,2019-04-11,US_IG,10Y,105.25,32,CDXIG032 Curncy
5734,2019-04-11,US_IG,7Y,83.25,32,CDXIG732 Curncy
5732,2019-04-11,US_IG,3Y,30.625,32,CDXIG332 Curncy
5733,2019-04-11,US_IG,5Y,59.4,32,CDXIG532 Curncy
5744,2019-04-12,US_IG,3Y,29.613,32,CDXIG332 Curncy
5745,2019-04-12,US_IG,5Y,56.4,32,CDXIG532 Curncy
5746,2019-04-12,US_IG,7Y,81.518,32,CDXIG732 Curncy
5747,2019-04-12,US_IG,10Y,102.354,32,CDXIG032 Curncy
5748,2019-04-12,US_HY,5Y,326.5979,32,CDXHY532 BEST Curncy
5749,2019-04-12,US_HY,7Y,369.346,32,CDXHY732 BEST Curncy
5761,2019-04-15,US_HY,7Y,359.213,32,CDXHY732 BEST Curncy
5760,2019-04-15,US_HY,5Y,325.0282,32,CDXHY532 BEST Curncy
5759,2019-04-15,US_IG,10Y,102.576,32,CDXIG032 Curncy
5757,2019-04-15,US_IG,5Y,57.12,32,CDXIG532 Curncy
5756,2019-04-15,US_IG,3Y,29.006,32,CDXIG332 Curncy
5758,2019-04-15,US_IG,7Y,81.412,32,CDXIG732 Curncy
5773,2019-04-16,US_HY,7Y,358.898,32,CDXHY732 BEST Curncy
5768,2019-04-16,US_IG,3Y,29.25,32,CDXIG332 Curncy
5769,2019-04-16,US_IG,5Y,57.19,32,CDXIG532 Curncy
5770,2019-04-16,US_IG,7Y,81.25,32,CDXIG732 Curncy
5771,2019-04-16,US_IG,10Y,102.625,32,CDXIG032 Curncy
5772,2019-04-16,US_HY,5Y,325.0075,32,CDXHY532 BEST Curncy
5785,2019-04-17,US_HY,7Y,358.964,32,CDXHY732 BEST Curncy
5784,2019-04-17,US_HY,5Y,326.0181,32,CDXHY532 BEST Curncy
5783,2019-04-17,US_IG,10Y,102.72,32,CDXIG032 Curncy
5782,2019-04-17,US_IG,7Y,81.748,32,CDXIG732 Curncy
5780,2019-04-17,US_IG,3Y,29.259,32,CDXIG332 Curncy
5781,2019-04-17,US_IG,5Y,56.95,32,CDXIG532 Curncy
5796,2019-04-18,US_HY,5Y,325.6551,32,CDXHY532 BEST Curncy
5795,2019-04-18,US_IG,10Y,102.75,32,CDXIG032 Curncy
5797,2019-04-18,US_HY,7Y,358.82,32,CDXHY732 BEST Curncy
5793,2019-04-18,US_IG,5Y,57.11,32,CDXIG532 Curncy
5792,2019-04-18,US_IG,3Y,29.375,32,CDXIG332 Curncy
5794,2019-04-18,US_IG,7Y,81.375,32,CDXIG732 Curncy
5807,2019-04-19,US_HY,7Y,359.446,32,CDXHY732 BEST Curncy
5806,2019-04-19,US_HY,5Y,325.6993,32,CDXHY532 BEST Curncy
5805,2019-04-19,US_IG,10Y,102.841,32,CDXIG032 Curncy
5802,2019-04-19,US_IG,3Y,29.577,32,CDXIG332 Curncy
5803,2019-04-19,US_IG,5Y,57.33,32,CDXIG532 Curncy
5804,2019-04-19,US_IG,7Y,82.067,32,CDXIG732 Curncy
5809,2019-04-22,US_IG,3Y,30.125,32,CDXIG332 Curncy
5810,2019-04-22,US_IG,5Y,58.21,32,CDXIG532 Curncy
5811,2019-04-22,US_IG,7Y,82.375,32,CDXIG732 Curncy
5812,2019-04-22,US_IG,10Y,103.75,32,CDXIG032 Curncy
5813,2019-04-22,US_HY,3Y,238.569,32,CDXHY332 BEST Curncy
5814,2019-04-22,US_HY,5Y,328.6174,32,CDXHY532 BEST Curncy
5815,2019-04-22,US_HY,7Y,358.775,32,CDXHY732 BEST Curncy
5827,2019-04-23,US_HY,5Y,324.2703,32,CDXHY532 BEST Curncy
5822,2019-04-23,US_IG,3Y,29.715,32,CDXIG332 Curncy
5823,2019-04-23,US_IG,5Y,57.84,32,CDXIG532 Curncy
5824,2019-04-23,US_IG,7Y,82.309,32,CDXIG732 Curncy
5825,2019-04-23,US_IG,10Y,103.38,32,CDXIG032 Curncy
5826,2019-04-23,US_HY,3Y,238.39,32,CDXHY332 BEST Curncy
5828,2019-04-23,US_HY,7Y,363.0,32,CDXHY732 BEST Curncy
5839,2019-04-24,US_HY,3Y,235.883,32,CDXHY332 BEST Curncy
5841,2019-04-24,US_HY,7Y,359.301,32,CDXHY732 BEST Curncy
5838,2019-04-24,US_IG,10Y,103.375,32,CDXIG032 Curncy
5840,2019-04-24,US_HY,5Y,327.8544,32,CDXHY532 BEST Curncy
5836,2019-04-24,US_IG,5Y,57.18,32,CDXIG532 Curncy
5835,2019-04-24,US_IG,3Y,29.75,32,CDXIG332 Curncy
5837,2019-04-24,US_IG,7Y,82.0,32,CDXIG732 Curncy
5853,2019-04-25,US_HY,5Y,330.7079,32,CDXHY532 BEST Curncy
5852,2019-04-25,US_HY,3Y,235.821,32,CDXHY332 BEST Curncy
5851,2019-04-25,US_IG,10Y,104.272,32,CDXIG032 Curncy
5854,2019-04-25,US_HY,7Y,362.715,32,CDXHY732 BEST Curncy
5849,2019-04-25,US_IG,5Y,59.19,32,CDXIG532 Curncy
5848,2019-04-25,US_IG,3Y,30.254,32,CDXIG332 Curncy
5850,2019-04-25,US_IG,7Y,83.023,32,CDXIG732 Curncy
5861,2019-04-26,US_IG,3Y,30.375,32,CDXIG332 Curncy
5862,2019-04-26,US_IG,5Y,57.52,32,CDXIG532 Curncy
5863,2019-04-26,US_IG,7Y,82.75,32,CDXIG732 Curncy
5864,2019-04-26,US_IG,10Y,104.25,32,CDXIG032 Curncy
5865,2019-04-26,US_HY,3Y,235.555,32,CDXHY332 BEST Curncy
5866,2019-04-26,US_HY,5Y,325.3833,32,CDXHY532 BEST Curncy
5867,2019-04-26,US_HY,7Y,365.331,32,CDXHY732 BEST Curncy
5879,2019-04-29,US_HY,5Y,324.1346,32,CDXHY532 BEST Curncy
5880,2019-04-29,US_HY,7Y,360.61,32,CDXHY732 BEST Curncy
5878,2019-04-29,US_HY,3Y,235.061,32,CDXHY332 BEST Curncy
5877,2019-04-29,US_IG,10Y,103.25,32,CDXIG032 Curncy
5876,2019-04-29,US_IG,7Y,81.75,32,CDXIG732 Curncy
5875,2019-04-29,US_IG,5Y,57.29,32,CDXIG532 Curncy
5874,2019-04-29,US_IG,3Y,29.625,32,CDXIG332 Curncy
5892,2019-04-30,US_HY,5Y,325.3214,32,CDXHY532 BEST Curncy
5891,2019-04-30,US_HY,3Y,234.842,32,CDXHY332 BEST Curncy
5890,2019-04-30,US_IG,10Y,103.75,32,CDXIG032 Curncy
5893,2019-04-30,US_HY,7Y,358.377,32,CDXHY732 BEST Curncy
5888,2019-04-30,US_IG,5Y,57.85,32,CDXIG532 Curncy
5887,2019-04-30,US_IG,3Y,30.0,32,CDXIG332 Curncy
5889,2019-04-30,US_IG,7Y,82.25,32,CDXIG732 Curncy
5900,2019-05-01,US_IG,3Y,29.875,32,CDXIG332 Curncy
5901,2019-05-01,US_IG,5Y,57.71,32,CDXIG532 Curncy
5902,2019-05-01,US_IG,7Y,82.125,32,CDXIG732 Curncy
5903,2019-05-01,US_IG,10Y,103.875,32,CDXIG032 Curncy
5904,2019-05-01,US_HY,3Y,234.736,32,CDXHY332 BEST Curncy
5905,2019-05-01,US_HY,5Y,323.9109,32,CDXHY532 BEST Curncy
5906,2019-05-01,US_HY,7Y,360.844,32,CDXHY732 BEST Curncy
5917,2019-05-02,US_HY,3Y,234.418,32,CDXHY332 BEST Curncy
5918,2019-05-02,US_HY,5Y,331.5762,32,CDXHY532 BEST Curncy
5916,2019-05-02,US_IG,10Y,105.542,32,CDXIG032 Curncy
5919,2019-05-02,US_HY,7Y,356.867,32,CDXHY732 BEST Curncy
5914,2019-05-02,US_IG,5Y,58.96,32,CDXIG532 Curncy
5913,2019-05-02,US_IG,3Y,31.097,32,CDXIG332 Curncy
5915,2019-05-02,US_IG,7Y,84.049,32,CDXIG732 Curncy
5931,2019-05-03,US_HY,5Y,323.5899,32,CDXHY532 BEST Curncy
5930,2019-05-03,US_HY,3Y,234.069,32,CDXHY332 BEST Curncy
5929,2019-05-03,US_IG,10Y,104.375,32,CDXIG032 Curncy
5932,2019-05-03,US_HY,7Y,365.624,32,CDXHY732 BEST Curncy
5927,2019-05-03,US_IG,5Y,57.88,32,CDXIG532 Curncy
5926,2019-05-03,US_IG,3Y,29.875,32,CDXIG332 Curncy
5928,2019-05-03,US_IG,7Y,82.125,32,CDXIG732 Curncy
5937,2019-05-06,US_IG,3Y,30.541,32,CDXIG332 Curncy
5938,2019-05-06,US_IG,5Y,59.01,32,CDXIG532 Curncy
5939,2019-05-06,US_IG,7Y,83.837,32,CDXIG732 Curncy
5940,2019-05-06,US_IG,10Y,105.642,32,CDXIG032 Curncy
5941,2019-05-06,US_HY,3Y,233.459,32,CDXHY332 BEST Curncy
5942,2019-05-06,US_HY,5Y,327.7499,32,CDXHY532 BEST Curncy
5943,2019-05-06,US_HY,7Y,358.063,32,CDXHY732 BEST Curncy
5954,2019-05-07,US_HY,3Y,233.374,32,CDXHY332 BEST Curncy
5955,2019-05-07,US_HY,5Y,339.1531,32,CDXHY532 BEST Curncy
5953,2019-05-07,US_IG,10Y,106.75,32,CDXIG032 Curncy
5956,2019-05-07,US_HY,7Y,363.809,32,CDXHY732 BEST Curncy
5951,2019-05-07,US_IG,5Y,59.96,32,CDXIG532 Curncy
5950,2019-05-07,US_IG,3Y,31.264,32,CDXIG332 Curncy
5952,2019-05-07,US_IG,7Y,84.961,32,CDXIG732 Curncy
5963,2019-05-08,US_IG,3Y,31.961,32,CDXIG332 Curncy
5964,2019-05-08,US_IG,5Y,61.88,32,CDXIG532 Curncy
5965,2019-05-08,US_IG,7Y,85.801,32,CDXIG732 Curncy
5966,2019-05-08,US_IG,10Y,107.517,32,CDXIG032 Curncy
5967,2019-05-08,US_HY,3Y,233.337,32,CDXHY332 BEST Curncy
5968,2019-05-08,US_HY,5Y,338.3995,32,CDXHY532 BEST Curncy
5969,2019-05-08,US_HY,7Y,372.546,32,CDXHY732 BEST Curncy
5982,2019-05-09,US_HY,7Y,370.989,32,CDXHY732 BEST Curncy
5981,2019-05-09,US_HY,5Y,347.912,32,CDXHY532 BEST Curncy
5980,2019-05-09,US_HY,3Y,233.075,32,CDXHY332 BEST Curncy
5979,2019-05-09,US_IG,10Y,109.723,32,CDXIG032 Curncy
5977,2019-05-09,US_IG,5Y,65.51,32,CDXIG532 Curncy
5976,2019-05-09,US_IG,3Y,33.381,32,CDXIG332 Curncy
5978,2019-05-09,US_IG,7Y,88.078,32,CDXIG732 Curncy
5989,2019-05-10,US_IG,3Y,34.5,32,CDXIG332 Curncy
5990,2019-05-10,US_IG,5Y,63.35,32,CDXIG532 Curncy
5991,2019-05-10,US_IG,7Y,88.125,32,CDXIG732 Curncy
5992,2019-05-10,US_IG,10Y,110.25,32,CDXIG032 Curncy
5993,2019-05-10,US_HY,3Y,233.002,32,CDXHY332 BEST Curncy
5994,2019-05-10,US_HY,5Y,338.8196,32,CDXHY532 BEST Curncy
5995,2019-05-10,US_HY,7Y,380.009,32,CDXHY732 BEST Curncy
6008,2019-05-13,US_HY,7Y,375.562,32,CDXHY732 BEST Curncy
6007,2019-05-13,US_HY,5Y,356.2699,32,CDXHY532 BEST Curncy
6006,2019-05-13,US_HY,3Y,232.35,32,CDXHY332 BEST Curncy
6003,2019-05-13,US_IG,5Y,64.83,32,CDXIG532 Curncy
6004,2019-05-13,US_IG,7Y,89.718,32,CDXIG732 Curncy
6002,2019-05-13,US_IG,3Y,33.869,32,CDXIG332 Curncy
6005,2019-05-13,US_IG,10Y,111.867,32,CDXIG032 Curncy
6020,2019-05-14,US_HY,5Y,351.6709,32,CDXHY532 BEST Curncy
6019,2019-05-14,US_HY,3Y,232.469,32,CDXHY332 BEST Curncy
6018,2019-05-14,US_IG,10Y,110.351,32,CDXIG032 Curncy
6021,2019-05-14,US_HY,7Y,391.192,32,CDXHY732 BEST Curncy
6016,2019-05-14,US_IG,5Y,64.08,32,CDXIG532 Curncy
6015,2019-05-14,US_IG,3Y,33.669,32,CDXIG332 Curncy
6017,2019-05-14,US_IG,7Y,88.855,32,CDXIG732 Curncy
6028,2019-05-15,US_IG,3Y,33.499,32,CDXIG332 Curncy
6029,2019-05-15,US_IG,5Y,63.7,32,CDXIG532 Curncy
6030,2019-05-15,US_IG,7Y,89.105,32,CDXIG732 Curncy
6031,2019-05-15,US_IG,10Y,110.904,32,CDXIG032 Curncy
6032,2019-05-15,US_HY,3Y,232.286,32,CDXHY332 BEST Curncy
6033,2019-05-15,US_HY,5Y,351.9814,32,CDXHY532 BEST Curncy
6034,2019-05-15,US_HY,7Y,385.396,32,CDXHY732 BEST Curncy
6046,2019-05-16,US_HY,5Y,347.61,32,CDXHY532 BEST Curncy
6047,2019-05-16,US_HY,7Y,386.219,32,CDXHY732 BEST Curncy
6045,2019-05-16,US_HY,3Y,232.234,32,CDXHY332 BEST Curncy
6044,2019-05-16,US_IG,10Y,110.0,32,CDXIG032 Curncy
6043,2019-05-16,US_IG,7Y,87.5,32,CDXIG732 Curncy
6042,2019-05-16,US_IG,5Y,61.79,32,CDXIG532 Curncy
6041,2019-05-16,US_IG,3Y,33.25,32,CDXIG332 Curncy
6059,2019-05-17,US_HY,5Y,347.9783,32,CDXHY532 BEST Curncy
6058,2019-05-17,US_HY,3Y,231.948,32,CDXHY332 BEST Curncy
6057,2019-05-17,US_IG,10Y,109.58,32,CDXIG032 Curncy
6060,2019-05-17,US_HY,7Y,380.331,32,CDXHY732 BEST Curncy
6055,2019-05-17,US_IG,5Y,63.05,32,CDXIG532 Curncy
6054,2019-05-17,US_IG,3Y,32.559,32,CDXIG332 Curncy
6056,2019-05-17,US_IG,7Y,87.83,32,CDXIG732 Curncy
6067,2019-05-20,US_IG,3Y,33.77,32,CDXIG332 Curncy
6068,2019-05-20,US_IG,5Y,64.25,32,CDXIG532 Curncy
6069,2019-05-20,US_IG,7Y,89.631,32,CDXIG732 Curncy
6070,2019-05-20,US_IG,10Y,111.341,32,CDXIG032 Curncy
6071,2019-05-20,US_HY,3Y,231.309,32,CDXHY332 BEST Curncy
6072,2019-05-20,US_HY,5Y,357.8692,32,CDXHY532 BEST Curncy
6073,2019-05-20,US_HY,7Y,382.051,32,CDXHY732 BEST Curncy
6085,2019-05-21,US_HY,5Y,349.5044,32,CDXHY532 BEST Curncy
6086,2019-05-21,US_HY,7Y,390.912,32,CDXHY732 BEST Curncy
6084,2019-05-21,US_HY,3Y,231.017,32,CDXHY332 BEST Curncy
6083,2019-05-21,US_IG,10Y,110.133,32,CDXIG032 Curncy
6082,2019-05-21,US_IG,7Y,88.382,32,CDXIG732 Curncy
6081,2019-05-21,US_IG,5Y,63.37,32,CDXIG532 Curncy
6080,2019-05-21,US_IG,3Y,32.984,32,CDXIG332 Curncy
6098,2019-05-22,US_HY,5Y,352.2405,32,CDXHY532 BEST Curncy
6097,2019-05-22,US_HY,3Y,230.738,32,CDXHY332 BEST Curncy
6096,2019-05-22,US_IG,10Y,110.657,32,CDXIG032 Curncy
6099,2019-05-22,US_HY,7Y,381.602,32,CDXHY732 BEST Curncy
6094,2019-05-22,US_IG,5Y,63.39,32,CDXIG532 Curncy
6093,2019-05-22,US_IG,3Y,33.32,32,CDXIG332 Curncy
6095,2019-05-22,US_IG,7Y,88.816,32,CDXIG732 Curncy
6106,2019-05-23,US_IG,3Y,34.441,32,CDXIG332 Curncy
6107,2019-05-23,US_IG,5Y,65.79,32,CDXIG532 Curncy
6108,2019-05-23,US_IG,7Y,90.87,32,CDXIG732 Curncy
6109,2019-05-23,US_IG,10Y,112.761,32,CDXIG032 Curncy
6110,2019-05-23,US_HY,3Y,230.603,32,CDXHY332 BEST Curncy
6111,2019-05-23,US_HY,5Y,366.0084,32,CDXHY532 BEST Curncy
6112,2019-05-23,US_HY,7Y,384.657,32,CDXHY732 BEST Curncy
6124,2019-05-24,US_HY,5Y,362.8909,32,CDXHY532 BEST Curncy
6125,2019-05-24,US_HY,7Y,396.227,32,CDXHY732 BEST Curncy
6123,2019-05-24,US_HY,3Y,230.714,32,CDXHY332 BEST Curncy
6122,2019-05-24,US_IG,10Y,112.068,32,CDXIG032 Curncy
6121,2019-05-24,US_IG,7Y,90.335,32,CDXIG732 Curncy
6120,2019-05-24,US_IG,5Y,64.37,32,CDXIG532 Curncy
6119,2019-05-24,US_IG,3Y,34.245,32,CDXIG332 Curncy
6135,2019-05-27,US_HY,5Y,362.6841,32,CDXHY532 BEST Curncy
6134,2019-05-27,US_HY,3Y,230.057,32,CDXHY332 BEST Curncy
6133,2019-05-27,US_IG,10Y,112.136,32,CDXIG032 Curncy
6136,2019-05-27,US_HY,7Y,395.357,32,CDXHY732 BEST Curncy
6131,2019-05-27,US_IG,5Y,64.85,32,CDXIG532 Curncy
6130,2019-05-27,US_IG,3Y,34.2,32,CDXIG332 Curncy
6132,2019-05-27,US_IG,7Y,90.283,32,CDXIG732 Curncy
6143,2019-05-28,US_IG,3Y,34.548,32,CDXIG332 Curncy
6144,2019-05-28,US_IG,5Y,65.43,32,CDXIG532 Curncy
6145,2019-05-28,US_IG,7Y,91.542,32,CDXIG732 Curncy
6146,2019-05-28,US_IG,10Y,113.209,32,CDXIG032 Curncy
6147,2019-05-28,US_HY,3Y,229.849,32,CDXHY332 BEST Curncy
6148,2019-05-28,US_HY,5Y,370.5013,32,CDXHY532 BEST Curncy
6149,2019-05-28,US_HY,7Y,394.139,32,CDXHY732 BEST Curncy
6160,2019-05-29,US_HY,3Y,229.837,32,CDXHY332 BEST Curncy
6161,2019-05-29,US_HY,5Y,379.8346,32,CDXHY532 BEST Curncy
6159,2019-05-29,US_IG,10Y,115.947,32,CDXIG032 Curncy
6162,2019-05-29,US_HY,7Y,402.072,32,CDXHY732 BEST Curncy
6157,2019-05-29,US_IG,5Y,67.47,32,CDXIG532 Curncy
6156,2019-05-29,US_IG,3Y,36.281,32,CDXIG332 Curncy
6158,2019-05-29,US_IG,7Y,94.232,32,CDXIG732 Curncy
6174,2019-05-30,US_HY,5Y,378.3423,32,CDXHY532 BEST Curncy
6173,2019-05-30,US_HY,3Y,229.656,32,CDXHY332 BEST Curncy
6172,2019-05-30,US_IG,10Y,114.847,32,CDXIG032 Curncy
6175,2019-05-30,US_HY,7Y,413.681,32,CDXHY732 BEST Curncy
6170,2019-05-30,US_IG,5Y,65.99,32,CDXIG532 Curncy
6169,2019-05-30,US_IG,3Y,35.271,32,CDXIG332 Curncy
6171,2019-05-30,US_IG,7Y,93.434,32,CDXIG732 Curncy
6182,2019-05-31,US_IG,3Y,36.729,32,CDXIG332 Curncy
6183,2019-05-31,US_IG,5Y,69.02,32,CDXIG532 Curncy
6184,2019-05-31,US_IG,7Y,95.376,32,CDXIG732 Curncy
6185,2019-05-31,US_IG,10Y,117.362,32,CDXIG032 Curncy
6186,2019-05-31,US_HY,3Y,229.552,32,CDXHY332 BEST Curncy
6187,2019-05-31,US_HY,5Y,392.5205,32,CDXHY532 BEST Curncy
6188,2019-05-31,US_HY,7Y,411.336,32,CDXHY732 BEST Curncy
6200,2019-06-03,US_HY,5Y,395.6391,32,CDXHY532 BEST Curncy
6201,2019-06-03,US_HY,7Y,425.021,32,CDXHY732 BEST Curncy
6199,2019-06-03,US_HY,3Y,229.361,32,CDXHY332 BEST Curncy
6198,2019-06-03,US_IG,10Y,117.864,32,CDXIG032 Curncy
6197,2019-06-03,US_IG,7Y,96.336,32,CDXIG732 Curncy
6196,2019-06-03,US_IG,5Y,69.18,32,CDXIG532 Curncy
6195,2019-06-03,US_IG,3Y,37.62,32,CDXIG332 Curncy
6213,2019-06-04,US_HY,5Y,378.4129,32,CDXHY532 BEST Curncy
6212,2019-06-04,US_HY,3Y,291.751,32,CDXHY332 BEST Curncy
6211,2019-06-04,US_IG,10Y,114.668,32,CDXIG032 Curncy
6214,2019-06-04,US_HY,7Y,427.815,32,CDXHY732 BEST Curncy
6209,2019-06-04,US_IG,5Y,66.48,32,CDXIG532 Curncy
6208,2019-06-04,US_IG,3Y,35.035,32,CDXIG332 Curncy
6210,2019-06-04,US_IG,7Y,93.385,32,CDXIG732 Curncy
6221,2019-06-05,US_IG,3Y,33.873,32,CDXIG332 Curncy
6222,2019-06-05,US_IG,5Y,65.01,32,CDXIG532 Curncy
6223,2019-06-05,US_IG,7Y,91.791,32,CDXIG732 Curncy
6224,2019-06-05,US_IG,10Y,113.63,32,CDXIG032 Curncy
6225,2019-06-05,US_HY,3Y,291.518,32,CDXHY332 BEST Curncy
6226,2019-06-05,US_HY,5Y,376.5405,32,CDXHY532 BEST Curncy
6227,2019-06-05,US_HY,7Y,412.459,32,CDXHY732 BEST Curncy
6238,2019-06-06,US_HY,3Y,291.436,32,CDXHY332 BEST Curncy
6239,2019-06-06,US_HY,5Y,369.0833,32,CDXHY532 BEST Curncy
6237,2019-06-06,US_IG,10Y,112.846,32,CDXIG032 Curncy
6240,2019-06-06,US_HY,7Y,411.347,32,CDXHY732 BEST Curncy
6235,2019-06-06,US_IG,5Y,65.07,32,CDXIG532 Curncy
6234,2019-06-06,US_IG,3Y,33.043,32,CDXIG332 Curncy
6236,2019-06-06,US_IG,7Y,91.088,32,CDXIG732 Curncy
6252,2019-06-07,US_HY,5Y,365.1603,32,CDXHY532 BEST Curncy
6251,2019-06-07,US_HY,3Y,291.152,32,CDXHY332 BEST Curncy
6250,2019-06-07,US_IG,10Y,110.487,32,CDXIG032 Curncy
6253,2019-06-07,US_HY,7Y,405.707,32,CDXHY732 BEST Curncy
6248,2019-06-07,US_IG,5Y,62.03,32,CDXIG532 Curncy
6247,2019-06-07,US_IG,3Y,31.603,32,CDXIG332 Curncy
6249,2019-06-07,US_IG,7Y,88.64,32,CDXIG732 Curncy
6260,2019-06-10,US_IG,3Y,30.748,32,CDXIG332 Curncy
6261,2019-06-10,US_IG,5Y,60.18,32,CDXIG532 Curncy
6262,2019-06-10,US_IG,7Y,86.785,32,CDXIG732 Curncy
6263,2019-06-10,US_IG,10Y,108.478,32,CDXIG032 Curncy
6264,2019-06-10,US_HY,3Y,290.714,32,CDXHY332 BEST Curncy
6265,2019-06-10,US_HY,5Y,353.3966,32,CDXHY532 BEST Curncy
6266,2019-06-10,US_HY,7Y,389.093,32,CDXHY732 BEST Curncy
6277,2019-06-11,US_HY,3Y,290.429,32,CDXHY332 BEST Curncy
6278,2019-06-11,US_HY,5Y,349.947,32,CDXHY532 BEST Curncy
6276,2019-06-11,US_IG,10Y,108.498,32,CDXIG032 Curncy
6279,2019-06-11,US_HY,7Y,377.864,32,CDXHY732 BEST Curncy
6274,2019-06-11,US_IG,5Y,58.74,32,CDXIG532 Curncy
6273,2019-06-11,US_IG,3Y,30.078,32,CDXIG332 Curncy
6275,2019-06-11,US_IG,7Y,86.254,32,CDXIG732 Curncy
6286,2019-06-12,US_IG,3Y,30.656,32,CDXIG332 Curncy
6287,2019-06-12,US_IG,5Y,60.24,32,CDXIG532 Curncy
6288,2019-06-12,US_IG,7Y,87.018,32,CDXIG732 Curncy
6289,2019-06-12,US_IG,10Y,109.19,32,CDXIG032 Curncy
6290,2019-06-12,US_HY,3Y,290.263,32,CDXHY332 BEST Curncy
6291,2019-06-12,US_HY,5Y,353.8749,32,CDXHY532 BEST Curncy
6292,2019-06-12,US_HY,7Y,372.118,32,CDXHY732 BEST Curncy
6305,2019-06-13,US_HY,7Y,378.046,32,CDXHY732 BEST Curncy
6304,2019-06-13,US_HY,5Y,350.5491,32,CDXHY532 BEST Curncy
6303,2019-06-13,US_HY,3Y,290.227,32,CDXHY332 BEST Curncy
6302,2019-06-13,US_IG,10Y,109.12,32,CDXIG032 Curncy
6300,2019-06-13,US_IG,5Y,60.63,32,CDXIG532 Curncy
6299,2019-06-13,US_IG,3Y,30.856,32,CDXIG332 Curncy
6301,2019-06-13,US_IG,7Y,87.047,32,CDXIG732 Curncy
6312,2019-06-14,US_IG,3Y,31.123,32,CDXIG332 Curncy
6313,2019-06-14,US_IG,5Y,61.475,32,CDXIG532 Curncy
6314,2019-06-14,US_IG,7Y,87.946,32,CDXIG732 Curncy
6315,2019-06-14,US_IG,10Y,110.062,32,CDXIG032 Curncy
6316,2019-06-14,US_HY,3Y,281.314,32,CDXHY332 BEST Curncy
6317,2019-06-14,US_HY,5Y,355.0522,32,CDXHY532 BEST Curncy
6318,2019-06-14,US_HY,7Y,378.48,32,CDXHY732 BEST Curncy
6331,2019-06-17,US_HY,7Y,382.088,32,CDXHY732 BEST Curncy
6330,2019-06-17,US_HY,5Y,355.0993,32,CDXHY532 BEST Curncy
6329,2019-06-17,US_HY,3Y,280.83,32,CDXHY332 BEST Curncy
6326,2019-06-17,US_IG,5Y,60.78,32,CDXIG532 Curncy
6327,2019-06-17,US_IG,7Y,87.29,32,CDXIG732 Curncy
6328,2019-06-17,US_IG,10Y,109.356,32,CDXIG032 Curncy
6325,2019-06-17,US_IG,3Y,31.013,32,CDXIG332 Curncy
6338,2019-06-18,US_IG,3Y,29.629,32,CDXIG332 Curncy
6339,2019-06-18,US_IG,5Y,58.41,32,CDXIG532 Curncy
6340,2019-06-18,US_IG,7Y,85.432,32,CDXIG732 Curncy
6341,2019-06-18,US_IG,10Y,107.387,32,CDXIG032 Curncy
6342,2019-06-18,US_HY,3Y,280.522,32,CDXHY332 BEST Curncy
6343,2019-06-18,US_HY,5Y,340.9551,32,CDXHY532 BEST Curncy
6344,2019-06-18,US_HY,7Y,382.639,32,CDXHY732 BEST Curncy
6355,2019-06-19,US_HY,3Y,280.408,32,CDXHY332 BEST Curncy
6357,2019-06-19,US_HY,7Y,369.499,32,CDXHY732 BEST Curncy
6356,2019-06-19,US_HY,5Y,334.3525,32,CDXHY532 BEST Curncy
6351,2019-06-19,US_IG,3Y,29.07,32,CDXIG332 Curncy
6353,2019-06-19,US_IG,7Y,84.099,32,CDXIG732 Curncy
6352,2019-06-19,US_IG,5Y,57.67,32,CDXIG532 Curncy
6354,2019-06-19,US_IG,10Y,106.154,32,CDXIG032 Curncy
6369,2019-06-20,US_HY,5Y,321.7325,32,CDXHY532 BEST Curncy
6370,2019-06-20,US_HY,7Y,364.448,32,CDXHY732 BEST Curncy
6367,2019-06-20,US_IG,10Y,102.879,32,CDXIG032 Curncy
6368,2019-06-20,US_HY,3Y,280.465,32,CDXHY332 BEST Curncy
6365,2019-06-20,US_IG,5Y,54.26,32,CDXIG532 Curncy
6364,2019-06-20,US_IG,3Y,27.909,32,CDXIG332 Curncy
6366,2019-06-20,US_IG,7Y,81.127,32,CDXIG732 Curncy
6383,2019-06-21,US_HY,7Y,349.489,32,CDXHY732 BEST Curncy
6382,2019-06-21,US_HY,5Y,321.8965,32,CDXHY532 BEST Curncy
6381,2019-06-21,US_HY,3Y,280.403,32,CDXHY332 BEST Curncy
6377,2019-06-21,US_IG,3Y,27.715,32,CDXIG332 Curncy
6379,2019-06-21,US_IG,7Y,79.793,32,CDXIG732 Curncy
6378,2019-06-21,US_IG,5Y,54.66,32,CDXIG532 Curncy
6380,2019-06-21,US_IG,10Y,101.659,32,CDXIG032 Curncy
6390,2019-06-24,US_IG,3Y,28.375,32,CDXIG332 Curncy
6391,2019-06-24,US_IG,5Y,55.46,32,CDXIG532 Curncy
6392,2019-06-24,US_IG,7Y,80.584,32,CDXIG732 Curncy
6393,2019-06-24,US_IG,10Y,102.332,32,CDXIG032 Curncy
6394,2019-06-24,US_HY,3Y,279.801,32,CDXHY332 BEST Curncy
6395,2019-06-24,US_HY,5Y,326.1557,32,CDXHY532 BEST Curncy
6396,2019-06-24,US_HY,7Y,349.351,32,CDXHY732 BEST Curncy
6408,2019-06-25,US_HY,5Y,335.9287,32,CDXHY532 BEST Curncy
6409,2019-06-25,US_HY,7Y,352.219,32,CDXHY732 BEST Curncy
6406,2019-06-25,US_IG,10Y,104.059,32,CDXIG032 Curncy
6407,2019-06-25,US_HY,3Y,279.752,32,CDXHY332 BEST Curncy
6404,2019-06-25,US_IG,5Y,55.96,32,CDXIG532 Curncy
6403,2019-06-25,US_IG,3Y,29.263,32,CDXIG332 Curncy
6405,2019-06-25,US_IG,7Y,81.873,32,CDXIG732 Curncy
6422,2019-06-26,US_HY,7Y,361.835,32,CDXHY732 BEST Curncy
6421,2019-06-26,US_HY,5Y,332.9833,32,CDXHY532 BEST Curncy
6420,2019-06-26,US_HY,3Y,279.654,32,CDXHY332 BEST Curncy
6416,2019-06-26,US_IG,3Y,29.316,32,CDXIG332 Curncy
6418,2019-06-26,US_IG,7Y,82.57,32,CDXIG732 Curncy
6417,2019-06-26,US_IG,5Y,56.86,32,CDXIG532 Curncy
6419,2019-06-26,US_IG,10Y,105.022,32,CDXIG032 Curncy
6429,2019-06-27,US_IG,3Y,28.63,32,CDXIG332 Curncy
6430,2019-06-27,US_IG,5Y,55.88,32,CDXIG532 Curncy
6431,2019-06-27,US_IG,7Y,81.689,32,CDXIG732 Curncy
6432,2019-06-27,US_IG,10Y,104.031,32,CDXIG032 Curncy
6433,2019-06-27,US_HY,3Y,279.284,32,CDXHY332 BEST Curncy
6434,2019-06-27,US_HY,5Y,327.0623,32,CDXHY532 BEST Curncy
6435,2019-06-27,US_HY,7Y,359.327,32,CDXHY732 BEST Curncy
6447,2019-06-28,US_HY,5Y,325.7435,32,CDXHY532 BEST Curncy
6446,2019-06-28,US_HY,3Y,279.158,32,CDXHY332 BEST Curncy
6445,2019-06-28,US_IG,10Y,102.661,32,CDXIG032 Curncy
6448,2019-06-28,US_HY,7Y,352.265,32,CDXHY732 BEST Curncy
6443,2019-06-28,US_IG,5Y,55.4,32,CDXIG532 Curncy
6442,2019-06-28,US_IG,3Y,27.679,32,CDXIG332 Curncy
6444,2019-06-28,US_IG,7Y,80.417,32,CDXIG732 Curncy
6460,2019-07-01,US_HY,5Y,322.1331,32,CDXHY532 BEST Curncy
6459,2019-07-01,US_HY,3Y,262.906,32,CDXHY332 BEST Curncy
6458,2019-07-01,US_IG,10Y,100.949,32,CDXIG032 Curncy
6461,2019-07-01,US_HY,7Y,348.502,32,CDXHY732 BEST Curncy
6456,2019-07-01,US_IG,5Y,52.33,32,CDXIG532 Curncy
6455,2019-07-01,US_IG,3Y,26.896,32,CDXIG332 Curncy
6457,2019-07-01,US_IG,7Y,78.692,32,CDXIG732 Curncy
6468,2019-07-02,US_IG,3Y,26.612,32,CDXIG332 Curncy
6469,2019-07-02,US_IG,5Y,51.75,32,CDXIG532 Curncy
6470,2019-07-02,US_IG,7Y,78.311,32,CDXIG732 Curncy
6471,2019-07-02,US_IG,10Y,100.651,32,CDXIG032 Curncy
6472,2019-07-02,US_HY,3Y,262.616,32,CDXHY332 BEST Curncy
6473,2019-07-02,US_HY,5Y,321.5184,32,CDXHY532 BEST Curncy
6474,2019-07-02,US_HY,7Y,346.071,32,CDXHY732 BEST Curncy
6485,2019-07-03,US_HY,3Y,262.528,32,CDXHY332 BEST Curncy
6486,2019-07-03,US_HY,5Y,315.4852,32,CDXHY532 BEST Curncy
6484,2019-07-03,US_IG,10Y,99.532,32,CDXIG032 Curncy
6487,2019-07-03,US_HY,7Y,345.35,32,CDXHY732 BEST Curncy
6482,2019-07-03,US_IG,5Y,51.84,32,CDXIG532 Curncy
6481,2019-07-03,US_IG,3Y,25.957,32,CDXIG332 Curncy
6483,2019-07-03,US_IG,7Y,77.383,32,CDXIG732 Curncy
6500,2019-07-04,US_HY,7Y,340.503,32,CDXHY732 BEST Curncy
6499,2019-07-04,US_HY,5Y,315.4625,32,CDXHY532 BEST Curncy
6498,2019-07-04,US_HY,3Y,262.379,32,CDXHY332 BEST Curncy
6494,2019-07-04,US_IG,3Y,25.833,32,CDXIG332 Curncy
6496,2019-07-04,US_IG,7Y,77.254,32,CDXIG732 Curncy
6497,2019-07-04,US_IG,10Y,99.442,32,CDXIG032 Curncy
6495,2019-07-04,US_IG,5Y,51.534,32,CDXIG532 Curncy
6507,2019-07-05,US_IG,3Y,26.501,32,CDXIG332 Curncy
6508,2019-07-05,US_IG,5Y,53.72,32,CDXIG532 Curncy
6509,2019-07-05,US_IG,7Y,78.18,32,CDXIG732 Curncy
6510,2019-07-05,US_IG,10Y,100.801,32,CDXIG032 Curncy
6511,2019-07-05,US_HY,3Y,262.186,32,CDXHY332 BEST Curncy
6512,2019-07-05,US_HY,5Y,318.9532,32,CDXHY532 BEST Curncy
6513,2019-07-05,US_HY,7Y,340.6,32,CDXHY732 BEST Curncy
6526,2019-07-08,US_HY,7Y,343.704,32,CDXHY732 BEST Curncy
6525,2019-07-08,US_HY,5Y,328.8748,32,CDXHY532 BEST Curncy
6524,2019-07-08,US_HY,3Y,261.284,32,CDXHY332 BEST Curncy
6520,2019-07-08,US_IG,3Y,27.378,32,CDXIG332 Curncy
6522,2019-07-08,US_IG,7Y,79.157,32,CDXIG732 Curncy
6521,2019-07-08,US_IG,5Y,54.11,32,CDXIG532 Curncy
6523,2019-07-08,US_IG,10Y,101.675,32,CDXIG032 Curncy
6538,2019-07-09,US_HY,5Y,326.1983,32,CDXHY532 BEST Curncy
6539,2019-07-09,US_HY,7Y,353.196,32,CDXHY732 BEST Curncy
6537,2019-07-09,US_HY,3Y,260.995,32,CDXHY332 BEST Curncy
6536,2019-07-09,US_IG,10Y,101.82,32,CDXIG032 Curncy
6535,2019-07-09,US_IG,7Y,79.941,32,CDXIG732 Curncy
6534,2019-07-09,US_IG,5Y,54.37,32,CDXIG532 Curncy
6533,2019-07-09,US_IG,3Y,27.372,32,CDXIG332 Curncy
6551,2019-07-10,US_HY,5Y,321.6359,32,CDXHY532 BEST Curncy
6550,2019-07-10,US_HY,3Y,260.797,32,CDXHY332 BEST Curncy
6549,2019-07-10,US_IG,10Y,100.557,32,CDXIG032 Curncy
6552,2019-07-10,US_HY,7Y,350.367,32,CDXHY732 BEST Curncy
6547,2019-07-10,US_IG,5Y,52.95,32,CDXIG532 Curncy
6546,2019-07-10,US_IG,3Y,26.661,32,CDXIG332 Curncy
6548,2019-07-10,US_IG,7Y,78.746,32,CDXIG732 Curncy
6559,2019-07-11,US_IG,3Y,26.518,32,CDXIG332 Curncy
6560,2019-07-11,US_IG,5Y,53.28,32,CDXIG532 Curncy
6561,2019-07-11,US_IG,7Y,78.769,32,CDXIG732 Curncy
6562,2019-07-11,US_IG,10Y,100.739,32,CDXIG032 Curncy
6563,2019-07-11,US_HY,3Y,260.73,32,CDXHY332 BEST Curncy
6564,2019-07-11,US_HY,5Y,327.7941,32,CDXHY532 BEST Curncy
6565,2019-07-11,US_HY,7Y,345.838,32,CDXHY732 BEST Curncy
6576,2019-07-12,US_HY,3Y,260.502,32,CDXHY332 BEST Curncy
6577,2019-07-12,US_HY,5Y,324.6135,32,CDXHY532 BEST Curncy
6578,2019-07-12,US_HY,7Y,352.322,32,CDXHY732 BEST Curncy
6575,2019-07-12,US_IG,10Y,100.963,32,CDXIG032 Curncy
6573,2019-07-12,US_IG,5Y,53.41,32,CDXIG532 Curncy
6574,2019-07-12,US_IG,7Y,78.838,32,CDXIG732 Curncy
6572,2019-07-12,US_IG,3Y,26.827,32,CDXIG332 Curncy
6591,2019-07-15,US_HY,7Y,349.274,32,CDXHY732 BEST Curncy
6585,2019-07-15,US_IG,3Y,26.815,32,CDXIG332 Curncy
6586,2019-07-15,US_IG,5Y,53.0,32,CDXIG532 Curncy
6587,2019-07-15,US_IG,7Y,78.512,32,CDXIG732 Curncy
6588,2019-07-15,US_IG,10Y,100.687,32,CDXIG032 Curncy
6589,2019-07-15,US_HY,3Y,259.917,32,CDXHY332 BEST Curncy
6590,2019-07-15,US_HY,5Y,325.3617,32,CDXHY532 BEST Curncy
6604,2019-07-16,US_HY,7Y,349.707,32,CDXHY732 BEST Curncy
6603,2019-07-16,US_HY,5Y,331.3816,32,CDXHY532 BEST Curncy
6602,2019-07-16,US_HY,3Y,259.798,32,CDXHY332 BEST Curncy
6598,2019-07-16,US_IG,3Y,27.387,32,CDXIG332 Curncy
6600,2019-07-16,US_IG,7Y,79.507,32,CDXIG732 Curncy
6599,2019-07-16,US_IG,5Y,53.9,32,CDXIG532 Curncy
6601,2019-07-16,US_IG,10Y,101.858,32,CDXIG032 Curncy
6615,2019-07-17,US_HY,3Y,259.551,32,CDXHY332 BEST Curncy
6616,2019-07-17,US_HY,5Y,331.6211,32,CDXHY532 BEST Curncy
6617,2019-07-17,US_HY,7Y,356.489,32,CDXHY732 BEST Curncy
6614,2019-07-17,US_IG,10Y,101.649,32,CDXIG032 Curncy
6612,2019-07-17,US_IG,5Y,54.32,32,CDXIG532 Curncy
6611,2019-07-17,US_IG,3Y,27.352,32,CDXIG332 Curncy
6613,2019-07-17,US_IG,7Y,79.482,32,CDXIG732 Curncy
6629,2019-07-18,US_HY,5Y,332.2321,32,CDXHY532 BEST Curncy
6628,2019-07-18,US_HY,3Y,259.46,32,CDXHY332 BEST Curncy
6627,2019-07-18,US_IG,10Y,101.579,32,CDXIG032 Curncy
6630,2019-07-18,US_HY,7Y,356.578,32,CDXHY732 BEST Curncy
6625,2019-07-18,US_IG,5Y,53.84,32,CDXIG532 Curncy
6624,2019-07-18,US_IG,3Y,27.398,32,CDXIG332 Curncy
6626,2019-07-18,US_IG,7Y,79.497,32,CDXIG732 Curncy
6637,2019-07-19,US_IG,3Y,26.56,32,CDXIG332 Curncy
6638,2019-07-19,US_IG,5Y,52.95,32,CDXIG532 Curncy
6639,2019-07-19,US_IG,7Y,77.941,32,CDXIG732 Curncy
6640,2019-07-19,US_IG,10Y,100.159,32,CDXIG032 Curncy
6641,2019-07-19,US_HY,3Y,259.444,32,CDXHY332 BEST Curncy
6642,2019-07-19,US_HY,5Y,335.2592,32,CDXHY532 BEST Curncy
6643,2019-07-19,US_HY,7Y,360.107,32,CDXHY732 BEST Curncy
6654,2019-07-22,US_HY,3Y,258.709,32,CDXHY332 BEST Curncy
6655,2019-07-22,US_HY,5Y,331.5345,32,CDXHY532 BEST Curncy
6656,2019-07-22,US_HY,7Y,358.357,32,CDXHY732 BEST Curncy
6653,2019-07-22,US_IG,10Y,100.273,32,CDXIG032 Curncy
6651,2019-07-22,US_IG,5Y,53.42,32,CDXIG532 Curncy
6650,2019-07-22,US_IG,3Y,26.695,32,CDXIG332 Curncy
6652,2019-07-22,US_IG,7Y,78.203,32,CDXIG732 Curncy
6668,2019-07-23,US_HY,5Y,323.1786,32,CDXHY532 BEST Curncy
6667,2019-07-23,US_HY,3Y,258.49,32,CDXHY332 BEST Curncy
6666,2019-07-23,US_IG,10Y,98.829,32,CDXIG032 Curncy
6669,2019-07-23,US_HY,7Y,355.9,32,CDXHY732 BEST Curncy
6664,2019-07-23,US_IG,5Y,52.09,32,CDXIG532 Curncy
6663,2019-07-23,US_IG,3Y,25.852,32,CDXIG332 Curncy
6665,2019-07-23,US_IG,7Y,76.79,32,CDXIG732 Curncy
6676,2019-07-24,US_IG,3Y,24.715,32,CDXIG332 Curncy
6677,2019-07-24,US_IG,5Y,49.67,32,CDXIG532 Curncy
6678,2019-07-24,US_IG,7Y,74.657,32,CDXIG732 Curncy
6679,2019-07-24,US_IG,10Y,96.735,32,CDXIG032 Curncy
6680,2019-07-24,US_HY,3Y,267.505,32,CDXHY332 BEST Curncy
6681,2019-07-24,US_HY,5Y,320.1723,32,CDXHY532 BEST Curncy
6682,2019-07-24,US_HY,7Y,348.902,32,CDXHY732 BEST Curncy
6694,2019-07-25,US_HY,5Y,315.5251,32,CDXHY532 BEST Curncy
6695,2019-07-25,US_HY,7Y,345.613,32,CDXHY732 BEST Curncy
6693,2019-07-25,US_HY,3Y,267.32,32,CDXHY332 BEST Curncy
6692,2019-07-25,US_IG,10Y,97.149,32,CDXIG032 Curncy
6691,2019-07-25,US_IG,7Y,74.984,32,CDXIG732 Curncy
6690,2019-07-25,US_IG,5Y,49.92,32,CDXIG532 Curncy
6689,2019-07-25,US_IG,3Y,25.054,32,CDXIG332 Curncy
6707,2019-07-26,US_HY,5Y,310.3923,32,CDXHY532 BEST Curncy
6706,2019-07-26,US_HY,3Y,267.09,32,CDXHY332 BEST Curncy
6705,2019-07-26,US_IG,10Y,98.103,32,CDXIG032 Curncy
6708,2019-07-26,US_HY,7Y,338.044,32,CDXHY732 BEST Curncy
6703,2019-07-26,US_IG,5Y,51.25,32,CDXIG532 Curncy
6702,2019-07-26,US_IG,3Y,25.351,32,CDXIG332 Curncy
6704,2019-07-26,US_IG,7Y,75.865,32,CDXIG732 Curncy
6715,2019-07-29,US_IG,3Y,26.217,32,CDXIG332 Curncy
6716,2019-07-29,US_IG,5Y,52.625,32,CDXIG532 Curncy
6717,2019-07-29,US_IG,7Y,76.903,32,CDXIG732 Curncy
6718,2019-07-29,US_IG,10Y,99.488,32,CDXIG032 Curncy
6719,2019-07-29,US_HY,3Y,266.427,32,CDXHY332 BEST Curncy
6720,2019-07-29,US_HY,5Y,314.7712,32,CDXHY532 BEST Curncy
6721,2019-07-29,US_HY,7Y,334.882,32,CDXHY732 BEST Curncy
6733,2019-07-30,US_HY,5Y,316.6596,32,CDXHY532 BEST Curncy
6734,2019-07-30,US_HY,7Y,338.587,32,CDXHY732 BEST Curncy
6732,2019-07-30,US_HY,3Y,266.248,32,CDXHY332 BEST Curncy
6731,2019-07-30,US_IG,10Y,100.667,32,CDXIG032 Curncy
6730,2019-07-30,US_IG,7Y,77.744,32,CDXIG732 Curncy
6729,2019-07-30,US_IG,5Y,53.56,32,CDXIG532 Curncy
6728,2019-07-30,US_IG,3Y,26.906,32,CDXIG332 Curncy
6746,2019-07-31,US_HY,5Y,325.5062,32,CDXHY532 BEST Curncy
6745,2019-07-31,US_HY,3Y,266.113,32,CDXHY332 BEST Curncy
6744,2019-07-31,US_IG,10Y,100.016,32,CDXIG032 Curncy
6747,2019-07-31,US_HY,7Y,339.645,32,CDXHY732 BEST Curncy
6742,2019-07-31,US_IG,5Y,52.15,32,CDXIG532 Curncy
6741,2019-07-31,US_IG,3Y,26.693,32,CDXIG332 Curncy
6743,2019-07-31,US_IG,7Y,77.221,32,CDXIG732 Curncy
6754,2019-08-01,US_IG,3Y,27.434,32,CDXIG332 Curncy
6755,2019-08-01,US_IG,5Y,53.61,32,CDXIG532 Curncy
6756,2019-08-01,US_IG,7Y,78.591,32,CDXIG732 Curncy
6757,2019-08-01,US_IG,10Y,101.404,32,CDXIG032 Curncy
6758,2019-08-01,US_HY,3Y,265.805,32,CDXHY332 BEST Curncy
6759,2019-08-01,US_HY,5Y,335.9388,32,CDXHY532 BEST Curncy
6760,2019-08-01,US_HY,7Y,342.349,32,CDXHY732 BEST Curncy
6772,2019-08-02,US_HY,5Y,341.3089,32,CDXHY532 BEST Curncy
6773,2019-08-02,US_HY,7Y,359.323,32,CDXHY732 BEST Curncy
6771,2019-08-02,US_HY,3Y,265.938,32,CDXHY332 BEST Curncy
6770,2019-08-02,US_IG,10Y,104.82,32,CDXIG032 Curncy
6769,2019-08-02,US_IG,7Y,81.6,32,CDXIG732 Curncy
6768,2019-08-02,US_IG,5Y,56.955,32,CDXIG532 Curncy
6767,2019-08-02,US_IG,3Y,29.161,32,CDXIG332 Curncy
6785,2019-08-05,US_HY,5Y,363.215,32,CDXHY532 BEST Curncy
6784,2019-08-05,US_HY,3Y,265.502,32,CDXHY332 BEST Curncy
6783,2019-08-05,US_IG,10Y,109.191,32,CDXIG032 Curncy
6786,2019-08-05,US_HY,7Y,365.039,32,CDXHY732 BEST Curncy
6781,2019-08-05,US_IG,5Y,60.24,32,CDXIG532 Curncy
6780,2019-08-05,US_IG,3Y,31.616,32,CDXIG332 Curncy
6782,2019-08-05,US_IG,7Y,85.611,32,CDXIG732 Curncy
6793,2019-08-06,US_IG,3Y,31.965,32,CDXIG332 Curncy
6794,2019-08-06,US_IG,5Y,59.65,32,CDXIG532 Curncy
6795,2019-08-06,US_IG,7Y,86.116,32,CDXIG732 Curncy
6796,2019-08-06,US_IG,10Y,109.218,32,CDXIG032 Curncy
6797,2019-08-06,US_HY,3Y,265.736,32,CDXHY332 BEST Curncy
6798,2019-08-06,US_HY,5Y,354.1418,32,CDXHY532 BEST Curncy
6799,2019-08-06,US_HY,7Y,388.032,32,CDXHY732 BEST Curncy
6810,2019-08-07,US_HY,3Y,265.629,32,CDXHY332 BEST Curncy
6811,2019-08-07,US_HY,5Y,358.8842,32,CDXHY532 BEST Curncy
6809,2019-08-07,US_IG,10Y,110.525,32,CDXIG032 Curncy
6812,2019-08-07,US_HY,7Y,379.781,32,CDXHY732 BEST Curncy
6807,2019-08-07,US_IG,5Y,61.89,32,CDXIG532 Curncy
6806,2019-08-07,US_IG,3Y,32.582,32,CDXIG332 Curncy
6808,2019-08-07,US_IG,7Y,86.975,32,CDXIG732 Curncy
6824,2019-08-08,US_HY,5Y,352.0659,32,CDXHY532 BEST Curncy
6823,2019-08-08,US_HY,3Y,265.5,32,CDXHY332 BEST Curncy
6822,2019-08-08,US_IG,10Y,106.273,32,CDXIG032 Curncy
6825,2019-08-08,US_HY,7Y,389.481,32,CDXHY732 BEST Curncy
6820,2019-08-08,US_IG,5Y,57.96,32,CDXIG532 Curncy
6819,2019-08-08,US_IG,3Y,29.943,32,CDXIG332 Curncy
6821,2019-08-08,US_IG,7Y,83.514,32,CDXIG732 Curncy
6832,2019-08-09,US_IG,3Y,30.64,32,CDXIG332 Curncy
6833,2019-08-09,US_IG,5Y,59.31,32,CDXIG532 Curncy
6834,2019-08-09,US_IG,7Y,84.376,32,CDXIG732 Curncy
6835,2019-08-09,US_IG,10Y,107.476,32,CDXIG032 Curncy
6836,2019-08-09,US_HY,3Y,265.228,32,CDXHY332 BEST Curncy
6837,2019-08-09,US_HY,5Y,354.6132,32,CDXHY532 BEST Curncy
6838,2019-08-09,US_HY,7Y,374.698,32,CDXHY732 BEST Curncy
6850,2019-08-12,US_HY,5Y,368.8937,32,CDXHY532 BEST Curncy
6851,2019-08-12,US_HY,7Y,379.9,32,CDXHY732 BEST Curncy
6849,2019-08-12,US_HY,3Y,264.524,32,CDXHY332 BEST Curncy
6848,2019-08-12,US_IG,10Y,109.171,32,CDXIG032 Curncy
6847,2019-08-12,US_IG,7Y,86.251,32,CDXIG732 Curncy
6846,2019-08-12,US_IG,5Y,60.91,32,CDXIG532 Curncy
6845,2019-08-12,US_IG,3Y,31.846,32,CDXIG332 Curncy
6863,2019-08-13,US_HY,5Y,346.5116,32,CDXHY532 BEST Curncy
6862,2019-08-13,US_HY,3Y,264.467,32,CDXHY332 BEST Curncy
6861,2019-08-13,US_IG,10Y,105.907,32,CDXIG032 Curncy
6864,2019-08-13,US_HY,7Y,391.86,32,CDXHY732 BEST Curncy
6859,2019-08-13,US_IG,5Y,60.54,32,CDXIG532 Curncy
6858,2019-08-13,US_IG,3Y,30.274,32,CDXIG332 Curncy
6860,2019-08-13,US_IG,7Y,83.792,32,CDXIG732 Curncy
6871,2019-08-14,US_IG,3Y,31.529,32,CDXIG332 Curncy
6872,2019-08-14,US_IG,5Y,60.48,32,CDXIG532 Curncy
6873,2019-08-14,US_IG,7Y,86.202,32,CDXIG732 Curncy
6874,2019-08-14,US_IG,10Y,109.718,32,CDXIG032 Curncy
6875,2019-08-14,US_HY,3Y,264.09,32,CDXHY332 BEST Curncy
6876,2019-08-14,US_HY,5Y,374.8382,32,CDXHY532 BEST Curncy
6877,2019-08-14,US_HY,7Y,372.16,32,CDXHY732 BEST Curncy
6888,2019-08-15,US_HY,3Y,264.034,32,CDXHY332 BEST Curncy
6889,2019-08-15,US_HY,5Y,372.7635,32,CDXHY532 BEST Curncy
6887,2019-08-15,US_IG,10Y,110.443,32,CDXIG032 Curncy
6890,2019-08-15,US_HY,7Y,397.042,32,CDXHY732 BEST Curncy
6885,2019-08-15,US_IG,5Y,61.32,32,CDXIG532 Curncy
6884,2019-08-15,US_IG,3Y,32.558,32,CDXIG332 Curncy
6886,2019-08-15,US_IG,7Y,87.814,32,CDXIG732 Curncy
6902,2019-08-16,US_HY,5Y,359.7243,32,CDXHY532 BEST Curncy
6901,2019-08-16,US_HY,3Y,264.156,32,CDXHY332 BEST Curncy
6900,2019-08-16,US_IG,10Y,108.125,32,CDXIG032 Curncy
6903,2019-08-16,US_HY,7Y,399.365,32,CDXHY732 BEST Curncy
6898,2019-08-16,US_IG,5Y,60.15,32,CDXIG532 Curncy
6897,2019-08-16,US_IG,3Y,31.25,32,CDXIG332 Curncy
6899,2019-08-16,US_IG,7Y,84.5,32,CDXIG732 Curncy
6910,2019-08-19,US_IG,3Y,28.507,32,CDXIG332 Curncy
6911,2019-08-19,US_IG,5Y,55.84,32,CDXIG532 Curncy
6912,2019-08-19,US_IG,7Y,81.394,32,CDXIG732 Curncy
6913,2019-08-19,US_IG,10Y,103.839,32,CDXIG032 Curncy
6914,2019-08-19,US_HY,3Y,263.489,32,CDXHY332 BEST Curncy
6915,2019-08-19,US_HY,5Y,349.9566,32,CDXHY532 BEST Curncy
6916,2019-08-19,US_HY,7Y,383.235,32,CDXHY732 BEST Curncy
6927,2019-08-20,US_HY,3Y,263.099,32,CDXHY332 BEST Curncy
6928,2019-08-20,US_HY,5Y,353.9183,32,CDXHY532 BEST Curncy
6926,2019-08-20,US_IG,10Y,103.988,32,CDXIG032 Curncy
6929,2019-08-20,US_HY,7Y,374.81,32,CDXHY732 BEST Curncy
6924,2019-08-20,US_IG,5Y,56.33,32,CDXIG532 Curncy
6923,2019-08-20,US_IG,3Y,28.482,32,CDXIG332 Curncy
6925,2019-08-20,US_IG,7Y,81.192,32,CDXIG732 Curncy
6936,2019-08-21,US_IG,3Y,28.178,32,CDXIG332 Curncy
6937,2019-08-21,US_IG,5Y,55.16,32,CDXIG532 Curncy
6938,2019-08-21,US_IG,7Y,80.418,32,CDXIG732 Curncy
6939,2019-08-21,US_IG,10Y,102.896,32,CDXIG032 Curncy
6940,2019-08-21,US_HY,3Y,263.052,32,CDXHY332 BEST Curncy
6941,2019-08-21,US_HY,5Y,345.8429,32,CDXHY532 BEST Curncy
6942,2019-08-21,US_HY,7Y,379.377,32,CDXHY732 BEST Curncy
6955,2019-08-22,US_HY,7Y,370.738,32,CDXHY732 BEST Curncy
6954,2019-08-22,US_HY,5Y,345.4513,32,CDXHY532 BEST Curncy
6953,2019-08-22,US_HY,3Y,262.698,32,CDXHY332 BEST Curncy
6952,2019-08-22,US_IG,10Y,102.808,32,CDXIG032 Curncy
6950,2019-08-22,US_IG,5Y,54.49,32,CDXIG532 Curncy
6949,2019-08-22,US_IG,3Y,27.805,32,CDXIG332 Curncy
6951,2019-08-22,US_IG,7Y,79.943,32,CDXIG732 Curncy
6962,2019-08-23,US_IG,3Y,29.125,32,CDXIG332 Curncy
6963,2019-08-23,US_IG,5Y,54.28,32,CDXIG532 Curncy
6964,2019-08-23,US_IG,7Y,81.953,32,CDXIG732 Curncy
6965,2019-08-23,US_IG,10Y,105.262,32,CDXIG032 Curncy
6966,2019-08-23,US_HY,3Y,262.391,32,CDXHY332 BEST Curncy
6967,2019-08-23,US_HY,5Y,361.952,32,CDXHY532 BEST Curncy
6968,2019-08-23,US_HY,7Y,370.973,32,CDXHY732 BEST Curncy
6978,2019-08-26,US_HY,5Y,356.7783,32,CDXHY532 BEST Curncy
6979,2019-08-26,US_HY,7Y,386.29,32,CDXHY732 BEST Curncy
6977,2019-08-26,US_HY,3Y,261.953,32,CDXHY332 BEST Curncy
6975,2019-08-26,US_IG,7Y,82.124,32,CDXIG732 Curncy
6976,2019-08-26,US_IG,10Y,104.694,32,CDXIG032 Curncy
6974,2019-08-26,US_IG,5Y,57.54,32,CDXIG532 Curncy
6973,2019-08-26,US_IG,3Y,29.551,32,CDXIG332 Curncy
6991,2019-08-27,US_HY,5Y,355.0157,32,CDXHY532 BEST Curncy
6990,2019-08-27,US_HY,3Y,261.694,32,CDXHY332 BEST Curncy
6989,2019-08-27,US_IG,10Y,105.046,32,CDXIG032 Curncy
6992,2019-08-27,US_HY,7Y,382.643,32,CDXHY732 BEST Curncy
6987,2019-08-27,US_IG,5Y,54.98,32,CDXIG532 Curncy
6986,2019-08-27,US_IG,3Y,29.237,32,CDXIG332 Curncy
6988,2019-08-27,US_IG,7Y,81.966,32,CDXIG732 Curncy
6999,2019-08-28,US_IG,3Y,28.477,32,CDXIG332 Curncy
7000,2019-08-28,US_IG,5Y,55.65,32,CDXIG532 Curncy
7001,2019-08-28,US_IG,7Y,81.098,32,CDXIG732 Curncy
7002,2019-08-28,US_IG,10Y,103.75,32,CDXIG032 Curncy
7003,2019-08-28,US_HY,3Y,261.65,32,CDXHY332 BEST Curncy
7004,2019-08-28,US_HY,5Y,349.2528,32,CDXHY532 BEST Curncy
7005,2019-08-28,US_HY,7Y,382.009,32,CDXHY732 BEST Curncy
7017,2019-08-29,US_HY,5Y,340.8313,32,CDXHY532 BEST Curncy
7018,2019-08-29,US_HY,7Y,376.795,32,CDXHY732 BEST Curncy
7016,2019-08-29,US_HY,3Y,261.473,32,CDXHY332 BEST Curncy
7015,2019-08-29,US_IG,10Y,101.769,32,CDXIG032 Curncy
7014,2019-08-29,US_IG,7Y,79.006,32,CDXIG732 Curncy
7013,2019-08-29,US_IG,5Y,53.03,32,CDXIG532 Curncy
7012,2019-08-29,US_IG,3Y,27.332,32,CDXIG332 Curncy
7030,2019-08-30,US_HY,5Y,341.2744,32,CDXHY532 BEST Curncy
7029,2019-08-30,US_HY,3Y,261.178,32,CDXHY332 BEST Curncy
7028,2019-08-30,US_IG,10Y,102.084,32,CDXIG032 Curncy
7031,2019-08-30,US_HY,7Y,364.13,32,CDXHY732 BEST Curncy
7026,2019-08-30,US_IG,5Y,53.74,32,CDXIG532 Curncy
7025,2019-08-30,US_IG,3Y,27.185,32,CDXIG332 Curncy
7027,2019-08-30,US_IG,7Y,79.37,32,CDXIG732 Curncy
7038,2019-09-02,US_IG,3Y,27.247,32,CDXIG332 Curncy
7039,2019-09-02,US_IG,5Y,53.96,32,CDXIG532 Curncy
7040,2019-09-02,US_IG,7Y,79.57,32,CDXIG732 Curncy
7041,2019-09-02,US_IG,10Y,102.549,32,CDXIG032 Curncy
7042,2019-09-02,US_HY,3Y,260.575,32,CDXHY332 BEST Curncy
7043,2019-09-02,US_HY,5Y,339.834,32,CDXHY532 BEST Curncy
7044,2019-09-02,US_HY,7Y,365.772,32,CDXHY732 BEST Curncy
7055,2019-09-03,US_HY,3Y,260.383,32,CDXHY332 BEST Curncy
7056,2019-09-03,US_HY,5Y,349.2922,32,CDXHY532 BEST Curncy
7054,2019-09-03,US_IG,10Y,103.444,32,CDXIG032 Curncy
7057,2019-09-03,US_HY,7Y,365.287,32,CDXHY732 BEST Curncy
7052,2019-09-03,US_IG,5Y,55.41,32,CDXIG532 Curncy
7051,2019-09-03,US_IG,3Y,28.043,32,CDXIG332 Curncy
7053,2019-09-03,US_IG,7Y,80.504,32,CDXIG732 Curncy
7069,2019-09-04,US_HY,5Y,342.3278,32,CDXHY532 BEST Curncy
7068,2019-09-04,US_HY,3Y,285.888,32,CDXHY332 BEST Curncy
7067,2019-09-04,US_IG,10Y,102.3,32,CDXIG032 Curncy
7070,2019-09-04,US_HY,7Y,374.572,32,CDXHY732 BEST Curncy
7065,2019-09-04,US_IG,5Y,54.14,32,CDXIG532 Curncy
7064,2019-09-04,US_IG,3Y,27.526,32,CDXIG332 Curncy
7066,2019-09-04,US_IG,7Y,79.617,32,CDXIG732 Curncy
7077,2019-09-05,US_IG,3Y,26.234,32,CDXIG332 Curncy
7078,2019-09-05,US_IG,5Y,52.26,32,CDXIG532 Curncy
7079,2019-09-05,US_IG,7Y,77.967,32,CDXIG732 Curncy
7080,2019-09-05,US_IG,10Y,100.683,32,CDXIG032 Curncy
7081,2019-09-05,US_HY,3Y,285.819,32,CDXHY332 BEST Curncy
7082,2019-09-05,US_HY,5Y,332.2313,32,CDXHY532 BEST Curncy
7083,2019-09-05,US_HY,7Y,369.124,32,CDXHY732 BEST Curncy
7094,2019-09-06,US_HY,3Y,273.281,32,CDXHY332 BEST Curncy
7095,2019-09-06,US_HY,5Y,326.1324,32,CDXHY532 BEST Curncy
7093,2019-09-06,US_IG,10Y,99.367,32,CDXIG032 Curncy
7096,2019-09-06,US_HY,7Y,357.796,32,CDXHY732 BEST Curncy
7091,2019-09-06,US_IG,5Y,51.23,32,CDXIG532 Curncy
7090,2019-09-06,US_IG,3Y,25.679,32,CDXIG332 Curncy
7092,2019-09-06,US_IG,7Y,76.684,32,CDXIG732 Curncy
7103,2019-09-09,US_IG,3Y,25.979,32,CDXIG332 Curncy
7104,2019-09-09,US_IG,5Y,51.54,32,CDXIG532 Curncy
7105,2019-09-09,US_IG,7Y,76.796,32,CDXIG732 Curncy
7106,2019-09-09,US_IG,10Y,99.758,32,CDXIG032 Curncy
7107,2019-09-09,US_HY,3Y,272.615,32,CDXHY332 BEST Curncy
7108,2019-09-09,US_HY,5Y,326.0492,32,CDXHY532 BEST Curncy
7109,2019-09-09,US_HY,7Y,351.556,32,CDXHY732 BEST Curncy
7122,2019-09-10,US_HY,7Y,351.185,32,CDXHY732 BEST Curncy
7121,2019-09-10,US_HY,5Y,326.8984,32,CDXHY532 BEST Curncy
7120,2019-09-10,US_HY,3Y,272.261,32,CDXHY332 BEST Curncy
7119,2019-09-10,US_IG,10Y,100.239,32,CDXIG032 Curncy
7117,2019-09-10,US_IG,5Y,52.53,32,CDXIG532 Curncy
7116,2019-09-10,US_IG,3Y,26.203,32,CDXIG332 Curncy
7118,2019-09-10,US_IG,7Y,77.38,32,CDXIG732 Curncy
7129,2019-09-11,US_IG,3Y,25.974,32,CDXIG332 Curncy
7130,2019-09-11,US_IG,5Y,51.69,32,CDXIG532 Curncy
7131,2019-09-11,US_IG,7Y,76.918,32,CDXIG732 Curncy
7132,2019-09-11,US_IG,10Y,99.734,32,CDXIG032 Curncy
7133,2019-09-11,US_HY,3Y,271.884,32,CDXHY332 BEST Curncy
7134,2019-09-11,US_HY,5Y,322.6199,32,CDXHY532 BEST Curncy
7135,2019-09-11,US_HY,7Y,351.375,32,CDXHY732 BEST Curncy
7147,2019-09-12,US_HY,5Y,316.7361,32,CDXHY532 BEST Curncy
7148,2019-09-12,US_HY,7Y,348.296,32,CDXHY732 BEST Curncy
7146,2019-09-12,US_HY,3Y,271.635,32,CDXHY332 BEST Curncy
7142,2019-09-12,US_IG,3Y,24.656,32,CDXIG332 Curncy
7144,2019-09-12,US_IG,7Y,75.18,32,CDXIG732 Curncy
7143,2019-09-12,US_IG,5Y,49.15,32,CDXIG532 Curncy
7145,2019-09-12,US_IG,10Y,98.04,32,CDXIG032 Curncy
7160,2019-09-13,US_HY,5Y,317.0583,32,CDXHY532 BEST Curncy
7159,2019-09-13,US_HY,3Y,271.333,32,CDXHY332 BEST Curncy
7158,2019-09-13,US_IG,10Y,98.423,32,CDXIG032 Curncy
7161,2019-09-13,US_HY,7Y,341.149,32,CDXHY732 BEST Curncy
7156,2019-09-13,US_IG,5Y,49.95,32,CDXIG532 Curncy
7155,2019-09-13,US_IG,3Y,25.207,32,CDXIG332 Curncy
7157,2019-09-13,US_IG,7Y,75.479,32,CDXIG732 Curncy
7168,2019-09-16,US_IG,3Y,25.685,32,CDXIG332 Curncy
7169,2019-09-16,US_IG,5Y,50.55,32,CDXIG532 Curncy
7170,2019-09-16,US_IG,7Y,75.648,32,CDXIG732 Curncy
7171,2019-09-16,US_IG,10Y,99.23,32,CDXIG032 Curncy
7172,2019-09-16,US_HY,3Y,270.469,32,CDXHY332 BEST Curncy
7173,2019-09-16,US_HY,5Y,315.793,32,CDXHY532 BEST Curncy
7174,2019-09-16,US_HY,7Y,341.654,32,CDXHY732 BEST Curncy
7186,2019-09-17,US_HY,5Y,317.1844,32,CDXHY532 BEST Curncy
7187,2019-09-17,US_HY,7Y,341.277,32,CDXHY732 BEST Curncy
7185,2019-09-17,US_HY,3Y,270.405,32,CDXHY332 BEST Curncy
7184,2019-09-17,US_IG,10Y,100.477,32,CDXIG032 Curncy
7183,2019-09-17,US_IG,7Y,76.914,32,CDXIG732 Curncy
7182,2019-09-17,US_IG,5Y,51.84,32,CDXIG532 Curncy
7181,2019-09-17,US_IG,3Y,26.133,32,CDXIG332 Curncy
7199,2019-09-18,US_HY,5Y,321.7732,32,CDXHY532 BEST Curncy
7198,2019-09-18,US_HY,3Y,270.265,32,CDXHY332 BEST Curncy
7197,2019-09-18,US_IG,10Y,100.467,32,CDXIG032 Curncy
7200,2019-09-18,US_HY,7Y,343.02,32,CDXHY732 BEST Curncy
7195,2019-09-18,US_IG,5Y,51.5,32,CDXIG532 Curncy
7194,2019-09-18,US_IG,3Y,26.202,32,CDXIG332 Curncy
7196,2019-09-18,US_IG,7Y,76.905,32,CDXIG732 Curncy
7207,2019-09-19,US_IG,3Y,25.734,32,CDXIG332 Curncy
7208,2019-09-19,US_IG,5Y,50.7,32,CDXIG532 Curncy
7209,2019-09-19,US_IG,7Y,76.183,32,CDXIG732 Curncy
7210,2019-09-19,US_IG,10Y,99.721,32,CDXIG032 Curncy
7211,2019-09-19,US_HY,3Y,270.052,32,CDXHY332 BEST Curncy
7212,2019-09-19,US_HY,5Y,320.2042,32,CDXHY532 BEST Curncy
7213,2019-09-19,US_HY,7Y,346.94,32,CDXHY732 BEST Curncy
7218,2019-09-20,US_IG,5Y,59.723,33,CDXIG533 Curncy
7226,2019-09-23,US_IG,5Y,58.984,33,CDXIG533 Curncy
7234,2019-09-24,US_IG,5Y,60.968,33,CDXIG533 Curncy
7242,2019-09-25,US_IG,5Y,60.1,33,CDXIG533 Curncy
7250,2019-09-26,US_IG,5Y,60.845,33,CDXIG533 Curncy
7258,2019-09-27,US_IG,5Y,61.685,33,CDXIG533 Curncy
7259,2019-09-27,US_HY,5Y,356.2879,33,CDXHY533 BEST Curncy
7267,2019-09-30,US_IG,5Y,59.8,33,CDXIG533 Curncy
7268,2019-09-30,US_HY,5Y,350.5817,33,CDXHY533 BEST Curncy
7269,2019-09-30,US_HY,7Y,377.454,33,CDXHY733 BEST Curncy
7277,2019-10-01,US_IG,5Y,60.645,33,CDXIG533 Curncy
7278,2019-10-01,US_HY,5Y,354.6765,33,CDXHY533 BEST Curncy
7279,2019-10-01,US_HY,7Y,372.598,33,CDXHY733 BEST Curncy
7289,2019-10-02,US_HY,7Y,377.478,33,CDXHY733 BEST Curncy
7287,2019-10-02,US_IG,5Y,63.389,33,CDXIG533 Curncy
7288,2019-10-02,US_HY,5Y,365.7714,33,CDXHY533 BEST Curncy
7297,2019-10-03,US_IG,5Y,62.726,33,CDXIG533 Curncy
7298,2019-10-03,US_HY,5Y,368.3936,33,CDXHY533 BEST Curncy
7299,2019-10-03,US_HY,7Y,390.673,33,CDXHY733 BEST Curncy
7309,2019-10-04,US_HY,7Y,391.675,33,CDXHY733 BEST Curncy
7307,2019-10-04,US_IG,5Y,60.242,33,CDXIG533 Curncy
7308,2019-10-04,US_HY,5Y,358.359,33,CDXHY533 BEST Curncy
7318,2019-10-07,US_HY,5Y,360.1149,33,CDXHY533 BEST Curncy
7319,2019-10-07,US_HY,7Y,381.285,33,CDXHY733 BEST Curncy
7317,2019-10-07,US_IG,5Y,61.145,33,CDXIG533 Curncy
7327,2019-10-08,US_IG,5Y,63.091,33,CDXIG533 Curncy
7328,2019-10-08,US_HY,5Y,364.4597,33,CDXHY533 BEST Curncy
7329,2019-10-08,US_HY,7Y,380.747,33,CDXHY733 BEST Curncy
7337,2019-10-09,US_IG,5Y,61.432,33,CDXIG533 Curncy
7338,2019-10-09,US_HY,5Y,360.9075,33,CDXHY533 BEST Curncy
7339,2019-10-09,US_HY,7Y,387.063,33,CDXHY733 BEST Curncy
7349,2019-10-10,US_HY,7Y,383.547,33,CDXHY733 BEST Curncy
7347,2019-10-10,US_IG,5Y,59.973,33,CDXIG533 Curncy
7348,2019-10-10,US_HY,5Y,359.6127,33,CDXHY533 BEST Curncy
7359,2019-10-11,US_HY,7Y,380.212,33,CDXHY733 BEST Curncy
7357,2019-10-11,US_IG,5Y,57.239,33,CDXIG533 Curncy
7358,2019-10-11,US_HY,5Y,343.7126,33,CDXHY533 BEST Curncy
7367,2019-10-14,US_HY,5Y,347.8545,33,CDXHY533 BEST Curncy
7368,2019-10-14,US_HY,7Y,367.98,33,CDXHY733 BEST Curncy
7378,2019-10-15,US_HY,7Y,367.198,33,CDXHY733 BEST Curncy
7376,2019-10-15,US_IG,5Y,56.236,33,CDXIG533 Curncy
7377,2019-10-15,US_HY,5Y,340.7852,33,CDXHY533 BEST Curncy
7387,2019-10-16,US_HY,5Y,340.7481,33,CDXHY533 BEST Curncy
7388,2019-10-16,US_HY,7Y,361.706,33,CDXHY733 BEST Curncy
7386,2019-10-16,US_IG,5Y,56.068,33,CDXIG533 Curncy
7398,2019-10-17,US_HY,7Y,363.988,33,CDXHY733 BEST Curncy
7397,2019-10-17,US_HY,5Y,339.4197,33,CDXHY533 BEST Curncy
7396,2019-10-17,US_IG,5Y,55.63,33,CDXIG533 Curncy
7406,2019-10-18,US_IG,5Y,54.905,33,CDXIG533 Curncy
7407,2019-10-18,US_HY,5Y,338.5309,33,CDXHY533 BEST Curncy
7408,2019-10-18,US_HY,7Y,362.741,33,CDXHY733 BEST Curncy
7416,2019-10-21,US_IG,5Y,53.798,33,CDXIG533 Curncy
7417,2019-10-21,US_HY,5Y,333.8213,33,CDXHY533 BEST Curncy
7418,2019-10-21,US_HY,7Y,361.199,33,CDXHY733 BEST Curncy
7427,2019-10-22,US_HY,5Y,333.5112,33,CDXHY533 BEST Curncy
7428,2019-10-22,US_HY,7Y,356.739,33,CDXHY733 BEST Curncy
7426,2019-10-22,US_IG,5Y,54.633,33,CDXIG533 Curncy
7436,2019-10-23,US_IG,5Y,54.144,33,CDXIG533 Curncy
7437,2019-10-23,US_HY,5Y,335.666,33,CDXHY533 BEST Curncy
7438,2019-10-23,US_HY,7Y,354.666,33,CDXHY733 BEST Curncy
7446,2019-10-24,US_IG,5Y,54.619,33,CDXIG533 Curncy
7447,2019-10-24,US_HY,5Y,333.6819,33,CDXHY533 BEST Curncy
7448,2019-10-24,US_HY,7Y,357.553,33,CDXHY733 BEST Curncy
7458,2019-10-25,US_HY,7Y,356.264,33,CDXHY733 BEST Curncy
7456,2019-10-25,US_IG,5Y,53.598,33,CDXIG533 Curncy
7457,2019-10-25,US_HY,5Y,331.384,33,CDXHY533 BEST Curncy
7467,2019-10-28,US_HY,5Y,329.3214,33,CDXHY533 BEST Curncy
7468,2019-10-28,US_HY,7Y,354.086,33,CDXHY733 BEST Curncy
7466,2019-10-28,US_IG,5Y,53.328,33,CDXIG533 Curncy
7476,2019-10-29,US_IG,5Y,54.488,33,CDXIG533 Curncy
7477,2019-10-29,US_HY,5Y,331.8337,33,CDXHY533 BEST Curncy
7478,2019-10-29,US_HY,7Y,351.693,33,CDXHY733 BEST Curncy
7486,2019-10-30,US_IG,5Y,54.213,33,CDXIG533 Curncy
7487,2019-10-30,US_HY,5Y,333.5896,33,CDXHY533 BEST Curncy
7488,2019-10-30,US_HY,7Y,353.411,33,CDXHY733 BEST Curncy
7498,2019-10-31,US_HY,7Y,356.74,33,CDXHY733 BEST Curncy
7496,2019-10-31,US_IG,5Y,55.056,33,CDXIG533 Curncy
7497,2019-10-31,US_HY,5Y,339.8693,33,CDXHY533 BEST Curncy
7508,2019-11-01,US_HY,7Y,362.554,33,CDXHY733 BEST Curncy
7507,2019-11-01,US_HY,5Y,331.0872,33,CDXHY533 BEST Curncy
7506,2019-11-01,US_IG,5Y,52.9,33,CDXIG533 Curncy
7516,2019-11-04,US_IG,5Y,51.466,33,CDXIG533 Curncy
7517,2019-11-04,US_HY,5Y,324.0062,33,CDXHY533 BEST Curncy
7518,2019-11-04,US_HY,7Y,354.214,33,CDXHY733 BEST Curncy
7528,2019-11-05,US_HY,7Y,346.057,33,CDXHY733 BEST Curncy
7526,2019-11-05,US_IG,5Y,51.86,33,CDXIG533 Curncy
7527,2019-11-05,US_HY,5Y,323.3889,33,CDXHY533 BEST Curncy
7537,2019-11-06,US_HY,5Y,327.6505,33,CDXHY533 BEST Curncy
7538,2019-11-06,US_HY,7Y,351.378,33,CDXHY733 BEST Curncy
7536,2019-11-06,US_IG,5Y,51.883,33,CDXIG533 Curncy
7548,2019-11-07,US_HY,7Y,344.851,33,CDXHY733 BEST Curncy
7546,2019-11-07,US_IG,5Y,51.17,33,CDXIG533 Curncy
7547,2019-11-07,US_HY,5Y,324.3552,33,CDXHY533 BEST Curncy
7556,2019-11-08,US_IG,5Y,51.299,33,CDXIG533 Curncy
7557,2019-11-08,US_HY,5Y,327.2374,33,CDXHY533 BEST Curncy
7558,2019-11-08,US_HY,7Y,349.374,33,CDXHY733 BEST Curncy
7566,2019-11-11,US_HY,5Y,325.7466,33,CDXHY533 BEST Curncy
7567,2019-11-11,US_HY,7Y,347.585,33,CDXHY733 BEST Curncy
7575,2019-11-12,US_IG,5Y,51.724,33,CDXIG533 Curncy
7576,2019-11-12,US_HY,5Y,330.1606,33,CDXHY533 BEST Curncy
7577,2019-11-12,US_HY,7Y,351.915,33,CDXHY733 BEST Curncy
7587,2019-11-13,US_HY,7Y,354.8,33,CDXHY733 BEST Curncy
7586,2019-11-13,US_HY,5Y,332.2064,33,CDXHY533 BEST Curncy
7585,2019-11-13,US_IG,5Y,52.221,33,CDXIG533 Curncy
7595,2019-11-14,US_IG,5Y,52.421,33,CDXIG533 Curncy
7596,2019-11-14,US_HY,5Y,335.7103,33,CDXHY533 BEST Curncy
7597,2019-11-14,US_HY,7Y,358.482,33,CDXHY733 BEST Curncy
7605,2019-11-15,US_IG,5Y,51.26,33,CDXIG533 Curncy
7606,2019-11-15,US_HY,5Y,331.8524,33,CDXHY533 BEST Curncy
7607,2019-11-15,US_HY,7Y,353.968,33,CDXHY733 BEST Curncy
7615,2019-11-18,US_IG,5Y,51.253,33,CDXIG533 Curncy
7617,2019-11-18,US_HY,7Y,356.102,33,CDXHY733 BEST Curncy
7616,2019-11-18,US_HY,5Y,333.1909,33,CDXHY533 BEST Curncy
7627,2019-11-19,US_HY,7Y,359.523,33,CDXHY733 BEST Curncy
7625,2019-11-19,US_IG,5Y,52.143,33,CDXIG533 Curncy
7626,2019-11-19,US_HY,5Y,339.006,33,CDXHY533 BEST Curncy
7635,2019-11-20,US_IG,5Y,52.77,33,CDXIG533 Curncy
7636,2019-11-20,US_HY,5Y,344.8564,33,CDXHY533 BEST Curncy
7637,2019-11-20,US_HY,7Y,364.738,33,CDXHY733 BEST Curncy
7645,2019-11-21,US_IG,5Y,52.891,33,CDXIG533 Curncy
7646,2019-11-21,US_HY,5Y,343.2578,33,CDXHY533 BEST Curncy
7647,2019-11-21,US_HY,7Y,367.163,33,CDXHY733 BEST Curncy
7656,2019-11-22,US_HY,5Y,339.8258,33,CDXHY533 BEST Curncy
7655,2019-11-22,US_IG,5Y,51.461,33,CDXIG533 Curncy
7657,2019-11-22,US_HY,7Y,364.671,33,CDXHY733 BEST Curncy
7665,2019-11-25,US_IG,5Y,50.028,33,CDXIG533 Curncy
7666,2019-11-25,US_HY,5Y,331.2451,33,CDXHY533 BEST Curncy
7667,2019-11-25,US_HY,7Y,356.02,33,CDXHY733 BEST Curncy
7676,2019-11-26,US_HY,5Y,327.1425,33,CDXHY533 BEST Curncy
7677,2019-11-26,US_HY,7Y,350.344,33,CDXHY733 BEST Curncy
7675,2019-11-26,US_IG,5Y,49.19,33,CDXIG533 Curncy
7686,2019-11-27,US_HY,5Y,324.9099,33,CDXHY533 BEST Curncy
7687,2019-11-27,US_HY,7Y,347.745,33,CDXHY733 BEST Curncy
7685,2019-11-27,US_IG,5Y,49.565,33,CDXIG533 Curncy
7696,2019-11-28,US_HY,7Y,347.523,33,CDXHY733 BEST Curncy
7695,2019-11-28,US_HY,5Y,324.1231,33,CDXHY533 BEST Curncy
7704,2019-11-29,US_IG,5Y,50.03,33,CDXIG533 Curncy
7705,2019-11-29,US_HY,5Y,325.689,33,CDXHY533 BEST Curncy
7706,2019-11-29,US_HY,7Y,341.143,33,CDXHY733 BEST Curncy
7714,2019-12-02,US_IG,5Y,51.546,33,CDXIG533 Curncy
7715,2019-12-02,US_HY,5Y,330.0725,33,CDXHY533 BEST Curncy
7716,2019-12-02,US_HY,7Y,346.277,33,CDXHY733 BEST Curncy
7724,2019-12-03,US_IG,5Y,52.192,33,CDXIG533 Curncy
7725,2019-12-03,US_HY,5Y,333.4551,33,CDXHY533 BEST Curncy
7726,2019-12-03,US_HY,7Y,350.279,33,CDXHY733 BEST Curncy
7736,2019-12-04,US_HY,7Y,343.277,33,CDXHY733 BEST Curncy
7735,2019-12-04,US_HY,5Y,325.8959,33,CDXHY533 BEST Curncy
7734,2019-12-04,US_IG,5Y,50.395,33,CDXIG533 Curncy
7744,2019-12-05,US_IG,5Y,50.463,33,CDXIG533 Curncy
7745,2019-12-05,US_HY,5Y,326.7902,33,CDXHY533 BEST Curncy
7746,2019-12-05,US_HY,7Y,344.197,33,CDXHY733 BEST Curncy
7754,2019-12-06,US_IG,5Y,49.205,33,CDXIG533 Curncy
7755,2019-12-06,US_HY,5Y,322.2397,33,CDXHY533 BEST Curncy
7756,2019-12-06,US_HY,7Y,338.624,33,CDXHY733 BEST Curncy
7764,2019-12-09,US_IG,5Y,50.183,33,CDXIG533 Curncy
7765,2019-12-09,US_HY,5Y,326.0858,33,CDXHY533 BEST Curncy
7766,2019-12-09,US_HY,7Y,341.958,33,CDXHY733 BEST Curncy
7776,2019-12-10,US_HY,7Y,343.276,33,CDXHY733 BEST Curncy
7774,2019-12-10,US_IG,5Y,49.875,33,CDXIG533 Curncy
7775,2019-12-10,US_HY,5Y,326.3935,33,CDXHY533 BEST Curncy
7784,2019-12-11,US_IG,5Y,49.175,33,CDXIG533 Curncy
7785,2019-12-11,US_HY,5Y,302.4929,33,CDXHY533 BEST Curncy
7786,2019-12-11,US_HY,7Y,322.181,33,CDXHY733 BEST Curncy
7794,2019-12-12,US_IG,5Y,47.802,33,CDXIG533 Curncy
7795,2019-12-12,US_HY,5Y,297.3937,33,CDXHY533 BEST Curncy
7796,2019-12-12,US_HY,7Y,321.753,33,CDXHY733 BEST Curncy
7806,2019-12-13,US_HY,7Y,317.939,33,CDXHY733 BEST Curncy
7805,2019-12-13,US_HY,5Y,295.9371,33,CDXHY533 BEST Curncy
7804,2019-12-13,US_IG,5Y,47.86,33,CDXIG533 Curncy
7814,2019-12-16,US_IG,5Y,46.135,33,CDXIG533 Curncy
7815,2019-12-16,US_HY,5Y,289.4117,33,CDXHY533 BEST Curncy
7816,2019-12-16,US_HY,7Y,311.283,33,CDXHY733 BEST Curncy
7824,2019-12-17,US_IG,5Y,45.814,33,CDXIG533 Curncy
7825,2019-12-17,US_HY,5Y,288.2633,33,CDXHY533 BEST Curncy
7826,2019-12-17,US_HY,7Y,309.799,33,CDXHY733 BEST Curncy
7835,2019-12-18,US_HY,5Y,285.1758,33,CDXHY533 BEST Curncy
7836,2019-12-18,US_HY,7Y,307.742,33,CDXHY733 BEST Curncy
7834,2019-12-18,US_IG,5Y,45.773,33,CDXIG533 Curncy
7846,2019-12-19,US_HY,7Y,306.767,33,CDXHY733 BEST Curncy
7844,2019-12-19,US_IG,5Y,45.708,33,CDXIG533 Curncy
7845,2019-12-19,US_HY,5Y,285.6494,33,CDXHY533 BEST Curncy
7854,2019-12-20,US_IG,5Y,45.116,33,CDXIG533 Curncy
7855,2019-12-20,US_HY,5Y,282.6562,33,CDXHY533 BEST Curncy
7856,2019-12-20,US_HY,7Y,303.596,33,CDXHY733 BEST Curncy
7864,2019-12-23,US_IG,5Y,45.041,33,CDXIG533 Curncy
7865,2019-12-23,US_HY,5Y,282.807,33,CDXHY533 BEST Curncy
7866,2019-12-23,US_HY,7Y,304.435,33,CDXHY733 BEST Curncy
7874,2019-12-24,US_HY,5Y,281.1656,33,CDXHY533 BEST Curncy
7875,2019-12-24,US_HY,7Y,302.221,33,CDXHY733 BEST Curncy
7873,2019-12-24,US_IG,5Y,44.599,33,CDXIG533 Curncy
7880,2019-12-25,US_HY,5Y,281.1072,33,CDXHY533 BEST Curncy
7881,2019-12-25,US_HY,7Y,302.148,33,CDXHY733 BEST Curncy
7884,2019-12-26,US_IG,5Y,43.978,33,CDXIG533 Curncy
7885,2019-12-26,US_HY,5Y,278.8087,33,CDXHY533 BEST Curncy
7886,2019-12-26,US_HY,7Y,300.043,33,CDXHY733 BEST Curncy
7895,2019-12-27,US_HY,7Y,297.677,33,CDXHY733 BEST Curncy
7893,2019-12-27,US_IG,5Y,43.948,33,CDXIG533 Curncy
7894,2019-12-27,US_HY,5Y,275.7431,33,CDXHY533 BEST Curncy
7904,2019-12-30,US_HY,7Y,298.585,33,CDXHY733 BEST Curncy
7903,2019-12-30,US_HY,5Y,277.6667,33,CDXHY533 BEST Curncy
7902,2019-12-30,US_IG,5Y,44.975,33,CDXIG533 Curncy
7911,2019-12-31,US_IG,5Y,45.266,33,CDXIG533 Curncy
7912,2019-12-31,US_HY,5Y,279.7507,33,CDXHY533 BEST Curncy
7913,2019-12-31,US_HY,7Y,303.251,33,CDXHY733 BEST Curncy
7918,2020-01-01,US_HY,5Y,279.7242,33,CDXHY533 BEST Curncy
7919,2020-01-01,US_HY,7Y,303.435,33,CDXHY733 BEST Curncy
7927,2020-01-02,US_IG,5Y,44.155,33,CDXIG533 Curncy
7928,2020-01-02,US_HY,5Y,275.9299,33,CDXHY533 BEST Curncy
7929,2020-01-02,US_HY,7Y,299.842,33,CDXHY733 BEST Curncy
7939,2020-01-03,US_HY,7Y,302.745,33,CDXHY733 BEST Curncy
7937,2020-01-03,US_IG,5Y,45.835,33,CDXIG533 Curncy
7938,2020-01-03,US_HY,5Y,280.567,33,CDXHY533 BEST Curncy
7947,2020-01-06,US_IG,5Y,46.049,33,CDXIG533 Curncy
7948,2020-01-06,US_HY,5Y,280.5367,33,CDXHY533 BEST Curncy
7949,2020-01-06,US_HY,7Y,305.277,33,CDXHY733 BEST Curncy
7959,2020-01-07,US_HY,7Y,306.175,33,CDXHY733 BEST Curncy
7957,2020-01-07,US_IG,5Y,46.665,33,CDXIG533 Curncy
7958,2020-01-07,US_HY,5Y,282.5547,33,CDXHY533 BEST Curncy
7968,2020-01-08,US_HY,5Y,279.7365,33,CDXHY533 BEST Curncy
7969,2020-01-08,US_HY,7Y,303.557,33,CDXHY733 BEST Curncy
7967,2020-01-08,US_IG,5Y,45.113,33,CDXIG533 Curncy
7979,2020-01-09,US_HY,7Y,302.353,33,CDXHY733 BEST Curncy
7977,2020-01-09,US_IG,5Y,43.844,33,CDXIG533 Curncy
7978,2020-01-09,US_HY,5Y,277.7931,33,CDXHY533 BEST Curncy
7987,2020-01-10,US_IG,5Y,44.195,33,CDXIG533 Curncy
7988,2020-01-10,US_HY,5Y,277.575,33,CDXHY533 BEST Curncy
7989,2020-01-10,US_HY,7Y,302.015,33,CDXHY733 BEST Curncy
7997,2020-01-13,US_IG,5Y,44.133,33,CDXIG533 Curncy
7998,2020-01-13,US_HY,5Y,278.9179,33,CDXHY533 BEST Curncy
7999,2020-01-13,US_HY,7Y,301.518,33,CDXHY733 BEST Curncy
8007,2020-01-14,US_IG,5Y,44.716,33,CDXIG533 Curncy
8008,2020-01-14,US_HY,5Y,280.3217,33,CDXHY533 BEST Curncy
8009,2020-01-14,US_HY,7Y,303.495,33,CDXHY733 BEST Curncy
8019,2020-01-15,US_HY,7Y,303.215,33,CDXHY733 BEST Curncy
8017,2020-01-15,US_IG,5Y,44.715,33,CDXIG533 Curncy
8018,2020-01-15,US_HY,5Y,279.6349,33,CDXHY533 BEST Curncy
8027,2020-01-16,US_IG,5Y,44.054,33,CDXIG533 Curncy
8028,2020-01-16,US_HY,5Y,280.082,33,CDXHY533 BEST Curncy
8029,2020-01-16,US_HY,7Y,303.952,33,CDXHY733 BEST Curncy
8037,2020-01-17,US_IG,5Y,44.053,33,CDXIG533 Curncy
8038,2020-01-17,US_HY,5Y,278.4856,33,CDXHY533 BEST Curncy
8039,2020-01-17,US_HY,7Y,302.541,33,CDXHY733 BEST Curncy
8048,2020-01-20,US_HY,7Y,302.613,33,CDXHY733 BEST Curncy
8047,2020-01-20,US_HY,5Y,278.7627,33,CDXHY533 BEST Curncy
8058,2020-01-21,US_HY,7Y,304.398,33,CDXHY733 BEST Curncy
8056,2020-01-21,US_IG,5Y,45.763,33,CDXIG533 Curncy
8057,2020-01-21,US_HY,5Y,282.5153,33,CDXHY533 BEST Curncy
8066,2020-01-22,US_IG,5Y,45.071,33,CDXIG533 Curncy
8067,2020-01-22,US_HY,5Y,284.3866,33,CDXHY533 BEST Curncy
8068,2020-01-22,US_HY,7Y,308.494,33,CDXHY733 BEST Curncy
8076,2020-01-23,US_IG,5Y,46.02,33,CDXIG533 Curncy
8077,2020-01-23,US_HY,5Y,288.7477,33,CDXHY533 BEST Curncy
8078,2020-01-23,US_HY,7Y,315.007,33,CDXHY733 BEST Curncy
8088,2020-01-24,US_HY,7Y,315.104,33,CDXHY733 BEST Curncy
8087,2020-01-24,US_HY,5Y,295.5554,33,CDXHY533 BEST Curncy
8086,2020-01-24,US_IG,5Y,47.025,33,CDXIG533 Curncy
8096,2020-01-27,US_IG,5Y,49.308,33,CDXIG533 Curncy
8097,2020-01-27,US_HY,5Y,307.9966,33,CDXHY533 BEST Curncy
8098,2020-01-27,US_HY,7Y,331.017,33,CDXHY733 BEST Curncy
8106,2020-01-28,US_IG,5Y,46.646,33,CDXIG533 Curncy
8107,2020-01-28,US_HY,5Y,294.0406,33,CDXHY533 BEST Curncy
8108,2020-01-28,US_HY,7Y,322.377,33,CDXHY733 BEST Curncy
8117,2020-01-29,US_HY,5Y,297.6603,33,CDXHY533 BEST Curncy
8118,2020-01-29,US_HY,7Y,321.584,33,CDXHY733 BEST Curncy
8116,2020-01-29,US_IG,5Y,48.016,33,CDXIG533 Curncy
8128,2020-01-30,US_HY,7Y,329.59,33,CDXHY733 BEST Curncy
8127,2020-01-30,US_HY,5Y,304.5114,33,CDXHY533 BEST Curncy
8126,2020-01-30,US_IG,5Y,47.535,33,CDXIG533 Curncy
8136,2020-01-31,US_IG,5Y,50.155,33,CDXIG533 Curncy
8137,2020-01-31,US_HY,5Y,305.9553,33,CDXHY533 BEST Curncy
8138,2020-01-31,US_HY,7Y,329.813,33,CDXHY733 BEST Curncy
8146,2020-02-03,US_IG,5Y,50.075,33,CDXIG533 Curncy
8147,2020-02-03,US_HY,5Y,304.3877,33,CDXHY533 BEST Curncy
8148,2020-02-03,US_HY,7Y,328.578,33,CDXHY733 BEST Curncy
8157,2020-02-04,US_HY,5Y,294.8416,33,CDXHY533 BEST Curncy
8158,2020-02-04,US_HY,7Y,317.918,33,CDXHY733 BEST Curncy
8156,2020-02-04,US_IG,5Y,47.061,33,CDXIG533 Curncy
8166,2020-02-05,US_IG,5Y,44.855,33,CDXIG533 Curncy
8167,2020-02-05,US_HY,5Y,283.5335,33,CDXHY533 BEST Curncy
8168,2020-02-05,US_HY,7Y,309.78,33,CDXHY733 BEST Curncy
8176,2020-02-06,US_IG,5Y,45.335,33,CDXIG533 Curncy
8177,2020-02-06,US_HY,5Y,283.8937,33,CDXHY533 BEST Curncy
8178,2020-02-06,US_HY,7Y,307.966,33,CDXHY733 BEST Curncy
8188,2020-02-07,US_HY,7Y,310.756,33,CDXHY733 BEST Curncy
8186,2020-02-07,US_IG,5Y,46.129,33,CDXIG533 Curncy
8187,2020-02-07,US_HY,5Y,288.2561,33,CDXHY533 BEST Curncy
8197,2020-02-10,US_HY,5Y,288.9274,33,CDXHY533 BEST Curncy
8198,2020-02-10,US_HY,7Y,313.752,33,CDXHY733 BEST Curncy
8196,2020-02-10,US_IG,5Y,45.271,33,CDXIG533 Curncy
8206,2020-02-11,US_IG,5Y,44.834,33,CDXIG533 Curncy
8207,2020-02-11,US_HY,5Y,283.9214,33,CDXHY533 BEST Curncy
8208,2020-02-11,US_HY,7Y,303.246,33,CDXHY733 BEST Curncy
8216,2020-02-12,US_IG,5Y,43.81,33,CDXIG533 Curncy
8217,2020-02-12,US_HY,5Y,281.0317,33,CDXHY533 BEST Curncy
8218,2020-02-12,US_HY,7Y,302.069,33,CDXHY733 BEST Curncy
8228,2020-02-13,US_HY,7Y,301.144,33,CDXHY733 BEST Curncy
8226,2020-02-13,US_IG,5Y,43.75,33,CDXIG533 Curncy
8227,2020-02-13,US_HY,5Y,281.0789,33,CDXHY533 BEST Curncy
8238,2020-02-14,US_HY,7Y,304.095,33,CDXHY733 BEST Curncy
8236,2020-02-14,US_IG,5Y,44.266,33,CDXIG533 Curncy
8237,2020-02-14,US_HY,5Y,284.5223,33,CDXHY533 BEST Curncy
8246,2020-02-17,US_HY,5Y,283.2725,33,CDXHY533 BEST Curncy
8247,2020-02-17,US_HY,7Y,302.915,33,CDXHY733 BEST Curncy
8257,2020-02-18,US_HY,7Y,308.592,33,CDXHY733 BEST Curncy
8255,2020-02-18,US_IG,5Y,44.674,33,CDXIG533 Curncy
8256,2020-02-18,US_HY,5Y,287.9007,33,CDXHY533 BEST Curncy
8266,2020-02-19,US_HY,5Y,285.5842,33,CDXHY533 BEST Curncy
8267,2020-02-19,US_HY,7Y,304.332,33,CDXHY733 BEST Curncy
8265,2020-02-19,US_IG,5Y,44.518,33,CDXIG533 Curncy
8277,2020-02-20,US_HY,7Y,309.415,33,CDXHY733 BEST Curncy
8276,2020-02-20,US_HY,5Y,289.644,33,CDXHY533 BEST Curncy
8275,2020-02-20,US_IG,5Y,45.356,33,CDXIG533 Curncy
8285,2020-02-21,US_IG,5Y,46.546,33,CDXIG533 Curncy
8286,2020-02-21,US_HY,5Y,295.9518,33,CDXHY533 BEST Curncy
8287,2020-02-21,US_HY,7Y,312.315,33,CDXHY733 BEST Curncy
8295,2020-02-24,US_IG,5Y,53.071,33,CDXIG533 Curncy
8296,2020-02-24,US_HY,5Y,323.4763,33,CDXHY533 BEST Curncy
8297,2020-02-24,US_HY,7Y,342.96,33,CDXHY733 BEST Curncy
8306,2020-02-25,US_HY,5Y,340.0957,33,CDXHY533 BEST Curncy
8307,2020-02-25,US_HY,7Y,350.985,33,CDXHY733 BEST Curncy
8305,2020-02-25,US_IG,5Y,55.409,33,CDXIG533 Curncy
8315,2020-02-26,US_IG,5Y,57.685,33,CDXIG533 Curncy
8316,2020-02-26,US_HY,5Y,346.0396,33,CDXHY533 BEST Curncy
8317,2020-02-26,US_HY,7Y,356.426,33,CDXHY733 BEST Curncy
8325,2020-02-27,US_IG,5Y,64.581,33,CDXIG533 Curncy
8326,2020-02-27,US_HY,5Y,360.6247,33,CDXHY533 BEST Curncy
8327,2020-02-27,US_HY,7Y,368.361,33,CDXHY733 BEST Curncy
8337,2020-02-28,US_HY,7Y,402.691,33,CDXHY733 BEST Curncy
8335,2020-02-28,US_IG,5Y,66.478,33,CDXIG533 Curncy
8336,2020-02-28,US_HY,5Y,380.32,33,CDXHY533 BEST Curncy
8347,2020-03-02,US_HY,7Y,394.118,33,CDXHY733 BEST Curncy
8346,2020-03-02,US_HY,5Y,378.902,33,CDXHY533 BEST Curncy
8345,2020-03-02,US_IG,5Y,64.6,33,CDXIG533 Curncy
8355,2020-03-03,US_IG,5Y,71.326,33,CDXIG533 Curncy
8356,2020-03-03,US_HY,5Y,381.578,33,CDXHY533 BEST Curncy
8357,2020-03-03,US_HY,7Y,385.026,33,CDXHY733 BEST Curncy
8365,2020-03-04,US_IG,5Y,65.835,33,CDXIG533 Curncy
8366,2020-03-04,US_HY,5Y,366.9264,33,CDXHY533 BEST Curncy
8367,2020-03-04,US_HY,7Y,399.731,33,CDXHY733 BEST Curncy
8376,2020-03-05,US_HY,5Y,411.1137,33,CDXHY533 BEST Curncy
8377,2020-03-05,US_HY,7Y,421.667,33,CDXHY733 BEST Curncy
8375,2020-03-05,US_IG,5Y,73.253,33,CDXIG533 Curncy
8385,2020-03-06,US_IG,5Y,83.157,33,CDXIG533 Curncy
8386,2020-03-06,US_HY,5Y,452.4306,33,CDXHY533 BEST Curncy
8387,2020-03-06,US_HY,7Y,475.515,33,CDXHY733 BEST Curncy
8395,2020-03-09,US_IG,5Y,110.94,33,CDXIG533 Curncy
8396,2020-03-09,US_HY,5Y,552.4802,33,CDXHY533 BEST Curncy
8397,2020-03-09,US_HY,7Y,569.696,33,CDXHY733 BEST Curncy
8405,2020-03-10,US_IG,5Y,106.75,33,CDXIG533 Curncy
8406,2020-03-10,US_HY,5Y,538.3418,33,CDXHY533 BEST Curncy
8407,2020-03-10,US_HY,7Y,571.273,33,CDXHY733 BEST Curncy
8417,2020-03-11,US_HY,7Y,551.854,33,CDXHY733 BEST Curncy
8416,2020-03-11,US_HY,5Y,577.5927,33,CDXHY533 BEST Curncy
8415,2020-03-11,US_IG,5Y,117.418,33,CDXIG533 Curncy
8425,2020-03-12,US_IG,5Y,138.875,33,CDXIG533 Curncy
8426,2020-03-12,US_HY,5Y,669.6996,33,CDXHY533 BEST Curncy
8427,2020-03-12,US_HY,7Y,551.843,33,CDXHY733 BEST Curncy
8435,2020-03-13,US_IG,5Y,107.488,33,CDXIG533 Curncy
8436,2020-03-13,US_HY,5Y,617.967,33,CDXHY533 BEST Curncy
8437,2020-03-13,US_HY,7Y,551.843,33,CDXHY733 BEST Curncy
8447,2020-03-16,US_HY,7Y,655.859,33,CDXHY733 BEST Curncy
8446,2020-03-16,US_HY,5Y,651.0307,33,CDXHY533 BEST Curncy
8445,2020-03-16,US_IG,5Y,124.226,33,CDXIG533 Curncy
8455,2020-03-17,US_IG,5Y,123.233,33,CDXIG533 Curncy
8456,2020-03-17,US_HY,5Y,643.5498,33,CDXHY533 BEST Curncy
8457,2020-03-17,US_HY,7Y,633.458,33,CDXHY733 BEST Curncy
8465,2020-03-18,US_IG,5Y,140.969,33,CDXIG533 Curncy
8466,2020-03-18,US_HY,5Y,780.9382,33,CDXHY533 BEST Curncy
8467,2020-03-18,US_HY,7Y,726.527,33,CDXHY733 BEST Curncy
8477,2020-03-19,US_HY,7Y,767.938,33,CDXHY733 BEST Curncy
8475,2020-03-19,US_IG,5Y,141.838,33,CDXIG533 Curncy
8476,2020-03-19,US_HY,5Y,753.2111,33,CDXHY533 BEST Curncy
8483,2020-03-20,US_IG,5Y,151.798,34,CDXIG534 Curncy
8491,2020-03-23,US_IG,5Y,121.563,34,CDXIG534 Curncy
8499,2020-03-24,US_IG,5Y,107.974,34,CDXIG534 Curncy
8507,2020-03-25,US_IG,5Y,103.168,34,CDXIG534 Curncy
8515,2020-03-26,US_IG,5Y,96.658,34,CDXIG534 Curncy
8523,2020-03-27,US_IG,5Y,111.889,34,CDXIG534 Curncy
8524,2020-03-27,US_HY,5Y,597.6083,34,CDXHY534 BEST Curncy
8525,2020-03-27,US_HY,7Y,590.287,34,CDXHY734 BEST Curncy
8526,2020-03-27,US_HY,10Y,573.289,34,CDXHY034 BEST Curncy
8537,2020-03-30,US_HY,10Y,620.444,34,CDXHY034 BEST Curncy
8534,2020-03-30,US_IG,5Y,107.875,34,CDXIG534 Curncy
8535,2020-03-30,US_HY,5Y,619.9968,34,CDXHY534 BEST Curncy
8536,2020-03-30,US_HY,7Y,640.843,34,CDXHY734 BEST Curncy
8547,2020-03-31,US_HY,7Y,624.303,34,CDXHY734 BEST Curncy
8548,2020-03-31,US_HY,10Y,605.614,34,CDXHY034 BEST Curncy
8545,2020-03-31,US_IG,5Y,113.051,34,CDXIG534 Curncy
8546,2020-03-31,US_HY,5Y,643.0483,34,CDXHY534 BEST Curncy
8558,2020-04-01,US_HY,7Y,710.914,34,CDXHY734 BEST Curncy
8559,2020-04-01,US_HY,10Y,681.765,34,CDXHY034 BEST Curncy
8556,2020-04-01,US_IG,5Y,126.144,34,CDXIG534 Curncy
8557,2020-04-01,US_HY,5Y,725.5119,34,CDXHY534 BEST Curncy
8569,2020-04-02,US_HY,7Y,716.541,34,CDXHY734 BEST Curncy
8570,2020-04-02,US_HY,10Y,686.916,34,CDXHY034 BEST Curncy
8567,2020-04-02,US_IG,5Y,123.313,34,CDXIG534 Curncy
8568,2020-04-02,US_HY,5Y,733.6628,34,CDXHY534 BEST Curncy
8581,2020-04-03,US_HY,10Y,732.516,34,CDXHY034 BEST Curncy
8580,2020-04-03,US_HY,7Y,766.628,34,CDXHY734 BEST Curncy
8578,2020-04-03,US_IG,5Y,127.55,34,CDXIG534 Curncy
8579,2020-04-03,US_HY,5Y,781.8649,34,CDXHY534 BEST Curncy
8589,2020-04-06,US_IG,5Y,116.969,34,CDXIG534 Curncy
8590,2020-04-06,US_HY,5Y,697.5146,34,CDXHY534 BEST Curncy
8591,2020-04-06,US_HY,7Y,695.707,34,CDXHY734 BEST Curncy
8592,2020-04-06,US_HY,10Y,669.901,34,CDXHY034 BEST Curncy
8603,2020-04-07,US_HY,10Y,629.485,34,CDXHY034 BEST Curncy
8600,2020-04-07,US_IG,5Y,112.493,34,CDXIG534 Curncy
8601,2020-04-07,US_HY,5Y,687.0623,34,CDXHY534 BEST Curncy
8602,2020-04-07,US_HY,7Y,652.856,34,CDXHY734 BEST Curncy
8614,2020-04-08,US_HY,10Y,608.443,34,CDXHY034 BEST Curncy
8613,2020-04-08,US_HY,7Y,630.37,34,CDXHY734 BEST Curncy
8612,2020-04-08,US_HY,5Y,622.1425,34,CDXHY534 BEST Curncy
8611,2020-04-08,US_IG,5Y,104.886,34,CDXIG534 Curncy
8625,2020-04-09,US_HY,10Y,499.485,34,CDXHY034 BEST Curncy
8622,2020-04-09,US_IG,5Y,81.849,34,CDXIG534 Curncy
8623,2020-04-09,US_HY,5Y,533.8002,34,CDXHY534 BEST Curncy
8624,2020-04-09,US_HY,7Y,515.733,34,CDXHY734 BEST Curncy
8633,2020-04-10,US_HY,10Y,501.899,34,CDXHY034 BEST Curncy
8632,2020-04-10,US_HY,7Y,518.33,34,CDXHY734 BEST Curncy
8631,2020-04-10,US_HY,5Y,527.2533,34,CDXHY534 BEST Curncy
8641,2020-04-13,US_HY,10Y,541.166,34,CDXHY034 BEST Curncy
8640,2020-04-13,US_HY,7Y,561.076,34,CDXHY734 BEST Curncy
8637,2020-04-13,US_IG,5Y,83.14,34,CDXIG534 Curncy
8638,2020-04-13,US_HY,3Y,589.223,34,CDXHY334 BEST Curncy
8639,2020-04-13,US_HY,5Y,577.1069,34,CDXHY534 BEST Curncy
8649,2020-04-14,US_IG,5Y,82.608,34,CDXIG534 Curncy
8650,2020-04-14,US_HY,3Y,589.304,34,CDXHY334 BEST Curncy
8651,2020-04-14,US_HY,5Y,551.0272,34,CDXHY534 BEST Curncy
8652,2020-04-14,US_HY,7Y,536.517,34,CDXHY734 BEST Curncy
8653,2020-04-14,US_HY,10Y,518.856,34,CDXHY034 BEST Curncy
8661,2020-04-15,US_IG,5Y,87.416,34,CDXIG534 Curncy
8662,2020-04-15,US_HY,3Y,589.323,34,CDXHY334 BEST Curncy
8663,2020-04-15,US_HY,5Y,593.6945,34,CDXHY534 BEST Curncy
8664,2020-04-15,US_HY,7Y,588.419,34,CDXHY734 BEST Curncy
8665,2020-04-15,US_HY,10Y,566.092,34,CDXHY034 BEST Curncy
8676,2020-04-16,US_HY,7Y,607.996,34,CDXHY734 BEST Curncy
8675,2020-04-16,US_HY,5Y,611.4877,34,CDXHY534 BEST Curncy
8677,2020-04-16,US_HY,10Y,582.52,34,CDXHY034 BEST Curncy
8673,2020-04-16,US_IG,5Y,87.928,34,CDXIG534 Curncy
8674,2020-04-16,US_HY,3Y,635.386,34,CDXHY334 BEST Curncy
8689,2020-04-17,US_HY,10Y,569.436,34,CDXHY034 BEST Curncy
8688,2020-04-17,US_HY,7Y,595.039,34,CDXHY734 BEST Curncy
8685,2020-04-17,US_IG,5Y,86.968,34,CDXIG534 Curncy
8686,2020-04-17,US_HY,3Y,635.478,34,CDXHY334 BEST Curncy
8687,2020-04-17,US_HY,5Y,601.6149,34,CDXHY534 BEST Curncy
8697,2020-04-20,US_IG,5Y,93.474,34,CDXIG534 Curncy
8698,2020-04-20,US_HY,3Y,635.809,34,CDXHY334 BEST Curncy
8699,2020-04-20,US_HY,5Y,642.1142,34,CDXHY534 BEST Curncy
8700,2020-04-20,US_HY,7Y,593.305,34,CDXHY734 BEST Curncy
8701,2020-04-20,US_HY,10Y,568.057,34,CDXHY034 BEST Curncy
8713,2020-04-21,US_HY,10Y,621.401,34,CDXHY034 BEST Curncy
8712,2020-04-21,US_HY,7Y,652.171,34,CDXHY734 BEST Curncy
8709,2020-04-21,US_IG,5Y,98.063,34,CDXIG534 Curncy
8710,2020-04-21,US_HY,3Y,635.914,34,CDXHY334 BEST Curncy
8711,2020-04-21,US_HY,5Y,676.3252,34,CDXHY534 BEST Curncy
8721,2020-04-22,US_IG,5Y,94.481,34,CDXIG534 Curncy
8722,2020-04-22,US_HY,3Y,635.968,34,CDXHY334 BEST Curncy
8723,2020-04-22,US_HY,5Y,653.5282,34,CDXHY534 BEST Curncy
8724,2020-04-22,US_HY,7Y,629.917,34,CDXHY734 BEST Curncy
8725,2020-04-22,US_HY,10Y,601.193,34,CDXHY034 BEST Curncy
8736,2020-04-23,US_HY,7Y,615.797,34,CDXHY734 BEST Curncy
8737,2020-04-23,US_HY,10Y,586.128,34,CDXHY034 BEST Curncy
8734,2020-04-23,US_HY,3Y,751.1,34,CDXHY334 BEST Curncy
8733,2020-04-23,US_IG,5Y,93.689,34,CDXIG534 Curncy
8735,2020-04-23,US_HY,5Y,653.9542,34,CDXHY534 BEST Curncy
8745,2020-04-24,US_IG,5Y,94.144,34,CDXIG534 Curncy
8746,2020-04-24,US_HY,3Y,751.22,34,CDXHY334 BEST Curncy
8747,2020-04-24,US_HY,5Y,664.6538,34,CDXHY534 BEST Curncy
8748,2020-04-24,US_HY,7Y,649.742,34,CDXHY734 BEST Curncy
8749,2020-04-24,US_HY,10Y,616.731,34,CDXHY034 BEST Curncy
8761,2020-04-27,US_HY,10Y,597.728,34,CDXHY034 BEST Curncy
8760,2020-04-27,US_HY,7Y,629.247,34,CDXHY734 BEST Curncy
8758,2020-04-27,US_HY,3Y,775.538,34,CDXHY334 BEST Curncy
8757,2020-04-27,US_IG,5Y,93.168,34,CDXIG534 Curncy
8759,2020-04-27,US_HY,5Y,658.0584,34,CDXHY534 BEST Curncy
8772,2020-04-28,US_HY,7Y,634.717,34,CDXHY734 BEST Curncy
8769,2020-04-28,US_IG,5Y,91.781,34,CDXIG534 Curncy
8770,2020-04-28,US_HY,3Y,775.8,34,CDXHY334 BEST Curncy
8771,2020-04-28,US_HY,5Y,659.3105,34,CDXHY534 BEST Curncy
8773,2020-04-28,US_HY,10Y,602.738,34,CDXHY034 BEST Curncy
8785,2020-04-29,US_HY,10Y,577.68,34,CDXHY034 BEST Curncy
8784,2020-04-29,US_HY,7Y,607.154,34,CDXHY734 BEST Curncy
8783,2020-04-29,US_HY,5Y,627.7212,34,CDXHY534 BEST Curncy
8782,2020-04-29,US_HY,3Y,775.792,34,CDXHY334 BEST Curncy
8781,2020-04-29,US_IG,5Y,86.885,34,CDXIG534 Curncy
8793,2020-04-30,US_IG,5Y,86.979,34,CDXIG534 Curncy
8794,2020-04-30,US_HY,3Y,775.922,34,CDXHY334 BEST Curncy
8795,2020-04-30,US_HY,5Y,630.5163,34,CDXHY534 BEST Curncy
8796,2020-04-30,US_HY,7Y,608.262,34,CDXHY734 BEST Curncy
8797,2020-04-30,US_HY,10Y,578.222,34,CDXHY034 BEST Curncy
8808,2020-05-01,US_HY,10Y,572.2,34,CDXHY034 BEST Curncy
8807,2020-05-01,US_HY,7Y,611.348,34,CDXHY734 BEST Curncy
8806,2020-05-01,US_HY,5Y,652.5616,34,CDXHY534 BEST Curncy
8805,2020-05-01,US_HY,3Y,776.084,34,CDXHY334 BEST Curncy
8804,2020-05-01,US_IG,5Y,90.4,34,CDXIG534 Curncy
8816,2020-05-04,US_IG,5Y,90.896,34,CDXIG534 Curncy
8817,2020-05-04,US_HY,3Y,776.725,34,CDXHY334 BEST Curncy
8818,2020-05-04,US_HY,5Y,654.739,34,CDXHY534 BEST Curncy
8819,2020-05-04,US_HY,7Y,622.045,34,CDXHY734 BEST Curncy
8820,2020-05-04,US_HY,10Y,589.35,34,CDXHY034 BEST Curncy
8832,2020-05-05,US_HY,10Y,578.104,34,CDXHY034 BEST Curncy
8831,2020-05-05,US_HY,7Y,609.5,34,CDXHY734 BEST Curncy
8830,2020-05-05,US_HY,5Y,648.0147,34,CDXHY534 BEST Curncy
8829,2020-05-05,US_HY,3Y,776.863,34,CDXHY334 BEST Curncy
8828,2020-05-05,US_IG,5Y,90.065,34,CDXIG534 Curncy
8840,2020-05-06,US_IG,5Y,93.224,34,CDXIG534 Curncy
8841,2020-05-06,US_HY,3Y,777.075,34,CDXHY334 BEST Curncy
8842,2020-05-06,US_HY,5Y,669.5526,34,CDXHY534 BEST Curncy
8843,2020-05-06,US_HY,7Y,637.511,34,CDXHY734 BEST Curncy
8844,2020-05-06,US_HY,10Y,595.891,34,CDXHY034 BEST Curncy
8856,2020-05-07,US_HY,10Y,571.781,34,CDXHY034 BEST Curncy
8855,2020-05-07,US_HY,7Y,610.408,34,CDXHY734 BEST Curncy
8854,2020-05-07,US_HY,5Y,638.6028,34,CDXHY534 BEST Curncy
8853,2020-05-07,US_HY,3Y,777.18,34,CDXHY334 BEST Curncy
8852,2020-05-07,US_IG,5Y,92.169,34,CDXIG534 Curncy
8860,2020-05-08,US_IG,5Y,90.98,34,CDXIG534 Curncy
8861,2020-05-08,US_HY,3Y,777.188,34,CDXHY334 BEST Curncy
8862,2020-05-08,US_HY,5Y,637.0771,34,CDXHY534 BEST Curncy
8863,2020-05-08,US_HY,7Y,610.203,34,CDXHY734 BEST Curncy
8864,2020-05-08,US_HY,10Y,571.573,34,CDXHY034 BEST Curncy
8875,2020-05-11,US_HY,7Y,619.967,34,CDXHY734 BEST Curncy
8874,2020-05-11,US_HY,5Y,640.7896,34,CDXHY534 BEST Curncy
8876,2020-05-11,US_HY,10Y,583.434,34,CDXHY034 BEST Curncy
8872,2020-05-11,US_IG,5Y,92.61,34,CDXIG534 Curncy
8873,2020-05-11,US_HY,3Y,777.859,34,CDXHY334 BEST Curncy
8884,2020-05-12,US_IG,5Y,93.303,34,CDXIG534 Curncy
8885,2020-05-12,US_HY,3Y,778.114,34,CDXHY334 BEST Curncy
8886,2020-05-12,US_HY,5Y,632.2703,34,CDXHY534 BEST Curncy
8887,2020-05-12,US_HY,7Y,608.003,34,CDXHY734 BEST Curncy
8888,2020-05-12,US_HY,10Y,572.783,34,CDXHY034 BEST Curncy
8900,2020-05-13,US_HY,10Y,602.41,34,CDXHY034 BEST Curncy
8899,2020-05-13,US_HY,7Y,641.139,34,CDXHY734 BEST Curncy
8898,2020-05-13,US_HY,5Y,673.1083,34,CDXHY534 BEST Curncy
8897,2020-05-13,US_HY,3Y,778.315,34,CDXHY334 BEST Curncy
8896,2020-05-13,US_IG,5Y,96.709,34,CDXIG534 Curncy
8908,2020-05-14,US_IG,5Y,95.324,34,CDXIG534 Curncy
8909,2020-05-14,US_HY,3Y,778.536,34,CDXHY334 BEST Curncy
8910,2020-05-14,US_HY,5Y,683.0768,34,CDXHY534 BEST Curncy
8911,2020-05-14,US_HY,7Y,664.182,34,CDXHY734 BEST Curncy
8912,2020-05-14,US_HY,10Y,623.025,34,CDXHY034 BEST Curncy
8923,2020-05-15,US_HY,7Y,661.575,34,CDXHY734 BEST Curncy
8922,2020-05-15,US_HY,5Y,683.6842,34,CDXHY534 BEST Curncy
8924,2020-05-15,US_HY,10Y,620.672,34,CDXHY034 BEST Curncy
8920,2020-05-15,US_IG,5Y,95.806,34,CDXIG534 Curncy
8921,2020-05-15,US_HY,3Y,778.714,34,CDXHY334 BEST Curncy
8932,2020-05-18,US_IG,5Y,90.416,34,CDXIG534 Curncy
8933,2020-05-18,US_HY,3Y,779.348,34,CDXHY334 BEST Curncy
8934,2020-05-18,US_HY,5Y,639.881,34,CDXHY534 BEST Curncy
8935,2020-05-18,US_HY,7Y,626.307,34,CDXHY734 BEST Curncy
8936,2020-05-18,US_HY,10Y,589.178,34,CDXHY034 BEST Curncy
8947,2020-05-19,US_HY,7Y,615.694,34,CDXHY734 BEST Curncy
8946,2020-05-19,US_HY,5Y,639.5175,34,CDXHY534 BEST Curncy
8948,2020-05-19,US_HY,10Y,578.188,34,CDXHY034 BEST Curncy
8944,2020-05-19,US_IG,5Y,90.0,34,CDXIG534 Curncy
8945,2020-05-19,US_HY,3Y,779.658,34,CDXHY334 BEST Curncy
8956,2020-05-20,US_IG,5Y,83.95,34,CDXIG534 Curncy
8957,2020-05-20,US_HY,3Y,779.819,34,CDXHY334 BEST Curncy
8958,2020-05-20,US_HY,5Y,617.3804,34,CDXHY534 BEST Curncy
8959,2020-05-20,US_HY,7Y,598.432,34,CDXHY734 BEST Curncy
8960,2020-05-20,US_HY,10Y,562.72,34,CDXHY034 BEST Curncy
8972,2020-05-21,US_HY,10Y,560.638,34,CDXHY034 BEST Curncy
8968,2020-05-21,US_IG,5Y,85.958,34,CDXIG534 Curncy
8969,2020-05-21,US_HY,3Y,779.994,34,CDXHY334 BEST Curncy
8970,2020-05-21,US_HY,5Y,618.4811,34,CDXHY534 BEST Curncy
8971,2020-05-21,US_HY,7Y,596.086,34,CDXHY734 BEST Curncy
8982,2020-05-22,US_HY,5Y,624.1219,34,CDXHY534 BEST Curncy
8983,2020-05-22,US_HY,7Y,594.304,34,CDXHY734 BEST Curncy
8980,2020-05-22,US_IG,5Y,87.206,34,CDXIG534 Curncy
8981,2020-05-22,US_HY,3Y,780.195,34,CDXHY334 BEST Curncy
8984,2020-05-22,US_HY,10Y,554.351,34,CDXHY034 BEST Curncy
8993,2020-05-25,US_HY,10Y,541.522,34,CDXHY034 BEST Curncy
8992,2020-05-25,US_HY,7Y,578.593,34,CDXHY734 BEST Curncy
8990,2020-05-25,US_HY,3Y,780.896,34,CDXHY334 BEST Curncy
8991,2020-05-25,US_HY,5Y,609.7388,34,CDXHY534 BEST Curncy
9001,2020-05-26,US_IG,5Y,83.124,34,CDXIG534 Curncy
9002,2020-05-26,US_HY,3Y,781.119,34,CDXHY334 BEST Curncy
9003,2020-05-26,US_HY,5Y,578.3026,34,CDXHY534 BEST Curncy
9004,2020-05-26,US_HY,7Y,557.953,34,CDXHY734 BEST Curncy
9005,2020-05-26,US_HY,10Y,523.177,34,CDXHY034 BEST Curncy
9013,2020-05-27,US_IG,5Y,78.943,34,CDXIG534 Curncy
9014,2020-05-27,US_HY,3Y,781.327,34,CDXHY334 BEST Curncy
9015,2020-05-27,US_HY,5Y,567.2593,34,CDXHY534 BEST Curncy
9016,2020-05-27,US_HY,7Y,548.019,34,CDXHY734 BEST Curncy
9017,2020-05-27,US_HY,10Y,521.921,34,CDXHY034 BEST Curncy
9029,2020-05-28,US_HY,10Y,505.726,34,CDXHY034 BEST Curncy
9028,2020-05-28,US_HY,7Y,530.247,34,CDXHY734 BEST Curncy
9025,2020-05-28,US_IG,5Y,77.946,34,CDXIG534 Curncy
9026,2020-05-28,US_HY,3Y,781.577,34,CDXHY334 BEST Curncy
9027,2020-05-28,US_HY,5Y,550.6047,34,CDXHY534 BEST Curncy
9037,2020-05-29,US_IG,5Y,77.4,34,CDXIG534 Curncy
9038,2020-05-29,US_HY,3Y,781.77,34,CDXHY334 BEST Curncy
9039,2020-05-29,US_HY,5Y,549.163,34,CDXHY534 BEST Curncy
9040,2020-05-29,US_HY,7Y,543.868,34,CDXHY734 BEST Curncy
9041,2020-05-29,US_HY,10Y,518.562,34,CDXHY034 BEST Curncy
9053,2020-06-01,US_HY,10Y,480.812,34,CDXHY034 BEST Curncy
9052,2020-06-01,US_HY,7Y,501.237,34,CDXHY734 BEST Curncy
9049,2020-06-01,US_IG,5Y,78.851,34,CDXIG534 Curncy
9050,2020-06-01,US_HY,3Y,782.396,34,CDXHY334 BEST Curncy
9051,2020-06-01,US_HY,5Y,517.3481,34,CDXHY534 BEST Curncy
9061,2020-06-02,US_IG,5Y,75.641,34,CDXIG534 Curncy
9062,2020-06-02,US_HY,3Y,782.578,34,CDXHY334 BEST Curncy
9063,2020-06-02,US_HY,5Y,486.4337,34,CDXHY534 BEST Curncy
9064,2020-06-02,US_HY,7Y,478.518,34,CDXHY734 BEST Curncy
9065,2020-06-02,US_HY,10Y,462.327,34,CDXHY034 BEST Curncy
9077,2020-06-03,US_HY,10Y,435.938,34,CDXHY034 BEST Curncy
9076,2020-06-03,US_HY,7Y,450.79,34,CDXHY734 BEST Curncy
9075,2020-06-03,US_HY,5Y,457.6993,34,CDXHY534 BEST Curncy
9073,2020-06-03,US_IG,5Y,73.04,34,CDXIG534 Curncy
9074,2020-06-03,US_HY,3Y,782.792,34,CDXHY334 BEST Curncy
9085,2020-06-04,US_IG,5Y,72.445,34,CDXIG534 Curncy
9086,2020-06-04,US_HY,3Y,783.096,34,CDXHY334 BEST Curncy
9087,2020-06-04,US_HY,5Y,465.1436,34,CDXHY534 BEST Curncy
9088,2020-06-04,US_HY,7Y,452.071,34,CDXHY734 BEST Curncy
9089,2020-06-04,US_HY,10Y,437.183,34,CDXHY034 BEST Curncy
9101,2020-06-05,US_HY,10Y,397.332,34,CDXHY034 BEST Curncy
9100,2020-06-05,US_HY,7Y,408.163,34,CDXHY734 BEST Curncy
9097,2020-06-05,US_IG,5Y,64.961,34,CDXIG534 Curncy
9098,2020-06-05,US_HY,3Y,783.349,34,CDXHY334 BEST Curncy
9099,2020-06-05,US_HY,5Y,413.8578,34,CDXHY534 BEST Curncy
9109,2020-06-08,US_IG,5Y,66.636,34,CDXIG534 Curncy
9110,2020-06-08,US_HY,3Y,784.151,34,CDXHY334 BEST Curncy
9111,2020-06-08,US_HY,5Y,424.8348,34,CDXHY534 BEST Curncy
9112,2020-06-08,US_HY,7Y,417.638,34,CDXHY734 BEST Curncy
9113,2020-06-08,US_HY,10Y,406.752,34,CDXHY034 BEST Curncy
9125,2020-06-09,US_HY,10Y,431.014,34,CDXHY034 BEST Curncy
9124,2020-06-09,US_HY,7Y,447.599,34,CDXHY734 BEST Curncy
9121,2020-06-09,US_IG,5Y,72.358,34,CDXIG534 Curncy
9122,2020-06-09,US_HY,3Y,784.388,34,CDXHY334 BEST Curncy
9123,2020-06-09,US_HY,5Y,454.9301,34,CDXHY534 BEST Curncy
9133,2020-06-10,US_IG,5Y,74.522,34,CDXIG534 Curncy
9134,2020-06-10,US_HY,3Y,517.577,34,CDXHY334 BEST Curncy
9135,2020-06-10,US_HY,5Y,445.5304,34,CDXHY534 BEST Curncy
9136,2020-06-10,US_HY,7Y,441.441,34,CDXHY734 BEST Curncy
9137,2020-06-10,US_HY,10Y,425.536,34,CDXHY034 BEST Curncy
9148,2020-06-11,US_HY,7Y,494.328,34,CDXHY734 BEST Curncy
9149,2020-06-11,US_HY,10Y,478.449,34,CDXHY034 BEST Curncy
9147,2020-06-11,US_HY,5Y,503.2487,34,CDXHY534 BEST Curncy
9145,2020-06-11,US_IG,5Y,81.615,34,CDXIG534 Curncy
9146,2020-06-11,US_HY,3Y,517.583,34,CDXHY334 BEST Curncy
9157,2020-06-12,US_IG,5Y,78.958,34,CDXIG534 Curncy
9158,2020-06-12,US_HY,3Y,517.597,34,CDXHY334 BEST Curncy
9159,2020-06-12,US_HY,5Y,495.2439,34,CDXHY534 BEST Curncy
9160,2020-06-12,US_HY,7Y,489.971,34,CDXHY734 BEST Curncy
9161,2020-06-12,US_HY,10Y,474.495,34,CDXHY034 BEST Curncy
9173,2020-06-15,US_HY,10Y,476.95,34,CDXHY034 BEST Curncy
9172,2020-06-15,US_HY,7Y,492.37,34,CDXHY734 BEST Curncy
9171,2020-06-15,US_HY,5Y,458.9141,34,CDXHY534 BEST Curncy
9169,2020-06-15,US_IG,5Y,69.889,34,CDXIG534 Curncy
9170,2020-06-15,US_HY,3Y,517.64,34,CDXHY334 BEST Curncy
9181,2020-06-16,US_IG,5Y,69.184,34,CDXIG534 Curncy
9182,2020-06-16,US_HY,3Y,517.654,34,CDXHY334 BEST Curncy
9183,2020-06-16,US_HY,5Y,454.474,34,CDXHY534 BEST Curncy
9184,2020-06-16,US_HY,7Y,460.177,34,CDXHY734 BEST Curncy
9185,2020-06-16,US_HY,10Y,447.8,34,CDXHY034 BEST Curncy
9196,2020-06-17,US_HY,7Y,467.385,34,CDXHY734 BEST Curncy
9195,2020-06-17,US_HY,5Y,465.36,34,CDXHY534 BEST Curncy
9197,2020-06-17,US_HY,10Y,454.367,34,CDXHY034 BEST Curncy
9193,2020-06-17,US_IG,5Y,71.435,34,CDXIG534 Curncy
9194,2020-06-17,US_HY,3Y,517.668,34,CDXHY334 BEST Curncy
9205,2020-06-18,US_IG,5Y,74.561,34,CDXIG534 Curncy
9206,2020-06-18,US_HY,3Y,517.68,34,CDXHY334 BEST Curncy
9207,2020-06-18,US_HY,5Y,482.5656,34,CDXHY534 BEST Curncy
9208,2020-06-18,US_HY,7Y,486.387,34,CDXHY734 BEST Curncy
9209,2020-06-18,US_HY,10Y,471.587,34,CDXHY034 BEST Curncy
9221,2020-06-19,US_HY,10Y,475.66,34,CDXHY034 BEST Curncy
9219,2020-06-19,US_HY,5Y,493.5757,34,CDXHY534 BEST Curncy
9220,2020-06-19,US_HY,7Y,490.904,34,CDXHY734 BEST Curncy
9217,2020-06-19,US_IG,5Y,78.551,34,CDXIG534 Curncy
9218,2020-06-19,US_HY,3Y,517.693,34,CDXHY334 BEST Curncy
9229,2020-06-22,US_IG,5Y,76.13,34,CDXIG534 Curncy
9230,2020-06-22,US_HY,3Y,517.737,34,CDXHY334 BEST Curncy
9231,2020-06-22,US_HY,5Y,495.1282,34,CDXHY534 BEST Curncy
9232,2020-06-22,US_HY,7Y,497.806,34,CDXHY734 BEST Curncy
9233,2020-06-22,US_HY,10Y,482.263,34,CDXHY034 BEST Curncy
9244,2020-06-23,US_HY,7Y,493.977,34,CDXHY734 BEST Curncy
9243,2020-06-23,US_HY,5Y,489.3529,34,CDXHY534 BEST Curncy
9245,2020-06-23,US_HY,10Y,478.809,34,CDXHY034 BEST Curncy
9241,2020-06-23,US_IG,5Y,74.946,34,CDXIG534 Curncy
9242,2020-06-23,US_HY,3Y,517.751,34,CDXHY334 BEST Curncy
9257,2020-06-24,US_HY,10Y,497.51,34,CDXHY034 BEST Curncy
9256,2020-06-24,US_HY,7Y,514.592,34,CDXHY734 BEST Curncy
9253,2020-06-24,US_IG,5Y,78.508,34,CDXIG534 Curncy
9254,2020-06-24,US_HY,3Y,517.765,34,CDXHY334 BEST Curncy
9255,2020-06-24,US_HY,5Y,523.639,34,CDXHY534 BEST Curncy
9268,2020-06-25,US_HY,7Y,505.029,34,CDXHY734 BEST Curncy
9267,2020-06-25,US_HY,5Y,510.7263,34,CDXHY534 BEST Curncy
9269,2020-06-25,US_HY,10Y,488.915,34,CDXHY034 BEST Curncy
9265,2020-06-25,US_IG,5Y,78.226,34,CDXIG534 Curncy
9266,2020-06-25,US_HY,3Y,517.779,34,CDXHY334 BEST Curncy
9277,2020-06-26,US_IG,5Y,80.886,34,CDXIG534 Curncy
9278,2020-06-26,US_HY,3Y,517.794,34,CDXHY334 BEST Curncy
9280,2020-06-26,US_HY,7Y,505.03,34,CDXHY734 BEST Curncy
9281,2020-06-26,US_HY,10Y,488.912,34,CDXHY034 BEST Curncy
9279,2020-06-26,US_HY,5Y,522.0751,34,CDXHY534 BEST Curncy
9289,2020-06-29,US_IG,5Y,78.949,34,CDXIG534 Curncy
9290,2020-06-29,US_HY,3Y,517.835,34,CDXHY334 BEST Curncy
9291,2020-06-29,US_HY,5Y,535.8063,34,CDXHY534 BEST Curncy
9292,2020-06-29,US_HY,7Y,528.785,34,CDXHY734 BEST Curncy
9293,2020-06-29,US_HY,10Y,509.993,34,CDXHY034 BEST Curncy
9304,2020-06-30,US_HY,7Y,514.394,34,CDXHY734 BEST Curncy
9305,2020-06-30,US_HY,10Y,497.493,34,CDXHY034 BEST Curncy
9302,2020-06-30,US_HY,3Y,517.846,34,CDXHY334 BEST Curncy
9301,2020-06-30,US_IG,5Y,75.879,34,CDXIG534 Curncy
9303,2020-06-30,US_HY,5Y,517.6876,34,CDXHY534 BEST Curncy
9313,2020-07-01,US_IG,5Y,74.928,34,CDXIG534 Curncy
9314,2020-07-01,US_HY,3Y,517.86,34,CDXHY334 BEST Curncy
9315,2020-07-01,US_HY,5Y,507.7485,34,CDXHY534 BEST Curncy
9316,2020-07-01,US_HY,7Y,502.393,34,CDXHY734 BEST Curncy
9317,2020-07-01,US_HY,10Y,487.184,34,CDXHY034 BEST Curncy
9328,2020-07-02,US_HY,7Y,501.51,34,CDXHY734 BEST Curncy
9327,2020-07-02,US_HY,5Y,504.7379,34,CDXHY534 BEST Curncy
9329,2020-07-02,US_HY,10Y,486.508,34,CDXHY034 BEST Curncy
9325,2020-07-02,US_IG,5Y,74.131,34,CDXIG534 Curncy
9326,2020-07-02,US_HY,3Y,517.875,34,CDXHY334 BEST Curncy
9337,2020-07-03,US_HY,3Y,517.889,34,CDXHY334 BEST Curncy
9338,2020-07-03,US_HY,5Y,504.1686,34,CDXHY534 BEST Curncy
9339,2020-07-03,US_HY,7Y,503.272,34,CDXHY734 BEST Curncy
9340,2020-07-03,US_HY,10Y,487.627,34,CDXHY034 BEST Curncy
9348,2020-07-06,US_IG,5Y,71.498,34,CDXIG534 Curncy
9349,2020-07-06,US_HY,3Y,517.932,34,CDXHY334 BEST Curncy
9350,2020-07-06,US_HY,5Y,490.8732,34,CDXHY534 BEST Curncy
9351,2020-07-06,US_HY,7Y,490.694,34,CDXHY734 BEST Curncy
9352,2020-07-06,US_HY,10Y,477.391,34,CDXHY034 BEST Curncy
9364,2020-07-07,US_HY,10Y,478.966,34,CDXHY034 BEST Curncy
9363,2020-07-07,US_HY,7Y,494.071,34,CDXHY734 BEST Curncy
9360,2020-07-07,US_IG,5Y,74.4,34,CDXIG534 Curncy
9361,2020-07-07,US_HY,3Y,517.947,34,CDXHY334 BEST Curncy
9362,2020-07-07,US_HY,5Y,498.6666,34,CDXHY534 BEST Curncy
9372,2020-07-08,US_IG,5Y,72.448,34,CDXIG534 Curncy
9373,2020-07-08,US_HY,3Y,517.96,34,CDXHY334 BEST Curncy
9374,2020-07-08,US_HY,5Y,491.3205,34,CDXHY534 BEST Curncy
9375,2020-07-08,US_HY,7Y,494.575,34,CDXHY734 BEST Curncy
9376,2020-07-08,US_HY,10Y,482.645,34,CDXHY034 BEST Curncy
9388,2020-07-09,US_HY,10Y,497.082,34,CDXHY034 BEST Curncy
9387,2020-07-09,US_HY,7Y,511.118,34,CDXHY734 BEST Curncy
9386,2020-07-09,US_HY,5Y,501.8994,34,CDXHY534 BEST Curncy
9384,2020-07-09,US_IG,5Y,74.989,34,CDXIG534 Curncy
9385,2020-07-09,US_HY,3Y,517.974,34,CDXHY334 BEST Curncy
9396,2020-07-10,US_IG,5Y,73.688,34,CDXIG534 Curncy
9397,2020-07-10,US_HY,3Y,517.987,34,CDXHY334 BEST Curncy
9398,2020-07-10,US_HY,5Y,507.8399,34,CDXHY534 BEST Curncy
9399,2020-07-10,US_HY,7Y,511.144,34,CDXHY734 BEST Curncy
9400,2020-07-10,US_HY,10Y,497.225,34,CDXHY034 BEST Curncy
9412,2020-07-13,US_HY,10Y,486.326,34,CDXHY034 BEST Curncy
9410,2020-07-13,US_HY,5Y,494.3717,34,CDXHY534 BEST Curncy
9411,2020-07-13,US_HY,7Y,498.234,34,CDXHY734 BEST Curncy
9409,2020-07-13,US_HY,3Y,518.034,34,CDXHY334 BEST Curncy
9408,2020-07-13,US_IG,5Y,74.789,34,CDXIG534 Curncy
9420,2020-07-14,US_IG,5Y,74.16,34,CDXIG534 Curncy
9421,2020-07-14,US_HY,3Y,518.049,34,CDXHY334 BEST Curncy
9422,2020-07-14,US_HY,5Y,508.0942,34,CDXHY534 BEST Curncy
9423,2020-07-14,US_HY,7Y,515.55,34,CDXHY734 BEST Curncy
9424,2020-07-14,US_HY,10Y,500.925,34,CDXHY034 BEST Curncy
9436,2020-07-15,US_HY,10Y,482.379,34,CDXHY034 BEST Curncy
9435,2020-07-15,US_HY,7Y,494.947,34,CDXHY734 BEST Curncy
9434,2020-07-15,US_HY,5Y,483.8978,34,CDXHY534 BEST Curncy
9433,2020-07-15,US_HY,3Y,518.065,34,CDXHY334 BEST Curncy
9432,2020-07-15,US_IG,5Y,72.05,34,CDXIG534 Curncy
9444,2020-07-16,US_IG,5Y,72.731,34,CDXIG534 Curncy
9445,2020-07-16,US_HY,3Y,518.08,34,CDXHY334 BEST Curncy
9446,2020-07-16,US_HY,5Y,483.1003,34,CDXHY534 BEST Curncy
9447,2020-07-16,US_HY,7Y,490.188,34,CDXHY734 BEST Curncy
9448,2020-07-16,US_HY,10Y,477.272,34,CDXHY034 BEST Curncy
9460,2020-07-17,US_HY,10Y,469.238,34,CDXHY034 BEST Curncy
9459,2020-07-17,US_HY,7Y,481.187,34,CDXHY734 BEST Curncy
9458,2020-07-17,US_HY,5Y,472.6244,34,CDXHY534 BEST Curncy
9457,2020-07-17,US_HY,3Y,518.095,34,CDXHY334 BEST Curncy
9456,2020-07-17,US_IG,5Y,71.459,34,CDXIG534 Curncy
9468,2020-07-20,US_IG,5Y,70.063,34,CDXIG534 Curncy
9469,2020-07-20,US_HY,3Y,490.98,34,CDXHY334 BEST Curncy
9470,2020-07-20,US_HY,5Y,464.2154,34,CDXHY534 BEST Curncy
9471,2020-07-20,US_HY,7Y,473.18,34,CDXHY734 BEST Curncy
9472,2020-07-20,US_HY,10Y,461.742,34,CDXHY034 BEST Curncy
9480,2020-07-21,US_IG,5Y,70.125,34,CDXIG534 Curncy
9481,2020-07-21,US_HY,3Y,490.972,34,CDXHY334 BEST Curncy
9482,2020-07-21,US_HY,5Y,451.114,34,CDXHY534 BEST Curncy
9483,2020-07-21,US_HY,7Y,459.392,34,CDXHY734 BEST Curncy
9484,2020-07-21,US_HY,10Y,449.05,34,CDXHY034 BEST Curncy
9492,2020-07-22,US_IG,5Y,69.169,34,CDXIG534 Curncy
9493,2020-07-22,US_HY,3Y,490.966,34,CDXHY334 BEST Curncy
9494,2020-07-22,US_HY,5Y,454.2096,34,CDXHY534 BEST Curncy
9495,2020-07-22,US_HY,7Y,459.659,34,CDXHY734 BEST Curncy
9496,2020-07-22,US_HY,10Y,448.518,34,CDXHY034 BEST Curncy
9508,2020-07-23,US_HY,10Y,451.956,34,CDXHY034 BEST Curncy
9506,2020-07-23,US_HY,5Y,461.3979,34,CDXHY534 BEST Curncy
9507,2020-07-23,US_HY,7Y,463.594,34,CDXHY734 BEST Curncy
9505,2020-07-23,US_HY,3Y,490.958,34,CDXHY334 BEST Curncy
9504,2020-07-23,US_IG,5Y,69.485,34,CDXIG534 Curncy
9516,2020-07-24,US_IG,5Y,70.4,34,CDXIG534 Curncy
9517,2020-07-24,US_HY,3Y,481.186,34,CDXHY334 BEST Curncy
9518,2020-07-24,US_HY,5Y,462.3626,34,CDXHY534 BEST Curncy
9519,2020-07-24,US_HY,7Y,468.497,34,CDXHY734 BEST Curncy
9520,2020-07-24,US_HY,10Y,456.723,34,CDXHY034 BEST Curncy
9532,2020-07-27,US_HY,10Y,453.396,34,CDXHY034 BEST Curncy
9531,2020-07-27,US_HY,7Y,463.783,34,CDXHY734 BEST Curncy
9530,2020-07-27,US_HY,5Y,457.4368,34,CDXHY534 BEST Curncy
9529,2020-07-27,US_HY,3Y,481.138,34,CDXHY334 BEST Curncy
9528,2020-07-27,US_IG,5Y,70.286,34,CDXIG534 Curncy
9540,2020-07-28,US_IG,5Y,71.763,34,CDXIG534 Curncy
9541,2020-07-28,US_HY,3Y,481.12,34,CDXHY334 BEST Curncy
9542,2020-07-28,US_HY,5Y,452.9112,34,CDXHY534 BEST Curncy
9543,2020-07-28,US_HY,7Y,462.419,34,CDXHY734 BEST Curncy
9544,2020-07-28,US_HY,10Y,451.166,34,CDXHY034 BEST Curncy
9556,2020-07-29,US_HY,10Y,443.253,34,CDXHY034 BEST Curncy
9555,2020-07-29,US_HY,7Y,453.81,34,CDXHY734 BEST Curncy
9553,2020-07-29,US_HY,3Y,481.105,34,CDXHY334 BEST Curncy
9552,2020-07-29,US_IG,5Y,69.649,34,CDXIG534 Curncy
9554,2020-07-29,US_HY,5Y,439.144,34,CDXHY534 BEST Curncy
9564,2020-07-30,US_IG,5Y,69.949,34,CDXIG534 Curncy
9565,2020-07-30,US_HY,3Y,462.326,34,CDXHY334 BEST Curncy
9566,2020-07-30,US_HY,5Y,436.0573,34,CDXHY534 BEST Curncy
9567,2020-07-30,US_HY,7Y,443.623,34,CDXHY734 BEST Curncy
9568,2020-07-30,US_HY,10Y,434.537,34,CDXHY034 BEST Curncy
9577,2020-07-31,US_HY,3Y,462.3,34,CDXHY334 BEST Curncy
9576,2020-07-31,US_IG,5Y,69.283,34,CDXIG534 Curncy
9578,2020-07-31,US_HY,5Y,440.6787,34,CDXHY534 BEST Curncy
9579,2020-07-31,US_HY,7Y,448.444,34,CDXHY734 BEST Curncy
9580,2020-07-31,US_HY,10Y,438.539,34,CDXHY034 BEST Curncy
9591,2020-08-03,US_HY,7Y,437.158,34,CDXHY734 BEST Curncy
9590,2020-08-03,US_HY,5Y,432.3241,34,CDXHY534 BEST Curncy
9592,2020-08-03,US_HY,10Y,426.37,34,CDXHY034 BEST Curncy
9588,2020-08-03,US_IG,5Y,67.8,34,CDXIG534 Curncy
9589,2020-08-03,US_HY,3Y,462.209,34,CDXHY334 BEST Curncy
9602,2020-08-04,US_HY,5Y,430.0447,34,CDXHY534 BEST Curncy
9603,2020-08-04,US_HY,7Y,434.128,34,CDXHY734 BEST Curncy
9600,2020-08-04,US_IG,5Y,66.29,34,CDXIG534 Curncy
9601,2020-08-04,US_HY,3Y,462.174,34,CDXHY334 BEST Curncy
9604,2020-08-04,US_HY,10Y,423.458,34,CDXHY034 BEST Curncy
9616,2020-08-05,US_HY,10Y,400.485,34,CDXHY034 BEST Curncy
9614,2020-08-05,US_HY,5Y,394.4082,34,CDXHY534 BEST Curncy
9615,2020-08-05,US_HY,7Y,404.748,34,CDXHY734 BEST Curncy
9613,2020-08-05,US_HY,3Y,462.143,34,CDXHY334 BEST Curncy
9612,2020-08-05,US_IG,5Y,64.998,34,CDXIG534 Curncy
9624,2020-08-06,US_IG,5Y,64.576,34,CDXIG534 Curncy
9625,2020-08-06,US_HY,3Y,462.107,34,CDXHY334 BEST Curncy
9626,2020-08-06,US_HY,5Y,388.5245,34,CDXHY534 BEST Curncy
9627,2020-08-06,US_HY,7Y,403.731,34,CDXHY734 BEST Curncy
9628,2020-08-06,US_HY,10Y,399.487,34,CDXHY034 BEST Curncy
9640,2020-08-07,US_HY,10Y,394.013,34,CDXHY034 BEST Curncy
9639,2020-08-07,US_HY,7Y,397.603,34,CDXHY734 BEST Curncy
9638,2020-08-07,US_HY,5Y,388.3716,34,CDXHY534 BEST Curncy
9637,2020-08-07,US_HY,3Y,462.074,34,CDXHY334 BEST Curncy
9636,2020-08-07,US_IG,5Y,64.896,34,CDXIG534 Curncy
9648,2020-08-10,US_IG,5Y,65.809,34,CDXIG534 Curncy
9649,2020-08-10,US_HY,3Y,461.967,34,CDXHY334 BEST Curncy
9650,2020-08-10,US_HY,5Y,390.4184,34,CDXHY534 BEST Curncy
9651,2020-08-10,US_HY,7Y,399.541,34,CDXHY734 BEST Curncy
9652,2020-08-10,US_HY,10Y,395.982,34,CDXHY034 BEST Curncy
9663,2020-08-11,US_HY,7Y,398.944,34,CDXHY734 BEST Curncy
9662,2020-08-11,US_HY,5Y,389.3676,34,CDXHY534 BEST Curncy
9664,2020-08-11,US_HY,10Y,395.597,34,CDXHY034 BEST Curncy
9660,2020-08-11,US_IG,5Y,66.635,34,CDXIG534 Curncy
9661,2020-08-11,US_HY,3Y,461.929,34,CDXHY334 BEST Curncy
9672,2020-08-12,US_IG,5Y,65.218,34,CDXIG534 Curncy
9673,2020-08-12,US_HY,3Y,461.89,34,CDXHY334 BEST Curncy
9674,2020-08-12,US_HY,5Y,389.0383,34,CDXHY534 BEST Curncy
9675,2020-08-12,US_HY,7Y,400.01,34,CDXHY734 BEST Curncy
9676,2020-08-12,US_HY,10Y,396.371,34,CDXHY034 BEST Curncy
9687,2020-08-13,US_HY,7Y,401.254,34,CDXHY734 BEST Curncy
9686,2020-08-13,US_HY,5Y,398.6856,34,CDXHY534 BEST Curncy
9688,2020-08-13,US_HY,10Y,397.875,34,CDXHY034 BEST Curncy
9684,2020-08-13,US_IG,5Y,67.044,34,CDXIG534 Curncy
9685,2020-08-13,US_HY,3Y,461.856,34,CDXHY334 BEST Curncy
9696,2020-08-14,US_IG,5Y,67.8,34,CDXIG534 Curncy
9697,2020-08-14,US_HY,3Y,461.819,34,CDXHY334 BEST Curncy
9698,2020-08-14,US_HY,5Y,405.404,34,CDXHY534 BEST Curncy
9699,2020-08-14,US_HY,7Y,414.055,34,CDXHY734 BEST Curncy
9700,2020-08-14,US_HY,10Y,409.016,34,CDXHY034 BEST Curncy
9708,2020-08-17,US_IG,5Y,66.561,34,CDXIG534 Curncy
9709,2020-08-17,US_HY,3Y,461.721,34,CDXHY334 BEST Curncy
9710,2020-08-17,US_HY,5Y,396.3305,34,CDXHY534 BEST Curncy
9711,2020-08-17,US_HY,7Y,407.489,34,CDXHY734 BEST Curncy
9712,2020-08-17,US_HY,10Y,402.848,34,CDXHY034 BEST Curncy
9723,2020-08-18,US_HY,7Y,398.909,34,CDXHY734 BEST Curncy
9724,2020-08-18,US_HY,10Y,394.394,34,CDXHY034 BEST Curncy
9721,2020-08-18,US_HY,3Y,388.628,34,CDXHY334 BEST Curncy
9720,2020-08-18,US_IG,5Y,66.101,34,CDXIG534 Curncy
9722,2020-08-18,US_HY,5Y,386.4773,34,CDXHY534 BEST Curncy
9732,2020-08-19,US_IG,5Y,67.594,34,CDXIG534 Curncy
9733,2020-08-19,US_HY,3Y,388.552,34,CDXHY334 BEST Curncy
9734,2020-08-19,US_HY,5Y,391.9017,34,CDXHY534 BEST Curncy
9735,2020-08-19,US_HY,7Y,396.914,34,CDXHY734 BEST Curncy
9736,2020-08-19,US_HY,10Y,391.863,34,CDXHY034 BEST Curncy
9748,2020-08-20,US_HY,10Y,401.934,34,CDXHY034 BEST Curncy
9747,2020-08-20,US_HY,7Y,407.773,34,CDXHY734 BEST Curncy
9744,2020-08-20,US_IG,5Y,67.518,34,CDXIG534 Curncy
9745,2020-08-20,US_HY,3Y,395.865,34,CDXHY334 BEST Curncy
9746,2020-08-20,US_HY,5Y,394.4425,34,CDXHY534 BEST Curncy
9756,2020-08-21,US_IG,5Y,67.538,34,CDXIG534 Curncy
9757,2020-08-21,US_HY,3Y,395.774,34,CDXHY334 BEST Curncy
9758,2020-08-21,US_HY,5Y,390.8294,34,CDXHY534 BEST Curncy
9759,2020-08-21,US_HY,7Y,402.348,34,CDXHY734 BEST Curncy
9760,2020-08-21,US_HY,10Y,397.515,34,CDXHY034 BEST Curncy
9771,2020-08-24,US_HY,7Y,393.298,34,CDXHY734 BEST Curncy
9772,2020-08-24,US_HY,10Y,388.951,34,CDXHY034 BEST Curncy
9769,2020-08-24,US_HY,3Y,395.5,34,CDXHY334 BEST Curncy
9768,2020-08-24,US_IG,5Y,66.246,34,CDXIG534 Curncy
9770,2020-08-24,US_HY,5Y,383.8704,34,CDXHY534 BEST Curncy
9780,2020-08-25,US_IG,5Y,65.981,34,CDXIG534 Curncy
9781,2020-08-25,US_HY,3Y,395.406,34,CDXHY334 BEST Curncy
9782,2020-08-25,US_HY,5Y,378.3437,34,CDXHY534 BEST Curncy
9783,2020-08-25,US_HY,7Y,391.446,34,CDXHY734 BEST Curncy
9784,2020-08-25,US_HY,10Y,387.482,34,CDXHY034 BEST Curncy
9796,2020-08-26,US_HY,10Y,375.214,34,CDXHY034 BEST Curncy
9795,2020-08-26,US_HY,7Y,378.363,34,CDXHY734 BEST Curncy
9793,2020-08-26,US_HY,3Y,395.306,34,CDXHY334 BEST Curncy
9792,2020-08-26,US_IG,5Y,66.576,34,CDXIG534 Curncy
9794,2020-08-26,US_HY,5Y,371.2818,34,CDXHY534 BEST Curncy
9808,2020-08-27,US_HY,10Y,378.144,34,CDXHY034 BEST Curncy
9804,2020-08-27,US_IG,5Y,67.62,34,CDXIG534 Curncy
9805,2020-08-27,US_HY,3Y,395.202,34,CDXHY334 BEST Curncy
9806,2020-08-27,US_HY,5Y,374.6184,34,CDXHY534 BEST Curncy
9807,2020-08-27,US_HY,7Y,381.569,34,CDXHY734 BEST Curncy
9818,2020-08-28,US_HY,5Y,368.9491,34,CDXHY534 BEST Curncy
9819,2020-08-28,US_HY,7Y,380.711,34,CDXHY734 BEST Curncy
9816,2020-08-28,US_IG,5Y,66.523,34,CDXIG534 Curncy
9817,2020-08-28,US_HY,3Y,395.101,34,CDXHY334 BEST Curncy
9820,2020-08-28,US_HY,10Y,377.133,34,CDXHY034 BEST Curncy
9830,2020-08-31,US_HY,10Y,375.692,34,CDXHY034 BEST Curncy
9829,2020-08-31,US_HY,7Y,378.845,34,CDXHY734 BEST Curncy
9828,2020-08-31,US_HY,5Y,363.6536,34,CDXHY534 BEST Curncy
9827,2020-08-31,US_HY,3Y,394.841,34,CDXHY334 BEST Curncy
9826,2020-08-31,US_IG,5Y,65.061,34,CDXIG534 Curncy
9838,2020-09-01,US_IG,5Y,62.033,34,CDXIG534 Curncy
9839,2020-09-01,US_HY,3Y,394.759,34,CDXHY334 BEST Curncy
9840,2020-09-01,US_HY,5Y,351.4709,34,CDXHY534 BEST Curncy
9841,2020-09-01,US_HY,7Y,368.457,34,CDXHY734 BEST Curncy
9842,2020-09-01,US_HY,10Y,366.159,34,CDXHY034 BEST Curncy
9854,2020-09-02,US_HY,10Y,364.461,34,CDXHY034 BEST Curncy
9853,2020-09-02,US_HY,7Y,366.44,34,CDXHY734 BEST Curncy
9852,2020-09-02,US_HY,5Y,352.3968,34,CDXHY534 BEST Curncy
9851,2020-09-02,US_HY,3Y,394.672,34,CDXHY334 BEST Curncy
9850,2020-09-02,US_IG,5Y,62.001,34,CDXIG534 Curncy
9862,2020-09-03,US_IG,5Y,65.841,34,CDXIG534 Curncy
9863,2020-09-03,US_HY,3Y,364.704,34,CDXHY334 BEST Curncy
9864,2020-09-03,US_HY,5Y,367.3946,34,CDXHY534 BEST Curncy
9865,2020-09-03,US_HY,7Y,374.393,34,CDXHY734 BEST Curncy
9866,2020-09-03,US_HY,10Y,371.441,34,CDXHY034 BEST Curncy
9877,2020-09-04,US_HY,7Y,382.269,34,CDXHY734 BEST Curncy
9876,2020-09-04,US_HY,5Y,365.0639,34,CDXHY534 BEST Curncy
9878,2020-09-04,US_HY,10Y,379.255,34,CDXHY034 BEST Curncy
9874,2020-09-04,US_IG,5Y,66.703,34,CDXIG534 Curncy
9875,2020-09-04,US_HY,3Y,364.59,34,CDXHY334 BEST Curncy
9886,2020-09-07,US_HY,3Y,364.207,34,CDXHY334 BEST Curncy
9887,2020-09-07,US_HY,5Y,367.5576,34,CDXHY534 BEST Curncy
9888,2020-09-07,US_HY,7Y,378.782,34,CDXHY734 BEST Curncy
9889,2020-09-07,US_HY,10Y,375.947,34,CDXHY034 BEST Curncy
9897,2020-09-08,US_IG,5Y,69.1,34,CDXIG534 Curncy
9898,2020-09-08,US_HY,3Y,364.087,34,CDXHY334 BEST Curncy
9899,2020-09-08,US_HY,5Y,380.6372,34,CDXHY534 BEST Curncy
9900,2020-09-08,US_HY,7Y,386.587,34,CDXHY734 BEST Curncy
9901,2020-09-08,US_HY,10Y,383.276,34,CDXHY034 BEST Curncy
9913,2020-09-09,US_HY,10Y,377.167,34,CDXHY034 BEST Curncy
9912,2020-09-09,US_HY,7Y,381.029,34,CDXHY734 BEST Curncy
9909,2020-09-09,US_IG,5Y,66.039,34,CDXIG534 Curncy
9910,2020-09-09,US_HY,3Y,363.979,34,CDXHY334 BEST Curncy
9911,2020-09-09,US_HY,5Y,370.9269,34,CDXHY534 BEST Curncy
9921,2020-09-10,US_IG,5Y,68.788,34,CDXIG534 Curncy
9922,2020-09-10,US_HY,3Y,363.863,34,CDXHY334 BEST Curncy
9923,2020-09-10,US_HY,5Y,373.8879,34,CDXHY534 BEST Curncy
9924,2020-09-10,US_HY,7Y,375.493,34,CDXHY734 BEST Curncy
9925,2020-09-10,US_HY,10Y,372.189,34,CDXHY034 BEST Curncy
9937,2020-09-11,US_HY,10Y,372.196,34,CDXHY034 BEST Curncy
9936,2020-09-11,US_HY,7Y,375.469,34,CDXHY734 BEST Curncy
9934,2020-09-11,US_HY,3Y,363.747,34,CDXHY334 BEST Curncy
9935,2020-09-11,US_HY,5Y,356.6565,34,CDXHY534 BEST Curncy
9933,2020-09-11,US_IG,5Y,69.82,34,CDXIG534 Curncy
9945,2020-09-14,US_IG,5Y,68.703,34,CDXIG534 Curncy
9946,2020-09-14,US_HY,3Y,363.403,34,CDXHY334 BEST Curncy
9947,2020-09-14,US_HY,5Y,351.7427,34,CDXHY534 BEST Curncy
9948,2020-09-14,US_HY,7Y,362.025,34,CDXHY734 BEST Curncy
9949,2020-09-14,US_HY,10Y,361.607,34,CDXHY034 BEST Curncy
9961,2020-09-15,US_HY,10Y,358.521,34,CDXHY034 BEST Curncy
9960,2020-09-15,US_HY,7Y,358.628,34,CDXHY734 BEST Curncy
9959,2020-09-15,US_HY,5Y,342.3495,34,CDXHY534 BEST Curncy
9958,2020-09-15,US_HY,3Y,363.271,34,CDXHY334 BEST Curncy
9957,2020-09-15,US_IG,5Y,67.735,34,CDXIG534 Curncy
9969,2020-09-16,US_IG,5Y,67.785,34,CDXIG534 Curncy
9970,2020-09-16,US_HY,3Y,363.152,34,CDXHY334 BEST Curncy
9971,2020-09-16,US_HY,5Y,333.5309,34,CDXHY534 BEST Curncy
9972,2020-09-16,US_HY,7Y,351.121,34,CDXHY734 BEST Curncy
9973,2020-09-16,US_HY,10Y,351.722,34,CDXHY034 BEST Curncy
9985,2020-09-17,US_HY,10Y,357.793,34,CDXHY034 BEST Curncy
9984,2020-09-17,US_HY,7Y,357.353,34,CDXHY734 BEST Curncy
9982,2020-09-17,US_HY,3Y,363.035,34,CDXHY334 BEST Curncy
9981,2020-09-17,US_IG,5Y,69.725,34,CDXIG534 Curncy
9983,2020-09-17,US_HY,5Y,343.5907,34,CDXHY534 BEST Curncy
9993,2020-09-18,US_IG,5Y,71.371,34,CDXIG534 Curncy
9994,2020-09-18,US_HY,3Y,362.921,34,CDXHY334 BEST Curncy
9995,2020-09-18,US_HY,5Y,350.2003,34,CDXHY534 BEST Curncy
9996,2020-09-18,US_HY,7Y,358.882,34,CDXHY734 BEST Curncy
9997,2020-09-18,US_HY,10Y,358.49,34,CDXHY034 BEST Curncy
10005,2020-09-21,US_IG,5Y,52.69,35,CDXIG535 Curncy
10013,2020-09-22,US_IG,5Y,52.528,35,CDXIG535 Curncy
10021,2020-09-23,US_IG,5Y,56.814,35,CDXIG535 Curncy
10029,2020-09-24,US_IG,5Y,58.182,35,CDXIG535 Curncy
10037,2020-09-25,US_IG,5Y,59.118,35,CDXIG535 Curncy
10047,2020-09-28,US_HY,7Y,419.138,35,CDXHY735 BEST Curncy
10048,2020-09-28,US_HY,10Y,415.239,35,CDXHY035 BEST Curncy
10045,2020-09-28,US_IG,5Y,57.751,35,CDXIG535 Curncy
10046,2020-09-28,US_HY,5Y,405.3474,35,CDXHY535 BEST Curncy
10058,2020-09-29,US_HY,7Y,420.483,35,CDXHY735 BEST Curncy
10059,2020-09-29,US_HY,10Y,416.898,35,CDXHY035 BEST Curncy
10056,2020-09-29,US_IG,5Y,59.987,35,CDXIG535 Curncy
10057,2020-09-29,US_HY,5Y,410.5559,35,CDXHY535 BEST Curncy
10070,2020-09-30,US_HY,10Y,408.155,35,CDXHY035 BEST Curncy
10069,2020-09-30,US_HY,7Y,412.297,35,CDXHY735 BEST Curncy
10068,2020-09-30,US_HY,5Y,406.8835,35,CDXHY535 BEST Curncy
10067,2020-09-30,US_IG,5Y,59.226,35,CDXIG535 Curncy
10078,2020-10-01,US_IG,5Y,58.574,35,CDXIG535 Curncy
10079,2020-10-01,US_HY,5Y,403.4679,35,CDXHY535 BEST Curncy
10080,2020-10-01,US_HY,7Y,414.358,35,CDXHY735 BEST Curncy
10081,2020-10-01,US_HY,10Y,410.186,35,CDXHY035 BEST Curncy
10091,2020-10-02,US_HY,7Y,414.183,35,CDXHY735 BEST Curncy
10092,2020-10-02,US_HY,10Y,409.993,35,CDXHY035 BEST Curncy
10089,2020-10-02,US_IG,5Y,59.393,35,CDXIG535 Curncy
10090,2020-10-02,US_HY,5Y,404.4901,35,CDXHY535 BEST Curncy
10100,2020-10-05,US_IG,5Y,56.967,35,CDXIG535 Curncy
10101,2020-10-05,US_HY,5Y,390.283,35,CDXHY535 BEST Curncy
10102,2020-10-05,US_HY,7Y,402.691,35,CDXHY735 BEST Curncy
10103,2020-10-05,US_HY,10Y,398.42,35,CDXHY035 BEST Curncy
10114,2020-10-06,US_HY,10Y,387.775,35,CDXHY035 BEST Curncy
10111,2020-10-06,US_IG,5Y,57.982,35,CDXIG535 Curncy
10112,2020-10-06,US_HY,5Y,392.6345,35,CDXHY535 BEST Curncy
10113,2020-10-06,US_HY,7Y,391.909,35,CDXHY735 BEST Curncy
10124,2020-10-07,US_HY,7Y,391.604,35,CDXHY735 BEST Curncy
10125,2020-10-07,US_HY,10Y,388.42,35,CDXHY035 BEST Curncy
10122,2020-10-07,US_IG,5Y,56.192,35,CDXIG535 Curncy
10123,2020-10-07,US_HY,5Y,379.9113,35,CDXHY535 BEST Curncy
10133,2020-10-08,US_IG,5Y,55.011,35,CDXIG535 Curncy
10134,2020-10-08,US_HY,5Y,372.1026,35,CDXHY535 BEST Curncy
10135,2020-10-08,US_HY,7Y,384.374,35,CDXHY735 BEST Curncy
10136,2020-10-08,US_HY,10Y,384.653,35,CDXHY035 BEST Curncy
10144,2020-10-09,US_IG,5Y,53.496,35,CDXIG535 Curncy
10145,2020-10-09,US_HY,5Y,363.6316,35,CDXHY535 BEST Curncy
10146,2020-10-09,US_HY,7Y,376.336,35,CDXHY735 BEST Curncy
10147,2020-10-09,US_HY,10Y,377.195,35,CDXHY035 BEST Curncy
10158,2020-10-12,US_HY,10Y,377.667,35,CDXHY035 BEST Curncy
10157,2020-10-12,US_HY,7Y,375.751,35,CDXHY735 BEST Curncy
10156,2020-10-12,US_HY,5Y,363.2921,35,CDXHY535 BEST Curncy
10155,2020-10-12,US_IG,5Y,53.351,35,CDXIG535 Curncy
10166,2020-10-13,US_IG,5Y,54.785,35,CDXIG535 Curncy
10167,2020-10-13,US_HY,5Y,365.7461,35,CDXHY535 BEST Curncy
10168,2020-10-13,US_HY,7Y,373.111,35,CDXHY735 BEST Curncy
10169,2020-10-13,US_HY,10Y,375.206,35,CDXHY035 BEST Curncy
10177,2020-10-14,US_IG,5Y,55.822,35,CDXIG535 Curncy
10178,2020-10-14,US_HY,5Y,367.3456,35,CDXHY535 BEST Curncy
10179,2020-10-14,US_HY,7Y,379.794,35,CDXHY735 BEST Curncy
10180,2020-10-14,US_HY,10Y,381.41,35,CDXHY035 BEST Curncy
10191,2020-10-15,US_HY,10Y,389.017,35,CDXHY035 BEST Curncy
10189,2020-10-15,US_HY,5Y,372.4369,35,CDXHY535 BEST Curncy
10188,2020-10-15,US_IG,5Y,56.488,35,CDXIG535 Curncy
10190,2020-10-15,US_HY,7Y,387.968,35,CDXHY735 BEST Curncy
10199,2020-10-16,US_IG,5Y,56.519,35,CDXIG535 Curncy
10200,2020-10-16,US_HY,5Y,366.7027,35,CDXHY535 BEST Curncy
10201,2020-10-16,US_HY,7Y,380.716,35,CDXHY735 BEST Curncy
10202,2020-10-16,US_HY,10Y,382.258,35,CDXHY035 BEST Curncy
10213,2020-10-19,US_HY,10Y,384.072,35,CDXHY035 BEST Curncy
10210,2020-10-19,US_IG,5Y,58.232,35,CDXIG535 Curncy
10211,2020-10-19,US_HY,5Y,380.5137,35,CDXHY535 BEST Curncy
10212,2020-10-19,US_HY,7Y,384.51,35,CDXHY735 BEST Curncy
10224,2020-10-20,US_HY,10Y,384.296,35,CDXHY035 BEST Curncy
10223,2020-10-20,US_HY,7Y,384.901,35,CDXHY735 BEST Curncy
10221,2020-10-20,US_IG,5Y,57.777,35,CDXIG535 Curncy
10222,2020-10-20,US_HY,5Y,372.8806,35,CDXHY535 BEST Curncy
10234,2020-10-21,US_HY,7Y,385.219,35,CDXHY735 BEST Curncy
10232,2020-10-21,US_IG,5Y,57.228,35,CDXIG535 Curncy
10233,2020-10-21,US_HY,5Y,375.1411,35,CDXHY535 BEST Curncy
10235,2020-10-21,US_HY,10Y,384.719,35,CDXHY035 BEST Curncy
10246,2020-10-22,US_HY,10Y,387.882,35,CDXHY035 BEST Curncy
10245,2020-10-22,US_HY,7Y,388.765,35,CDXHY735 BEST Curncy
10244,2020-10-22,US_HY,5Y,374.7173,35,CDXHY535 BEST Curncy
10243,2020-10-22,US_IG,5Y,57.333,35,CDXIG535 Curncy
10254,2020-10-23,US_IG,5Y,56.72,35,CDXIG535 Curncy
10255,2020-10-23,US_HY,5Y,373.815,35,CDXHY535 BEST Curncy
10256,2020-10-23,US_HY,7Y,383.151,35,CDXHY735 BEST Curncy
10257,2020-10-23,US_HY,10Y,382.783,35,CDXHY035 BEST Curncy
10267,2020-10-26,US_HY,7Y,399.517,35,CDXHY735 BEST Curncy
10268,2020-10-26,US_HY,10Y,396.224,35,CDXHY035 BEST Curncy
10265,2020-10-26,US_IG,5Y,58.45,35,CDXIG535 Curncy
10266,2020-10-26,US_HY,5Y,386.1655,35,CDXHY535 BEST Curncy
10276,2020-10-27,US_IG,5Y,59.734,35,CDXIG535 Curncy
10277,2020-10-27,US_HY,5Y,391.1355,35,CDXHY535 BEST Curncy
10278,2020-10-27,US_HY,7Y,403.225,35,CDXHY735 BEST Curncy
10279,2020-10-27,US_HY,10Y,399.626,35,CDXHY035 BEST Curncy
10290,2020-10-28,US_HY,10Y,418.203,35,CDXHY035 BEST Curncy
10287,2020-10-28,US_IG,5Y,63.595,35,CDXIG535 Curncy
10288,2020-10-28,US_HY,5Y,413.0177,35,CDXHY535 BEST Curncy
10289,2020-10-28,US_HY,7Y,423.363,35,CDXHY735 BEST Curncy
10299,2020-10-29,US_HY,5Y,414.8907,35,CDXHY535 BEST Curncy
10300,2020-10-29,US_HY,7Y,433.871,35,CDXHY735 BEST Curncy
10298,2020-10-29,US_IG,5Y,64.76,35,CDXIG535 Curncy
10301,2020-10-29,US_HY,10Y,427.873,35,CDXHY035 BEST Curncy
10312,2020-10-30,US_HY,10Y,426.945,35,CDXHY035 BEST Curncy
10311,2020-10-30,US_HY,7Y,433.066,35,CDXHY735 BEST Curncy
10310,2020-10-30,US_HY,5Y,424.3667,35,CDXHY535 BEST Curncy
10309,2020-10-30,US_IG,5Y,65.531,35,CDXIG535 Curncy
10320,2020-11-02,US_IG,5Y,63.73,35,CDXIG535 Curncy
10321,2020-11-02,US_HY,5Y,418.7422,35,CDXHY535 BEST Curncy
10322,2020-11-02,US_HY,7Y,429.993,35,CDXHY735 BEST Curncy
10323,2020-11-02,US_HY,10Y,424.138,35,CDXHY035 BEST Curncy
10333,2020-11-03,US_HY,7Y,416.615,35,CDXHY735 BEST Curncy
10334,2020-11-03,US_HY,10Y,411.804,35,CDXHY035 BEST Curncy
10331,2020-11-03,US_IG,5Y,60.305,35,CDXIG535 Curncy
10332,2020-11-03,US_HY,5Y,403.8228,35,CDXHY535 BEST Curncy
10342,2020-11-04,US_IG,5Y,57.545,35,CDXIG535 Curncy
10343,2020-11-04,US_HY,5Y,380.1187,35,CDXHY535 BEST Curncy
10344,2020-11-04,US_HY,7Y,390.283,35,CDXHY735 BEST Curncy
10345,2020-11-04,US_HY,10Y,387.542,35,CDXHY035 BEST Curncy
10356,2020-11-05,US_HY,10Y,373.851,35,CDXHY035 BEST Curncy
10353,2020-11-05,US_IG,5Y,54.075,35,CDXIG535 Curncy
10354,2020-11-05,US_HY,5Y,364.5184,35,CDXHY535 BEST Curncy
10355,2020-11-05,US_HY,7Y,378.069,35,CDXHY735 BEST Curncy
10366,2020-11-06,US_HY,7Y,374.102,35,CDXHY735 BEST Curncy
10367,2020-11-06,US_HY,10Y,370.193,35,CDXHY035 BEST Curncy
10364,2020-11-06,US_IG,5Y,53.477,35,CDXIG535 Curncy
10365,2020-11-06,US_HY,5Y,365.9057,35,CDXHY535 BEST Curncy
10375,2020-11-09,US_IG,5Y,52.386,35,CDXIG535 Curncy
10376,2020-11-09,US_HY,5Y,326.6863,35,CDXHY535 BEST Curncy
10377,2020-11-09,US_HY,7Y,340.87,35,CDXHY735 BEST Curncy
10378,2020-11-09,US_HY,10Y,339.415,35,CDXHY035 BEST Curncy
10386,2020-11-10,US_IG,5Y,52.857,35,CDXIG535 Curncy
10387,2020-11-10,US_HY,5Y,331.3705,35,CDXHY535 BEST Curncy
10388,2020-11-10,US_HY,7Y,342.342,35,CDXHY735 BEST Curncy
10389,2020-11-10,US_HY,10Y,342.732,35,CDXHY035 BEST Curncy
10400,2020-11-11,US_HY,10Y,349.31,35,CDXHY035 BEST Curncy
10399,2020-11-11,US_HY,7Y,348.937,35,CDXHY735 BEST Curncy
10398,2020-11-11,US_HY,5Y,332.875,35,CDXHY535 BEST Curncy
10397,2020-11-11,US_IG,5Y,53.241,35,CDXIG535 Curncy
10408,2020-11-12,US_IG,5Y,54.788,35,CDXIG535 Curncy
10409,2020-11-12,US_HY,5Y,351.5861,35,CDXHY535 BEST Curncy
10410,2020-11-12,US_HY,7Y,358.948,35,CDXHY735 BEST Curncy
10411,2020-11-12,US_HY,10Y,358.605,35,CDXHY035 BEST Curncy
10422,2020-11-13,US_HY,10Y,359.196,35,CDXHY035 BEST Curncy
10419,2020-11-13,US_IG,5Y,54.389,35,CDXIG535 Curncy
10420,2020-11-13,US_HY,5Y,340.2749,35,CDXHY535 BEST Curncy
10421,2020-11-13,US_HY,7Y,359.599,35,CDXHY735 BEST Curncy
10433,2020-11-16,US_HY,10Y,344.786,35,CDXHY035 BEST Curncy
10432,2020-11-16,US_HY,7Y,344.093,35,CDXHY735 BEST Curncy
10431,2020-11-16,US_HY,5Y,329.6549,35,CDXHY535 BEST Curncy
10430,2020-11-16,US_IG,5Y,52.562,35,CDXIG535 Curncy
10441,2020-11-17,US_IG,5Y,52.627,35,CDXIG535 Curncy
10442,2020-11-17,US_HY,5Y,326.4655,35,CDXHY535 BEST Curncy
10443,2020-11-17,US_HY,7Y,344.614,35,CDXHY735 BEST Curncy
10444,2020-11-17,US_HY,10Y,345.261,35,CDXHY035 BEST Curncy
10454,2020-11-18,US_HY,7Y,339.271,35,CDXHY735 BEST Curncy
10455,2020-11-18,US_HY,10Y,340.306,35,CDXHY035 BEST Curncy
10452,2020-11-18,US_IG,5Y,53.916,35,CDXIG535 Curncy
10453,2020-11-18,US_HY,5Y,326.9185,35,CDXHY535 BEST Curncy
10463,2020-11-19,US_IG,5Y,53.78,35,CDXIG535 Curncy
10464,2020-11-19,US_HY,5Y,327.1665,35,CDXHY535 BEST Curncy
10465,2020-11-19,US_HY,7Y,348.897,35,CDXHY735 BEST Curncy
10466,2020-11-19,US_HY,10Y,349.218,35,CDXHY035 BEST Curncy
10477,2020-11-20,US_HY,10Y,356.244,35,CDXHY035 BEST Curncy
10474,2020-11-20,US_IG,5Y,55.856,35,CDXIG535 Curncy
10475,2020-11-20,US_HY,5Y,340.7293,35,CDXHY535 BEST Curncy
10476,2020-11-20,US_HY,7Y,355.278,35,CDXHY735 BEST Curncy
10488,2020-11-23,US_HY,10Y,350.23,35,CDXHY035 BEST Curncy
10487,2020-11-23,US_HY,7Y,348.78,35,CDXHY735 BEST Curncy
10485,2020-11-23,US_IG,5Y,54.444,35,CDXIG535 Curncy
10486,2020-11-23,US_HY,5Y,329.0365,35,CDXHY535 BEST Curncy
10496,2020-11-24,US_IG,5Y,52.091,35,CDXIG535 Curncy
10497,2020-11-24,US_HY,5Y,313.6649,35,CDXHY535 BEST Curncy
10498,2020-11-24,US_HY,7Y,331.122,35,CDXHY735 BEST Curncy
10499,2020-11-24,US_HY,10Y,334.022,35,CDXHY035 BEST Curncy
10510,2020-11-25,US_HY,10Y,337.314,35,CDXHY035 BEST Curncy
10507,2020-11-25,US_IG,5Y,52.179,35,CDXIG535 Curncy
10508,2020-11-25,US_HY,5Y,312.471,35,CDXHY535 BEST Curncy
10509,2020-11-25,US_HY,7Y,334.397,35,CDXHY735 BEST Curncy
10521,2020-11-26,US_HY,10Y,334.594,35,CDXHY035 BEST Curncy
10520,2020-11-26,US_HY,7Y,331.274,35,CDXHY735 BEST Curncy
10518,2020-11-26,US_IG,5Y,52.3,35,CDXIG535 Curncy
10519,2020-11-26,US_HY,5Y,310.653,35,CDXHY535 BEST Curncy
10532,2020-11-27,US_HY,10Y,329.973,35,CDXHY035 BEST Curncy
10529,2020-11-27,US_IG,5Y,51.229,35,CDXIG535 Curncy
10530,2020-11-27,US_HY,5Y,306.9103,35,CDXHY535 BEST Curncy
10531,2020-11-27,US_HY,7Y,326.309,35,CDXHY735 BEST Curncy
10541,2020-11-30,US_HY,5Y,303.3197,35,CDXHY535 BEST Curncy
10542,2020-11-30,US_HY,7Y,326.785,35,CDXHY735 BEST Curncy
10540,2020-11-30,US_IG,5Y,50.358,35,CDXIG535 Curncy
10543,2020-11-30,US_HY,10Y,330.278,35,CDXHY035 BEST Curncy
10554,2020-12-01,US_HY,10Y,326.066,35,CDXHY035 BEST Curncy
10553,2020-12-01,US_HY,7Y,321.367,35,CDXHY735 BEST Curncy
10552,2020-12-01,US_HY,5Y,301.1219,35,CDXHY535 BEST Curncy
10551,2020-12-01,US_IG,5Y,49.88,35,CDXIG535 Curncy
10562,2020-12-02,US_IG,5Y,50.142,35,CDXIG535 Curncy
10563,2020-12-02,US_HY,5Y,298.9313,35,CDXHY535 BEST Curncy
10564,2020-12-02,US_HY,7Y,320.565,35,CDXHY735 BEST Curncy
10565,2020-12-02,US_HY,10Y,325.414,35,CDXHY035 BEST Curncy
10573,2020-12-03,US_IG,5Y,49.713,35,CDXIG535 Curncy
10574,2020-12-03,US_HY,5Y,297.3677,35,CDXHY535 BEST Curncy
10575,2020-12-03,US_HY,7Y,319.924,35,CDXHY735 BEST Curncy
10576,2020-12-03,US_HY,10Y,325.152,35,CDXHY035 BEST Curncy
10587,2020-12-04,US_HY,10Y,320.199,35,CDXHY035 BEST Curncy
10586,2020-12-04,US_HY,7Y,314.225,35,CDXHY735 BEST Curncy
10584,2020-12-04,US_IG,5Y,49.825,35,CDXIG535 Curncy
10585,2020-12-04,US_HY,5Y,292.101,35,CDXHY535 BEST Curncy
10595,2020-12-07,US_IG,5Y,50.796,35,CDXIG535 Curncy
10596,2020-12-07,US_HY,5Y,294.0991,35,CDXHY535 BEST Curncy
10597,2020-12-07,US_HY,7Y,316.932,35,CDXHY735 BEST Curncy
10598,2020-12-07,US_HY,10Y,323.356,35,CDXHY035 BEST Curncy
10606,2020-12-08,US_IG,5Y,50.958,35,CDXIG535 Curncy
10607,2020-12-08,US_HY,5Y,293.6115,35,CDXHY535 BEST Curncy
10608,2020-12-08,US_HY,7Y,318.704,35,CDXHY735 BEST Curncy
10609,2020-12-08,US_HY,10Y,325.006,35,CDXHY035 BEST Curncy
10620,2020-12-09,US_HY,10Y,331.29,35,CDXHY035 BEST Curncy
10619,2020-12-09,US_HY,7Y,323.899,35,CDXHY735 BEST Curncy
10617,2020-12-09,US_IG,5Y,52.079,35,CDXIG535 Curncy
10618,2020-12-09,US_HY,5Y,300.7421,35,CDXHY535 BEST Curncy
10628,2020-12-10,US_IG,5Y,52.838,35,CDXIG535 Curncy
10629,2020-12-10,US_HY,5Y,301.9894,35,CDXHY535 BEST Curncy
10630,2020-12-10,US_HY,7Y,322.224,35,CDXHY735 BEST Curncy
10631,2020-12-10,US_HY,10Y,329.705,35,CDXHY035 BEST Curncy
10642,2020-12-11,US_HY,10Y,336.187,35,CDXHY035 BEST Curncy
10639,2020-12-11,US_IG,5Y,53.764,35,CDXIG535 Curncy
10640,2020-12-11,US_HY,5Y,305.7877,35,CDXHY535 BEST Curncy
10641,2020-12-11,US_HY,7Y,330.244,35,CDXHY735 BEST Curncy
10653,2020-12-14,US_HY,10Y,333.301,35,CDXHY035 BEST Curncy
10652,2020-12-14,US_HY,7Y,327.146,35,CDXHY735 BEST Curncy
10650,2020-12-14,US_IG,5Y,54.173,35,CDXIG535 Curncy
10651,2020-12-14,US_HY,5Y,303.0011,35,CDXHY535 BEST Curncy
10663,2020-12-15,US_HY,7Y,323.851,35,CDXHY735 BEST Curncy
10661,2020-12-15,US_IG,5Y,52.826,35,CDXIG535 Curncy
10662,2020-12-15,US_HY,5Y,298.4462,35,CDXHY535 BEST Curncy
10664,2020-12-15,US_HY,10Y,330.196,35,CDXHY035 BEST Curncy
10675,2020-12-16,US_HY,10Y,330.445,35,CDXHY035 BEST Curncy
10674,2020-12-16,US_HY,7Y,324.128,35,CDXHY735 BEST Curncy
10673,2020-12-16,US_HY,5Y,300.668,35,CDXHY535 BEST Curncy
10672,2020-12-16,US_IG,5Y,52.907,35,CDXIG535 Curncy
10683,2020-12-17,US_IG,5Y,52.583,35,CDXIG535 Curncy
10684,2020-12-17,US_HY,5Y,294.295,35,CDXHY535 BEST Curncy
10685,2020-12-17,US_HY,7Y,323.274,35,CDXHY735 BEST Curncy
10686,2020-12-17,US_HY,10Y,331.975,35,CDXHY035 BEST Curncy
10696,2020-12-18,US_HY,7Y,324.155,35,CDXHY735 BEST Curncy
10697,2020-12-18,US_HY,10Y,331.715,35,CDXHY035 BEST Curncy
10694,2020-12-18,US_IG,5Y,53.226,35,CDXIG535 Curncy
10695,2020-12-18,US_HY,5Y,301.0014,35,CDXHY535 BEST Curncy
10705,2020-12-21,US_IG,5Y,55.218,35,CDXIG535 Curncy
10706,2020-12-21,US_HY,5Y,308.141,35,CDXHY535 BEST Curncy
10707,2020-12-21,US_HY,7Y,337.869,35,CDXHY735 BEST Curncy
10708,2020-12-21,US_HY,10Y,345.339,35,CDXHY035 BEST Curncy
10719,2020-12-22,US_HY,10Y,344.272,35,CDXHY035 BEST Curncy
10716,2020-12-22,US_IG,5Y,55.756,35,CDXIG535 Curncy
10717,2020-12-22,US_HY,5Y,311.223,35,CDXHY535 BEST Curncy
10718,2020-12-22,US_HY,7Y,336.747,35,CDXHY735 BEST Curncy
10729,2020-12-23,US_HY,7Y,329.989,35,CDXHY735 BEST Curncy
10730,2020-12-23,US_HY,10Y,337.92,35,CDXHY035 BEST Curncy
10727,2020-12-23,US_IG,5Y,54.424,35,CDXIG535 Curncy
10728,2020-12-23,US_HY,5Y,301.7234,35,CDXHY535 BEST Curncy
10738,2020-12-24,US_IG,5Y,53.606,35,CDXIG535 Curncy
10739,2020-12-24,US_HY,5Y,298.2811,35,CDXHY535 BEST Curncy
10740,2020-12-24,US_HY,7Y,323.541,35,CDXHY735 BEST Curncy
10741,2020-12-24,US_HY,10Y,330.679,35,CDXHY035 BEST Curncy
10747,2020-12-25,US_IG,5Y,53.591,35,CDXIG535 Curncy
10748,2020-12-25,US_HY,5Y,298.5988,35,CDXHY535 BEST Curncy
10749,2020-12-25,US_HY,7Y,322.437,35,CDXHY735 BEST Curncy
10750,2020-12-25,US_HY,10Y,329.582,35,CDXHY035 BEST Curncy
10757,2020-12-28,US_HY,10Y,324.99,35,CDXHY035 BEST Curncy
10756,2020-12-28,US_HY,7Y,317.589,35,CDXHY735 BEST Curncy
10754,2020-12-28,US_IG,5Y,52.421,35,CDXIG535 Curncy
10755,2020-12-28,US_HY,5Y,292.1973,35,CDXHY535 BEST Curncy
10764,2020-12-29,US_IG,5Y,51.989,35,CDXIG535 Curncy
10765,2020-12-29,US_HY,5Y,299.2916,35,CDXHY535 BEST Curncy
10766,2020-12-29,US_HY,7Y,321.55,35,CDXHY735 BEST Curncy
10767,2020-12-29,US_HY,10Y,328.671,35,CDXHY035 BEST Curncy
10776,2020-12-30,US_HY,7Y,320.424,35,CDXHY735 BEST Curncy
10774,2020-12-30,US_IG,5Y,51.268,35,CDXIG535 Curncy
10775,2020-12-30,US_HY,5Y,296.4181,35,CDXHY535 BEST Curncy
10777,2020-12-30,US_HY,10Y,327.624,35,CDXHY035 BEST Curncy
10787,2020-12-31,US_HY,10Y,326.571,35,CDXHY035 BEST Curncy
10785,2020-12-31,US_HY,5Y,292.9773,35,CDXHY535 BEST Curncy
10784,2020-12-31,US_IG,5Y,50.285,35,CDXIG535 Curncy
10786,2020-12-31,US_HY,7Y,319.296,35,CDXHY735 BEST Curncy
10793,2021-01-01,US_IG,5Y,50.31,35,CDXIG535 Curncy
10794,2021-01-01,US_HY,5Y,293.6125,35,CDXHY535 BEST Curncy
10795,2021-01-01,US_HY,7Y,317.824,35,CDXHY735 BEST Curncy
10796,2021-01-01,US_HY,10Y,325.129,35,CDXHY035 BEST Curncy
10804,2021-01-04,US_IG,5Y,52.031,35,CDXIG535 Curncy
10805,2021-01-04,US_HY,5Y,302.6849,35,CDXHY535 BEST Curncy
10806,2021-01-04,US_HY,7Y,329.919,35,CDXHY735 BEST Curncy
10807,2021-01-04,US_HY,10Y,336.426,35,CDXHY035 BEST Curncy
10818,2021-01-05,US_HY,10Y,334.513,35,CDXHY035 BEST Curncy
10817,2021-01-05,US_HY,7Y,328.481,35,CDXHY735 BEST Curncy
10815,2021-01-05,US_IG,5Y,51.78,35,CDXIG535 Curncy
10816,2021-01-05,US_HY,5Y,301.9961,35,CDXHY535 BEST Curncy
10826,2021-01-06,US_IG,5Y,51.862,35,CDXIG535 Curncy
10827,2021-01-06,US_HY,5Y,300.6737,35,CDXHY535 BEST Curncy
10828,2021-01-06,US_HY,7Y,321.41,35,CDXHY735 BEST Curncy
10829,2021-01-06,US_HY,10Y,327.897,35,CDXHY035 BEST Curncy
10837,2021-01-07,US_IG,5Y,50.263,35,CDXIG535 Curncy
10838,2021-01-07,US_HY,5Y,294.3902,35,CDXHY535 BEST Curncy
10839,2021-01-07,US_HY,7Y,321.419,35,CDXHY735 BEST Curncy
10840,2021-01-07,US_HY,10Y,328.222,35,CDXHY035 BEST Curncy
10851,2021-01-08,US_HY,10Y,328.486,35,CDXHY035 BEST Curncy
10850,2021-01-08,US_HY,7Y,320.645,35,CDXHY735 BEST Curncy
10848,2021-01-08,US_IG,5Y,49.666,35,CDXIG535 Curncy
10849,2021-01-08,US_HY,5Y,293.644,35,CDXHY535 BEST Curncy
10859,2021-01-11,US_IG,5Y,51.147,35,CDXIG535 Curncy
10860,2021-01-11,US_HY,5Y,298.6081,35,CDXHY535 BEST Curncy
10861,2021-01-11,US_HY,7Y,325.865,35,CDXHY735 BEST Curncy
10862,2021-01-11,US_HY,10Y,333.727,35,CDXHY035 BEST Curncy
10873,2021-01-12,US_HY,10Y,339.588,35,CDXHY035 BEST Curncy
10870,2021-01-12,US_IG,5Y,51.488,35,CDXIG535 Curncy
10871,2021-01-12,US_HY,5Y,303.0996,35,CDXHY535 BEST Curncy
10872,2021-01-12,US_HY,7Y,332.124,35,CDXHY735 BEST Curncy
10884,2021-01-13,US_HY,10Y,336.48,35,CDXHY035 BEST Curncy
10883,2021-01-13,US_HY,7Y,328.82,35,CDXHY735 BEST Curncy
10881,2021-01-13,US_IG,5Y,50.076,35,CDXIG535 Curncy
10882,2021-01-13,US_HY,5Y,296.2651,35,CDXHY535 BEST Curncy
10894,2021-01-14,US_HY,7Y,323.144,35,CDXHY735 BEST Curncy
10892,2021-01-14,US_IG,5Y,50.157,35,CDXIG535 Curncy
10893,2021-01-14,US_HY,5Y,295.2758,35,CDXHY535 BEST Curncy
10895,2021-01-14,US_HY,10Y,331.857,35,CDXHY035 BEST Curncy
10906,2021-01-15,US_HY,10Y,339.108,35,CDXHY035 BEST Curncy
10905,2021-01-15,US_HY,7Y,330.876,35,CDXHY735 BEST Curncy
10904,2021-01-15,US_HY,5Y,302.2315,35,CDXHY535 BEST Curncy
10903,2021-01-15,US_IG,5Y,51.762,35,CDXIG535 Curncy
10914,2021-01-18,US_IG,5Y,52.026,35,CDXIG535 Curncy
10915,2021-01-18,US_HY,5Y,304.7538,35,CDXHY535 BEST Curncy
10916,2021-01-18,US_HY,7Y,334.615,35,CDXHY735 BEST Curncy
10917,2021-01-18,US_HY,10Y,342.659,35,CDXHY035 BEST Curncy
10927,2021-01-19,US_HY,7Y,327.816,35,CDXHY735 BEST Curncy
10928,2021-01-19,US_HY,10Y,336.27,35,CDXHY035 BEST Curncy
10925,2021-01-19,US_IG,5Y,50.548,35,CDXIG535 Curncy
10926,2021-01-19,US_HY,5Y,298.224,35,CDXHY535 BEST Curncy
10936,2021-01-20,US_IG,5Y,50.41,35,CDXIG535 Curncy
10937,2021-01-20,US_HY,5Y,294.669,35,CDXHY535 BEST Curncy
10938,2021-01-20,US_HY,7Y,323.471,35,CDXHY735 BEST Curncy
10939,2021-01-20,US_HY,10Y,332.169,35,CDXHY035 BEST Curncy
10950,2021-01-21,US_HY,10Y,339.253,35,CDXHY035 BEST Curncy
10947,2021-01-21,US_IG,5Y,50.809,35,CDXIG535 Curncy
10948,2021-01-21,US_HY,5Y,297.8846,35,CDXHY535 BEST Curncy
10949,2021-01-21,US_HY,7Y,329.965,35,CDXHY735 BEST Curncy
10960,2021-01-22,US_HY,7Y,329.554,35,CDXHY735 BEST Curncy
10961,2021-01-22,US_HY,10Y,339.943,35,CDXHY035 BEST Curncy
10958,2021-01-22,US_IG,5Y,51.062,35,CDXIG535 Curncy
10959,2021-01-22,US_HY,5Y,303.3843,35,CDXHY535 BEST Curncy
10969,2021-01-25,US_IG,5Y,51.672,35,CDXIG535 Curncy
10970,2021-01-25,US_HY,5Y,308.4179,35,CDXHY535 BEST Curncy
10971,2021-01-25,US_HY,7Y,338.036,35,CDXHY735 BEST Curncy
10972,2021-01-25,US_HY,10Y,347.919,35,CDXHY035 BEST Curncy
10980,2021-01-26,US_IG,5Y,52.575,35,CDXIG535 Curncy
10981,2021-01-26,US_HY,5Y,307.3691,35,CDXHY535 BEST Curncy
10982,2021-01-26,US_HY,7Y,335.425,35,CDXHY735 BEST Curncy
10983,2021-01-26,US_HY,10Y,345.445,35,CDXHY035 BEST Curncy
10994,2021-01-27,US_HY,10Y,351.466,35,CDXHY035 BEST Curncy
10993,2021-01-27,US_HY,7Y,342.351,35,CDXHY735 BEST Curncy
10992,2021-01-27,US_HY,5Y,318.6052,35,CDXHY535 BEST Curncy
10991,2021-01-27,US_IG,5Y,54.845,35,CDXIG535 Curncy
11002,2021-01-28,US_IG,5Y,55.263,35,CDXIG535 Curncy
11003,2021-01-28,US_HY,5Y,311.4714,35,CDXHY535 BEST Curncy
11004,2021-01-28,US_HY,7Y,336.918,35,CDXHY735 BEST Curncy
11005,2021-01-28,US_HY,10Y,346.359,35,CDXHY035 BEST Curncy
11016,2021-01-29,US_HY,10Y,353.801,35,CDXHY035 BEST Curncy
11013,2021-01-29,US_IG,5Y,55.99,35,CDXIG535 Curncy
11014,2021-01-29,US_HY,5Y,317.6832,35,CDXHY535 BEST Curncy
11015,2021-01-29,US_HY,7Y,344.859,35,CDXHY735 BEST Curncy
11027,2021-02-01,US_HY,10Y,351.747,35,CDXHY035 BEST Curncy
11026,2021-02-01,US_HY,7Y,342.726,35,CDXHY735 BEST Curncy
11025,2021-02-01,US_HY,5Y,312.1433,35,CDXHY535 BEST Curncy
11024,2021-02-01,US_IG,5Y,54.892,35,CDXIG535 Curncy
11035,2021-02-02,US_IG,5Y,53.115,35,CDXIG535 Curncy
11036,2021-02-02,US_HY,5Y,300.5732,35,CDXHY535 BEST Curncy
11037,2021-02-02,US_HY,7Y,328.187,35,CDXHY735 BEST Curncy
11038,2021-02-02,US_HY,10Y,338.059,35,CDXHY035 BEST Curncy
11046,2021-02-03,US_IG,5Y,52.705,35,CDXIG535 Curncy
11047,2021-02-03,US_HY,3Y,237.972,35,CDXHY335 BEST Curncy
11048,2021-02-03,US_HY,5Y,297.5024,35,CDXHY535 BEST Curncy
11049,2021-02-03,US_HY,7Y,323.911,35,CDXHY735 BEST Curncy
11050,2021-02-03,US_HY,10Y,334.022,35,CDXHY035 BEST Curncy
11062,2021-02-04,US_HY,10Y,327.321,35,CDXHY035 BEST Curncy
11061,2021-02-04,US_HY,7Y,316.833,35,CDXHY735 BEST Curncy
11058,2021-02-04,US_IG,5Y,51.421,35,CDXIG535 Curncy
11059,2021-02-04,US_HY,3Y,237.716,35,CDXHY335 BEST Curncy
11060,2021-02-04,US_HY,5Y,290.4198,35,CDXHY535 BEST Curncy
11070,2021-02-05,US_IG,5Y,50.986,35,CDXIG535 Curncy
11071,2021-02-05,US_HY,3Y,237.476,35,CDXHY335 BEST Curncy
11072,2021-02-05,US_HY,5Y,286.1783,35,CDXHY535 BEST Curncy
11073,2021-02-05,US_HY,7Y,313.826,35,CDXHY735 BEST Curncy
11074,2021-02-05,US_HY,10Y,324.828,35,CDXHY035 BEST Curncy
11086,2021-02-08,US_HY,10Y,322.657,35,CDXHY035 BEST Curncy
11085,2021-02-08,US_HY,7Y,311.569,35,CDXHY735 BEST Curncy
11082,2021-02-08,US_IG,5Y,50.305,35,CDXIG535 Curncy
11083,2021-02-08,US_HY,3Y,236.812,35,CDXHY335 BEST Curncy
11084,2021-02-08,US_HY,5Y,283.911,35,CDXHY535 BEST Curncy
11094,2021-02-09,US_IG,5Y,50.84,35,CDXIG535 Curncy
11095,2021-02-09,US_HY,3Y,236.568,35,CDXHY335 BEST Curncy
11096,2021-02-09,US_HY,5Y,286.2918,35,CDXHY535 BEST Curncy
11097,2021-02-09,US_HY,7Y,312.752,35,CDXHY735 BEST Curncy
11098,2021-02-09,US_HY,10Y,323.77,35,CDXHY035 BEST Curncy
11110,2021-02-10,US_HY,10Y,324.421,35,CDXHY035 BEST Curncy
11109,2021-02-10,US_HY,7Y,313.442,35,CDXHY735 BEST Curncy
11108,2021-02-10,US_HY,5Y,285.3825,35,CDXHY535 BEST Curncy
11106,2021-02-10,US_IG,5Y,50.383,35,CDXIG535 Curncy
11107,2021-02-10,US_HY,3Y,236.339,35,CDXHY335 BEST Curncy
11118,2021-02-11,US_IG,5Y,50.186,35,CDXIG535 Curncy
11119,2021-02-11,US_HY,3Y,236.135,35,CDXHY335 BEST Curncy
11120,2021-02-11,US_HY,5Y,285.983,35,CDXHY535 BEST Curncy
11121,2021-02-11,US_HY,7Y,312.519,35,CDXHY735 BEST Curncy
11122,2021-02-11,US_HY,10Y,323.52,35,CDXHY035 BEST Curncy
11133,2021-02-12,US_HY,7Y,313.816,35,CDXHY735 BEST Curncy
11134,2021-02-12,US_HY,10Y,324.749,35,CDXHY035 BEST Curncy
11132,2021-02-12,US_HY,5Y,287.7178,35,CDXHY535 BEST Curncy
11130,2021-02-12,US_IG,5Y,50.286,35,CDXIG535 Curncy
11131,2021-02-12,US_HY,3Y,235.917,35,CDXHY335 BEST Curncy
11142,2021-02-15,US_IG,5Y,50.309,35,CDXIG535 Curncy
11143,2021-02-15,US_HY,3Y,235.192,35,CDXHY335 BEST Curncy
11144,2021-02-15,US_HY,5Y,285.5804,35,CDXHY535 BEST Curncy
11145,2021-02-15,US_HY,7Y,313.359,35,CDXHY735 BEST Curncy
11146,2021-02-15,US_HY,10Y,321.415,35,CDXHY035 BEST Curncy
11158,2021-02-16,US_HY,10Y,322.653,35,CDXHY035 BEST Curncy
11156,2021-02-16,US_HY,5Y,286.2879,35,CDXHY535 BEST Curncy
11157,2021-02-16,US_HY,7Y,314.734,35,CDXHY735 BEST Curncy
11154,2021-02-16,US_IG,5Y,50.472,35,CDXIG535 Curncy
11155,2021-02-16,US_HY,3Y,234.962,35,CDXHY335 BEST Curncy
11166,2021-02-17,US_IG,5Y,50.316,35,CDXIG535 Curncy
11167,2021-02-17,US_HY,3Y,234.673,35,CDXHY335 BEST Curncy
11168,2021-02-17,US_HY,5Y,288.9078,35,CDXHY535 BEST Curncy
11169,2021-02-17,US_HY,7Y,319.058,35,CDXHY735 BEST Curncy
11170,2021-02-17,US_HY,10Y,326.649,35,CDXHY035 BEST Curncy
11181,2021-02-18,US_HY,7Y,322.953,35,CDXHY735 BEST Curncy
11182,2021-02-18,US_HY,10Y,330.54,35,CDXHY035 BEST Curncy
11180,2021-02-18,US_HY,5Y,290.812,35,CDXHY535 BEST Curncy
11179,2021-02-18,US_HY,3Y,234.51,35,CDXHY335 BEST Curncy
11178,2021-02-18,US_IG,5Y,50.905,35,CDXIG535 Curncy
11190,2021-02-19,US_IG,5Y,51.385,35,CDXIG535 Curncy
11191,2021-02-19,US_HY,3Y,234.279,35,CDXHY335 BEST Curncy
11192,2021-02-19,US_HY,5Y,293.4803,35,CDXHY535 BEST Curncy
11193,2021-02-19,US_HY,7Y,320.397,35,CDXHY735 BEST Curncy
11194,2021-02-19,US_HY,10Y,328.142,35,CDXHY035 BEST Curncy
11202,2021-02-22,US_IG,5Y,53.419,35,CDXIG535 Curncy
11203,2021-02-22,US_HY,3Y,233.566,35,CDXHY335 BEST Curncy
11204,2021-02-22,US_HY,5Y,299.2516,35,CDXHY535 BEST Curncy
11205,2021-02-22,US_HY,7Y,328.211,35,CDXHY735 BEST Curncy
11206,2021-02-22,US_HY,10Y,335.397,35,CDXHY035 BEST Curncy
11214,2021-02-23,US_IG,5Y,52.86,35,CDXIG535 Curncy
11215,2021-02-23,US_HY,3Y,233.299,35,CDXHY335 BEST Curncy
11216,2021-02-23,US_HY,5Y,297.5845,35,CDXHY535 BEST Curncy
11217,2021-02-23,US_HY,7Y,332.051,35,CDXHY735 BEST Curncy
11218,2021-02-23,US_HY,10Y,338.995,35,CDXHY035 BEST Curncy
11230,2021-02-24,US_HY,10Y,332.479,35,CDXHY035 BEST Curncy
11228,2021-02-24,US_HY,5Y,293.6314,35,CDXHY535 BEST Curncy
11229,2021-02-24,US_HY,7Y,324.266,35,CDXHY735 BEST Curncy
11226,2021-02-24,US_IG,5Y,51.988,35,CDXIG535 Curncy
11227,2021-02-24,US_HY,3Y,233.087,35,CDXHY335 BEST Curncy
11242,2021-02-25,US_HY,10Y,343.615,35,CDXHY035 BEST Curncy
11241,2021-02-25,US_HY,7Y,336.117,35,CDXHY735 BEST Curncy
11239,2021-02-25,US_HY,3Y,232.85,35,CDXHY335 BEST Curncy
11238,2021-02-25,US_IG,5Y,55.778,35,CDXIG535 Curncy
11240,2021-02-25,US_HY,5Y,307.0581,35,CDXHY535 BEST Curncy
11250,2021-02-26,US_IG,5Y,55.9,35,CDXIG535 Curncy
11251,2021-02-26,US_HY,3Y,232.391,35,CDXHY335 BEST Curncy
11252,2021-02-26,US_HY,5Y,309.5454,35,CDXHY535 BEST Curncy
11253,2021-02-26,US_HY,7Y,338.871,35,CDXHY735 BEST Curncy
11254,2021-02-26,US_HY,10Y,346.251,35,CDXHY035 BEST Curncy
11266,2021-03-01,US_HY,10Y,335.698,35,CDXHY035 BEST Curncy
11265,2021-03-01,US_HY,7Y,326.573,35,CDXHY735 BEST Curncy
11264,2021-03-01,US_HY,5Y,291.8478,35,CDXHY535 BEST Curncy
11263,2021-03-01,US_HY,3Y,231.797,35,CDXHY335 BEST Curncy
11262,2021-03-01,US_IG,5Y,53.161,35,CDXIG535 Curncy
11274,2021-03-02,US_IG,5Y,53.127,35,CDXIG535 Curncy
11275,2021-03-02,US_HY,3Y,231.576,35,CDXHY335 BEST Curncy
11276,2021-03-02,US_HY,5Y,294.526,35,CDXHY535 BEST Curncy
11277,2021-03-02,US_HY,7Y,328.082,35,CDXHY735 BEST Curncy
11278,2021-03-02,US_HY,10Y,337.089,35,CDXHY035 BEST Curncy
11290,2021-03-03,US_HY,10Y,341.06,35,CDXHY035 BEST Curncy
11289,2021-03-03,US_HY,7Y,331.93,35,CDXHY735 BEST Curncy
11288,2021-03-03,US_HY,5Y,301.3246,35,CDXHY535 BEST Curncy
11287,2021-03-03,US_HY,3Y,231.365,35,CDXHY335 BEST Curncy
11286,2021-03-03,US_IG,5Y,54.163,35,CDXIG535 Curncy
11298,2021-03-04,US_IG,5Y,56.205,35,CDXIG535 Curncy
11299,2021-03-04,US_HY,3Y,231.079,35,CDXHY335 BEST Curncy
11300,2021-03-04,US_HY,5Y,309.4883,35,CDXHY535 BEST Curncy
11301,2021-03-04,US_HY,7Y,333.445,35,CDXHY735 BEST Curncy
11302,2021-03-04,US_HY,10Y,342.474,35,CDXHY035 BEST Curncy
11314,2021-03-05,US_HY,10Y,352.376,35,CDXHY035 BEST Curncy
11313,2021-03-05,US_HY,7Y,343.969,35,CDXHY735 BEST Curncy
11312,2021-03-05,US_HY,5Y,299.1141,35,CDXHY535 BEST Curncy
11311,2021-03-05,US_HY,3Y,230.828,35,CDXHY335 BEST Curncy
11310,2021-03-05,US_IG,5Y,53.911,35,CDXIG535 Curncy
11322,2021-03-08,US_IG,5Y,55.936,35,CDXIG535 Curncy
11323,2021-03-08,US_HY,3Y,230.101,35,CDXHY335 BEST Curncy
11324,2021-03-08,US_HY,5Y,311.9747,35,CDXHY535 BEST Curncy
11325,2021-03-08,US_HY,7Y,339.044,35,CDXHY735 BEST Curncy
11326,2021-03-08,US_HY,10Y,347.706,35,CDXHY035 BEST Curncy
11337,2021-03-09,US_HY,7Y,338.829,35,CDXHY735 BEST Curncy
11336,2021-03-09,US_HY,5Y,307.1969,35,CDXHY535 BEST Curncy
11338,2021-03-09,US_HY,10Y,347.522,35,CDXHY035 BEST Curncy
11334,2021-03-09,US_IG,5Y,55.216,35,CDXIG535 Curncy
11335,2021-03-09,US_HY,3Y,229.813,35,CDXHY335 BEST Curncy
11346,2021-03-10,US_IG,5Y,53.24,35,CDXIG535 Curncy
11347,2021-03-10,US_HY,3Y,229.602,35,CDXHY335 BEST Curncy
11348,2021-03-10,US_HY,5Y,298.6087,35,CDXHY535 BEST Curncy
11349,2021-03-10,US_HY,7Y,336.255,35,CDXHY735 BEST Curncy
11350,2021-03-10,US_HY,10Y,345.099,35,CDXHY035 BEST Curncy
11362,2021-03-11,US_HY,10Y,337.573,35,CDXHY035 BEST Curncy
11361,2021-03-11,US_HY,7Y,324.537,35,CDXHY735 BEST Curncy
11360,2021-03-11,US_HY,5Y,295.3537,35,CDXHY535 BEST Curncy
11359,2021-03-11,US_HY,3Y,229.376,35,CDXHY335 BEST Curncy
11358,2021-03-11,US_IG,5Y,52.507,35,CDXIG535 Curncy
11370,2021-03-12,US_IG,5Y,52.725,35,CDXIG535 Curncy
11371,2021-03-12,US_HY,3Y,229.147,35,CDXHY335 BEST Curncy
11372,2021-03-12,US_HY,5Y,299.7252,35,CDXHY535 BEST Curncy
11373,2021-03-12,US_HY,7Y,332.473,35,CDXHY735 BEST Curncy
11374,2021-03-12,US_HY,10Y,345.07,35,CDXHY035 BEST Curncy
11385,2021-03-15,US_HY,7Y,332.639,35,CDXHY735 BEST Curncy
11384,2021-03-15,US_HY,5Y,297.8429,35,CDXHY535 BEST Curncy
11386,2021-03-15,US_HY,10Y,345.172,35,CDXHY035 BEST Curncy
11382,2021-03-15,US_IG,5Y,51.741,35,CDXIG535 Curncy
11383,2021-03-15,US_HY,3Y,228.35,35,CDXHY335 BEST Curncy
11394,2021-03-16,US_IG,5Y,51.933,35,CDXIG535 Curncy
11395,2021-03-16,US_HY,3Y,228.109,35,CDXHY335 BEST Curncy
11396,2021-03-16,US_HY,5Y,299.6677,35,CDXHY535 BEST Curncy
11397,2021-03-16,US_HY,7Y,331.637,35,CDXHY735 BEST Curncy
11398,2021-03-16,US_HY,10Y,344.219,35,CDXHY035 BEST Curncy
11409,2021-03-17,US_HY,7Y,338.04,35,CDXHY735 BEST Curncy
11408,2021-03-17,US_HY,5Y,293.4862,35,CDXHY535 BEST Curncy
11410,2021-03-17,US_HY,10Y,350.263,35,CDXHY035 BEST Curncy
11406,2021-03-17,US_IG,5Y,50.984,35,CDXIG535 Curncy
11407,2021-03-17,US_HY,3Y,227.902,35,CDXHY335 BEST Curncy
11418,2021-03-18,US_IG,5Y,52.286,35,CDXIG535 Curncy
11419,2021-03-18,US_HY,3Y,227.679,35,CDXHY335 BEST Curncy
11420,2021-03-18,US_HY,5Y,304.0709,35,CDXHY535 BEST Curncy
11421,2021-03-18,US_HY,7Y,335.73,35,CDXHY735 BEST Curncy
11422,2021-03-18,US_HY,10Y,349.089,35,CDXHY035 BEST Curncy
11434,2021-03-19,US_HY,10Y,350.199,35,CDXHY035 BEST Curncy
11430,2021-03-19,US_IG,5Y,52.239,35,CDXIG535 Curncy
11431,2021-03-19,US_HY,3Y,227.403,35,CDXHY335 BEST Curncy
11432,2021-03-19,US_HY,5Y,300.3316,35,CDXHY535 BEST Curncy
11433,2021-03-19,US_HY,7Y,336.908,35,CDXHY735 BEST Curncy
11442,2021-03-22,US_IG,5Y,57.213,36,CDXIG536 Curncy
11450,2021-03-23,US_IG,5Y,57.832,36,CDXIG536 Curncy
11458,2021-03-24,US_IG,5Y,58.047,36,CDXIG536 Curncy
11466,2021-03-25,US_IG,5Y,57.767,36,CDXIG536 Curncy
11474,2021-03-26,US_IG,5Y,56.37,36,CDXIG536 Curncy
11482,2021-03-29,US_IG,5Y,56.32,36,CDXIG536 Curncy
11483,2021-03-29,US_HY,5Y,316.7291,36,CDXHY536 BEST Curncy
11484,2021-03-29,US_HY,7Y,352.061,36,CDXHY736 BEST Curncy
11485,2021-03-29,US_HY,10Y,364.13,36,CDXHY036 BEST Curncy
11495,2021-03-30,US_HY,7Y,352.0,36,CDXHY736 BEST Curncy
11496,2021-03-30,US_HY,10Y,363.687,36,CDXHY036 BEST Curncy
11493,2021-03-30,US_IG,5Y,56.488,36,CDXIG536 Curncy
11494,2021-03-30,US_HY,5Y,316.3406,36,CDXHY536 BEST Curncy
11504,2021-03-31,US_IG,5Y,54.32,36,CDXIG536 Curncy
11505,2021-03-31,US_HY,5Y,307.9856,36,CDXHY536 BEST Curncy
11506,2021-03-31,US_HY,7Y,343.019,36,CDXHY736 BEST Curncy
11507,2021-03-31,US_HY,10Y,355.086,36,CDXHY036 BEST Curncy
11515,2021-04-01,US_IG,5Y,51.645,36,CDXIG536 Curncy
11516,2021-04-01,US_HY,5Y,299.4583,36,CDXHY536 BEST Curncy
11517,2021-04-01,US_HY,7Y,334.454,36,CDXHY736 BEST Curncy
11518,2021-04-01,US_HY,10Y,346.869,36,CDXHY036 BEST Curncy
11527,2021-04-02,US_HY,10Y,343.135,36,CDXHY036 BEST Curncy
11526,2021-04-02,US_HY,7Y,330.547,36,CDXHY736 BEST Curncy
11524,2021-04-02,US_IG,5Y,50.755,36,CDXIG536 Curncy
11525,2021-04-02,US_HY,5Y,296.3171,36,CDXHY536 BEST Curncy
11533,2021-04-05,US_IG,5Y,51.217,36,CDXIG536 Curncy
11534,2021-04-05,US_HY,5Y,296.8635,36,CDXHY536 BEST Curncy
11535,2021-04-05,US_HY,7Y,331.314,36,CDXHY736 BEST Curncy
11536,2021-04-05,US_HY,10Y,347.416,36,CDXHY036 BEST Curncy
11547,2021-04-06,US_HY,10Y,346.107,36,CDXHY036 BEST Curncy
11544,2021-04-06,US_IG,5Y,51.616,36,CDXIG536 Curncy
11545,2021-04-06,US_HY,5Y,293.6333,36,CDXHY536 BEST Curncy
11546,2021-04-06,US_HY,7Y,330.039,36,CDXHY736 BEST Curncy
11555,2021-04-07,US_IG,5Y,51.776,36,CDXIG536 Curncy
11556,2021-04-07,US_HY,5Y,294.1285,36,CDXHY536 BEST Curncy
11557,2021-04-07,US_HY,7Y,331.277,36,CDXHY736 BEST Curncy
11558,2021-04-07,US_HY,10Y,347.294,36,CDXHY036 BEST Curncy
11568,2021-04-08,US_HY,7Y,325.591,36,CDXHY736 BEST Curncy
11569,2021-04-08,US_HY,10Y,339.304,36,CDXHY036 BEST Curncy
11566,2021-04-08,US_IG,5Y,51.187,36,CDXIG536 Curncy
11567,2021-04-08,US_HY,5Y,291.3773,36,CDXHY536 BEST Curncy
11580,2021-04-09,US_HY,10Y,341.96,36,CDXHY036 BEST Curncy
11579,2021-04-09,US_HY,7Y,328.354,36,CDXHY736 BEST Curncy
11577,2021-04-09,US_IG,5Y,50.979,36,CDXIG536 Curncy
11578,2021-04-09,US_HY,5Y,293.8629,36,CDXHY536 BEST Curncy
11588,2021-04-12,US_IG,5Y,50.979,36,CDXIG536 Curncy
11589,2021-04-12,US_HY,5Y,296.4622,36,CDXHY536 BEST Curncy
11590,2021-04-12,US_HY,7Y,330.103,36,CDXHY736 BEST Curncy
11591,2021-04-12,US_HY,10Y,343.609,36,CDXHY036 BEST Curncy
11602,2021-04-13,US_HY,10Y,343.387,36,CDXHY036 BEST Curncy
11601,2021-04-13,US_HY,7Y,329.882,36,CDXHY736 BEST Curncy
11599,2021-04-13,US_IG,5Y,51.154,36,CDXIG536 Curncy
11600,2021-04-13,US_HY,5Y,292.9329,36,CDXHY536 BEST Curncy
11610,2021-04-14,US_IG,5Y,51.108,36,CDXIG536 Curncy
11611,2021-04-14,US_HY,5Y,293.5922,36,CDXHY536 BEST Curncy
11612,2021-04-14,US_HY,7Y,325.624,36,CDXHY736 BEST Curncy
11613,2021-04-14,US_HY,10Y,339.295,36,CDXHY036 BEST Curncy
11623,2021-04-15,US_HY,7Y,320.833,36,CDXHY736 BEST Curncy
11621,2021-04-15,US_IG,5Y,50.223,36,CDXIG536 Curncy
11622,2021-04-15,US_HY,5Y,286.3387,36,CDXHY536 BEST Curncy
11624,2021-04-15,US_HY,10Y,334.689,36,CDXHY036 BEST Curncy
11635,2021-04-16,US_HY,10Y,335.951,36,CDXHY036 BEST Curncy
11634,2021-04-16,US_HY,7Y,322.121,36,CDXHY736 BEST Curncy
11633,2021-04-16,US_HY,5Y,286.945,36,CDXHY536 BEST Curncy
11632,2021-04-16,US_IG,5Y,50.25,36,CDXIG536 Curncy
11643,2021-04-19,US_IG,5Y,50.706,36,CDXIG536 Curncy
11644,2021-04-19,US_HY,5Y,291.262,36,CDXHY536 BEST Curncy
11645,2021-04-19,US_HY,7Y,325.485,36,CDXHY736 BEST Curncy
11646,2021-04-19,US_HY,10Y,339.089,36,CDXHY036 BEST Curncy
11656,2021-04-20,US_HY,7Y,329.815,36,CDXHY736 BEST Curncy
11657,2021-04-20,US_HY,10Y,343.27,36,CDXHY036 BEST Curncy
11654,2021-04-20,US_IG,5Y,51.801,36,CDXIG536 Curncy
11655,2021-04-20,US_HY,5Y,297.3953,36,CDXHY536 BEST Curncy
11665,2021-04-21,US_IG,5Y,51.547,36,CDXIG536 Curncy
11666,2021-04-21,US_HY,5Y,295.1415,36,CDXHY536 BEST Curncy
11667,2021-04-21,US_HY,7Y,328.282,36,CDXHY736 BEST Curncy
11668,2021-04-21,US_HY,10Y,341.794,36,CDXHY036 BEST Curncy
11679,2021-04-22,US_HY,10Y,342.108,36,CDXHY036 BEST Curncy
11676,2021-04-22,US_IG,5Y,51.93,36,CDXIG536 Curncy
11677,2021-04-22,US_HY,5Y,296.8311,36,CDXHY536 BEST Curncy
11678,2021-04-22,US_HY,7Y,328.63,36,CDXHY736 BEST Curncy
11689,2021-04-23,US_HY,7Y,324.987,36,CDXHY736 BEST Curncy
11690,2021-04-23,US_HY,10Y,338.633,36,CDXHY036 BEST Curncy
11687,2021-04-23,US_IG,5Y,51.262,36,CDXIG536 Curncy
11688,2021-04-23,US_HY,5Y,291.4459,36,CDXHY536 BEST Curncy
11700,2021-04-26,US_HY,7Y,325.966,36,CDXHY736 BEST Curncy
11701,2021-04-26,US_HY,10Y,339.503,36,CDXHY036 BEST Curncy
11698,2021-04-26,US_IG,5Y,51.271,36,CDXIG536 Curncy
11699,2021-04-26,US_HY,5Y,290.51,36,CDXHY536 BEST Curncy
11712,2021-04-27,US_HY,10Y,339.005,36,CDXHY036 BEST Curncy
11711,2021-04-27,US_HY,7Y,325.386,36,CDXHY736 BEST Curncy
11709,2021-04-27,US_IG,5Y,51.559,36,CDXIG536 Curncy
11710,2021-04-27,US_HY,5Y,291.9455,36,CDXHY536 BEST Curncy
11720,2021-04-28,US_IG,5Y,50.927,36,CDXIG536 Curncy
11721,2021-04-28,US_HY,5Y,286.8094,36,CDXHY536 BEST Curncy
11722,2021-04-28,US_HY,7Y,328.68,36,CDXHY736 BEST Curncy
11723,2021-04-28,US_HY,10Y,340.337,36,CDXHY036 BEST Curncy
11731,2021-04-29,US_IG,5Y,50.199,36,CDXIG536 Curncy
11732,2021-04-29,US_HY,5Y,284.5049,36,CDXHY536 BEST Curncy
11733,2021-04-29,US_HY,7Y,326.293,36,CDXHY736 BEST Curncy
11734,2021-04-29,US_HY,10Y,337.989,36,CDXHY036 BEST Curncy
11745,2021-04-30,US_HY,10Y,337.508,36,CDXHY036 BEST Curncy
11744,2021-04-30,US_HY,7Y,325.738,36,CDXHY736 BEST Curncy
11742,2021-04-30,US_IG,5Y,50.418,36,CDXIG536 Curncy
11743,2021-04-30,US_HY,5Y,287.0098,36,CDXHY536 BEST Curncy
11749,2021-05-03,US_IG,5Y,50.282,36,CDXIG536 Curncy
11750,2021-05-03,US_HY,5Y,284.1339,36,CDXHY536 BEST Curncy
11751,2021-05-03,US_HY,7Y,324.226,36,CDXHY736 BEST Curncy
11752,2021-05-03,US_HY,10Y,336.056,36,CDXHY036 BEST Curncy
11760,2021-05-04,US_IG,5Y,50.71,36,CDXIG536 Curncy
11761,2021-05-04,US_HY,5Y,289.7278,36,CDXHY536 BEST Curncy
11762,2021-05-04,US_HY,7Y,328.577,36,CDXHY736 BEST Curncy
11763,2021-05-04,US_HY,10Y,340.127,36,CDXHY036 BEST Curncy
11774,2021-05-05,US_HY,10Y,339.841,36,CDXHY036 BEST Curncy
11773,2021-05-05,US_HY,7Y,327.812,36,CDXHY736 BEST Curncy
11771,2021-05-05,US_IG,5Y,51.001,36,CDXIG536 Curncy
11772,2021-05-05,US_HY,5Y,288.6671,36,CDXHY536 BEST Curncy
11782,2021-05-06,US_IG,5Y,51.237,36,CDXIG536 Curncy
11783,2021-05-06,US_HY,5Y,291.0727,36,CDXHY536 BEST Curncy
11784,2021-05-06,US_HY,7Y,330.502,36,CDXHY736 BEST Curncy
11785,2021-05-06,US_HY,10Y,342.54,36,CDXHY036 BEST Curncy
11796,2021-05-07,US_HY,10Y,338.531,36,CDXHY036 BEST Curncy
11793,2021-05-07,US_IG,5Y,50.506,36,CDXIG536 Curncy
11794,2021-05-07,US_HY,5Y,285.9473,36,CDXHY536 BEST Curncy
11795,2021-05-07,US_HY,7Y,326.435,36,CDXHY736 BEST Curncy
11807,2021-05-10,US_HY,10Y,336.893,36,CDXHY036 BEST Curncy
11806,2021-05-10,US_HY,7Y,324.7,36,CDXHY736 BEST Curncy
11804,2021-05-10,US_IG,5Y,51.643,36,CDXIG536 Curncy
11805,2021-05-10,US_HY,5Y,288.2024,36,CDXHY536 BEST Curncy
11817,2021-05-11,US_HY,7Y,334.095,36,CDXHY736 BEST Curncy
11815,2021-05-11,US_IG,5Y,52.142,36,CDXIG536 Curncy
11816,2021-05-11,US_HY,5Y,294.1756,36,CDXHY536 BEST Curncy
11818,2021-05-11,US_HY,10Y,345.787,36,CDXHY036 BEST Curncy
11829,2021-05-12,US_HY,10Y,351.04,36,CDXHY036 BEST Curncy
11828,2021-05-12,US_HY,7Y,339.633,36,CDXHY736 BEST Curncy
11827,2021-05-12,US_HY,5Y,298.5346,36,CDXHY536 BEST Curncy
11826,2021-05-12,US_IG,5Y,53.454,36,CDXIG536 Curncy
11837,2021-05-13,US_IG,5Y,52.537,36,CDXIG536 Curncy
11838,2021-05-13,US_HY,5Y,294.7867,36,CDXHY536 BEST Curncy
11839,2021-05-13,US_HY,7Y,335.567,36,CDXHY736 BEST Curncy
11840,2021-05-13,US_HY,10Y,347.315,36,CDXHY036 BEST Curncy
11848,2021-05-14,US_IG,5Y,50.825,36,CDXIG536 Curncy
11849,2021-05-14,US_HY,5Y,288.3096,36,CDXHY536 BEST Curncy
11850,2021-05-14,US_HY,7Y,330.058,36,CDXHY736 BEST Curncy
11851,2021-05-14,US_HY,10Y,341.952,36,CDXHY036 BEST Curncy
11863,2021-05-17,US_HY,10Y,344.547,36,CDXHY036 BEST Curncy
11862,2021-05-17,US_HY,7Y,332.911,36,CDXHY736 BEST Curncy
11860,2021-05-17,US_HY,3Y,216.632,36,CDXHY336 BEST Curncy
11859,2021-05-17,US_IG,5Y,51.445,36,CDXIG536 Curncy
11861,2021-05-17,US_HY,5Y,292.7122,36,CDXHY536 BEST Curncy
11871,2021-05-18,US_IG,5Y,52.351,36,CDXIG536 Curncy
11872,2021-05-18,US_HY,3Y,216.422,36,CDXHY336 BEST Curncy
11873,2021-05-18,US_HY,5Y,296.2852,36,CDXHY536 BEST Curncy
11874,2021-05-18,US_HY,7Y,335.965,36,CDXHY736 BEST Curncy
11875,2021-05-18,US_HY,10Y,347.568,36,CDXHY036 BEST Curncy
11887,2021-05-19,US_HY,10Y,351.99,36,CDXHY036 BEST Curncy
11886,2021-05-19,US_HY,7Y,340.663,36,CDXHY736 BEST Curncy
11884,2021-05-19,US_HY,3Y,216.218,36,CDXHY336 BEST Curncy
11883,2021-05-19,US_IG,5Y,52.857,36,CDXIG536 Curncy
11885,2021-05-19,US_HY,5Y,300.723,36,CDXHY536 BEST Curncy
11895,2021-05-20,US_IG,5Y,52.368,36,CDXIG536 Curncy
11896,2021-05-20,US_HY,3Y,215.937,36,CDXHY336 BEST Curncy
11897,2021-05-20,US_HY,5Y,293.7771,36,CDXHY536 BEST Curncy
11898,2021-05-20,US_HY,7Y,334.335,36,CDXHY736 BEST Curncy
11899,2021-05-20,US_HY,10Y,346.003,36,CDXHY036 BEST Curncy
11909,2021-05-21,US_HY,5Y,294.2115,36,CDXHY536 BEST Curncy
11911,2021-05-21,US_HY,10Y,345.973,36,CDXHY036 BEST Curncy
11910,2021-05-21,US_HY,7Y,334.296,36,CDXHY736 BEST Curncy
11908,2021-05-21,US_HY,3Y,215.768,36,CDXHY336 BEST Curncy
11907,2021-05-21,US_IG,5Y,52.379,36,CDXIG536 Curncy
11919,2021-05-24,US_IG,5Y,51.509,36,CDXIG536 Curncy
11920,2021-05-24,US_HY,3Y,215.084,36,CDXHY336 BEST Curncy
11921,2021-05-24,US_HY,5Y,290.842,36,CDXHY536 BEST Curncy
11922,2021-05-24,US_HY,7Y,331.608,36,CDXHY736 BEST Curncy
11923,2021-05-24,US_HY,10Y,343.246,36,CDXHY036 BEST Curncy
11935,2021-05-25,US_HY,10Y,341.544,36,CDXHY036 BEST Curncy
11934,2021-05-25,US_HY,7Y,329.767,36,CDXHY736 BEST Curncy
11932,2021-05-25,US_HY,3Y,214.903,36,CDXHY336 BEST Curncy
11933,2021-05-25,US_HY,5Y,292.2495,36,CDXHY536 BEST Curncy
11931,2021-05-25,US_IG,5Y,51.92,36,CDXIG536 Curncy
11943,2021-05-26,US_IG,5Y,51.686,36,CDXIG536 Curncy
11944,2021-05-26,US_HY,3Y,214.739,36,CDXHY336 BEST Curncy
11945,2021-05-26,US_HY,5Y,291.0531,36,CDXHY536 BEST Curncy
11946,2021-05-26,US_HY,7Y,330.363,36,CDXHY736 BEST Curncy
11947,2021-05-26,US_HY,10Y,342.025,36,CDXHY036 BEST Curncy
11959,2021-05-27,US_HY,10Y,340.647,36,CDXHY036 BEST Curncy
11958,2021-05-27,US_HY,7Y,328.883,36,CDXHY736 BEST Curncy
11957,2021-05-27,US_HY,5Y,289.935,36,CDXHY536 BEST Curncy
11956,2021-05-27,US_HY,3Y,214.526,36,CDXHY336 BEST Curncy
11955,2021-05-27,US_IG,5Y,51.189,36,CDXIG536 Curncy
11967,2021-05-28,US_IG,5Y,50.726,36,CDXIG536 Curncy
11968,2021-05-28,US_HY,3Y,214.286,36,CDXHY336 BEST Curncy
11969,2021-05-28,US_HY,5Y,287.9583,36,CDXHY536 BEST Curncy
11970,2021-05-28,US_HY,7Y,326.879,36,CDXHY736 BEST Curncy
11971,2021-05-28,US_HY,10Y,338.715,36,CDXHY036 BEST Curncy
11979,2021-05-31,US_HY,10Y,338.518,36,CDXHY036 BEST Curncy
11978,2021-05-31,US_HY,7Y,326.494,36,CDXHY736 BEST Curncy
11977,2021-05-31,US_HY,5Y,287.0888,36,CDXHY536 BEST Curncy
11976,2021-05-31,US_HY,3Y,213.593,36,CDXHY336 BEST Curncy
11975,2021-05-31,US_IG,5Y,50.669,36,CDXIG536 Curncy
11987,2021-06-01,US_IG,5Y,50.087,36,CDXIG536 Curncy
11988,2021-06-01,US_HY,3Y,213.365,36,CDXHY336 BEST Curncy
11989,2021-06-01,US_HY,5Y,285.7712,36,CDXHY536 BEST Curncy
11990,2021-06-01,US_HY,7Y,325.042,36,CDXHY736 BEST Curncy
11991,2021-06-01,US_HY,10Y,337.191,36,CDXHY036 BEST Curncy
11999,2021-06-02,US_IG,5Y,50.103,36,CDXIG536 Curncy
12000,2021-06-02,US_HY,3Y,213.112,36,CDXHY336 BEST Curncy
12001,2021-06-02,US_HY,5Y,283.5749,36,CDXHY536 BEST Curncy
12002,2021-06-02,US_HY,7Y,322.988,36,CDXHY736 BEST Curncy
12003,2021-06-02,US_HY,10Y,335.28,36,CDXHY036 BEST Curncy
12011,2021-06-03,US_IG,5Y,50.8,36,CDXIG536 Curncy
12012,2021-06-03,US_HY,3Y,212.915,36,CDXHY336 BEST Curncy
12013,2021-06-03,US_HY,5Y,287.6135,36,CDXHY536 BEST Curncy
12014,2021-06-03,US_HY,7Y,327.841,36,CDXHY736 BEST Curncy
12015,2021-06-03,US_HY,10Y,339.967,36,CDXHY036 BEST Curncy
12027,2021-06-04,US_HY,10Y,336.526,36,CDXHY036 BEST Curncy
12025,2021-06-04,US_HY,5Y,282.904,36,CDXHY536 BEST Curncy
12026,2021-06-04,US_HY,7Y,324.194,36,CDXHY736 BEST Curncy
12024,2021-06-04,US_HY,3Y,212.638,36,CDXHY336 BEST Curncy
12023,2021-06-04,US_IG,5Y,50.236,36,CDXIG536 Curncy
12035,2021-06-07,US_IG,5Y,50.273,36,CDXIG536 Curncy
12036,2021-06-07,US_HY,3Y,211.995,36,CDXHY336 BEST Curncy
12037,2021-06-07,US_HY,5Y,282.9744,36,CDXHY536 BEST Curncy
12038,2021-06-07,US_HY,7Y,323.505,36,CDXHY736 BEST Curncy
12039,2021-06-07,US_HY,10Y,338.466,36,CDXHY036 BEST Curncy
12051,2021-06-08,US_HY,10Y,338.28,36,CDXHY036 BEST Curncy
12050,2021-06-08,US_HY,7Y,323.433,36,CDXHY736 BEST Curncy
12049,2021-06-08,US_HY,5Y,283.4769,36,CDXHY536 BEST Curncy
12048,2021-06-08,US_HY,3Y,211.764,36,CDXHY336 BEST Curncy
12047,2021-06-08,US_IG,5Y,50.39,36,CDXIG536 Curncy
12059,2021-06-09,US_IG,5Y,50.269,36,CDXIG536 Curncy
12060,2021-06-09,US_HY,3Y,211.564,36,CDXHY336 BEST Curncy
12061,2021-06-09,US_HY,5Y,282.2286,36,CDXHY536 BEST Curncy
12062,2021-06-09,US_HY,7Y,322.721,36,CDXHY736 BEST Curncy
12063,2021-06-09,US_HY,10Y,337.615,36,CDXHY036 BEST Curncy
12075,2021-06-10,US_HY,10Y,334.273,36,CDXHY036 BEST Curncy
12074,2021-06-10,US_HY,7Y,319.236,36,CDXHY736 BEST Curncy
12072,2021-06-10,US_HY,3Y,211.361,36,CDXHY336 BEST Curncy
12071,2021-06-10,US_IG,5Y,49.161,36,CDXIG536 Curncy
12073,2021-06-10,US_HY,5Y,278.9608,36,CDXHY536 BEST Curncy
12083,2021-06-11,US_IG,5Y,48.526,36,CDXIG536 Curncy
12084,2021-06-11,US_HY,3Y,211.16,36,CDXHY336 BEST Curncy
12085,2021-06-11,US_HY,5Y,275.6849,36,CDXHY536 BEST Curncy
12086,2021-06-11,US_HY,7Y,317.139,36,CDXHY736 BEST Curncy
12087,2021-06-11,US_HY,10Y,332.35,36,CDXHY036 BEST Curncy
12096,2021-06-14,US_HY,3Y,210.398,36,CDXHY336 BEST Curncy
12095,2021-06-14,US_IG,5Y,48.581,36,CDXIG536 Curncy
12097,2021-06-14,US_HY,5Y,277.3102,36,CDXHY536 BEST Curncy
12098,2021-06-14,US_HY,7Y,316.534,36,CDXHY736 BEST Curncy
12099,2021-06-14,US_HY,10Y,331.284,36,CDXHY036 BEST Curncy
12110,2021-06-15,US_HY,7Y,317.543,36,CDXHY736 BEST Curncy
12109,2021-06-15,US_HY,5Y,276.6825,36,CDXHY536 BEST Curncy
12111,2021-06-15,US_HY,10Y,332.294,36,CDXHY036 BEST Curncy
12107,2021-06-15,US_IG,5Y,48.675,36,CDXIG536 Curncy
12108,2021-06-15,US_HY,3Y,210.111,36,CDXHY336 BEST Curncy
12121,2021-06-16,US_HY,5Y,279.6428,36,CDXHY536 BEST Curncy
12122,2021-06-16,US_HY,7Y,316.569,36,CDXHY736 BEST Curncy
12119,2021-06-16,US_IG,5Y,49.272,36,CDXIG536 Curncy
12120,2021-06-16,US_HY,3Y,209.863,36,CDXHY336 BEST Curncy
12123,2021-06-16,US_HY,10Y,331.344,36,CDXHY036 BEST Curncy
12135,2021-06-17,US_HY,10Y,336.333,36,CDXHY036 BEST Curncy
12134,2021-06-17,US_HY,7Y,321.759,36,CDXHY736 BEST Curncy
12132,2021-06-17,US_HY,3Y,209.431,36,CDXHY336 BEST Curncy
12133,2021-06-17,US_HY,5Y,280.9869,36,CDXHY536 BEST Curncy
12131,2021-06-17,US_IG,5Y,49.59,36,CDXIG536 Curncy
12143,2021-06-18,US_IG,5Y,50.717,36,CDXIG536 Curncy
12144,2021-06-18,US_HY,3Y,209.147,36,CDXHY336 BEST Curncy
12145,2021-06-18,US_HY,5Y,287.0518,36,CDXHY536 BEST Curncy
12146,2021-06-18,US_HY,7Y,326.176,36,CDXHY736 BEST Curncy
12147,2021-06-18,US_HY,10Y,340.564,36,CDXHY036 BEST Curncy
12159,2021-06-21,US_HY,10Y,335.797,36,CDXHY036 BEST Curncy
12158,2021-06-21,US_HY,7Y,321.088,36,CDXHY736 BEST Curncy
12157,2021-06-21,US_HY,5Y,280.1333,36,CDXHY536 BEST Curncy
12156,2021-06-21,US_HY,3Y,208.368,36,CDXHY336 BEST Curncy
12155,2021-06-21,US_IG,5Y,49.645,36,CDXIG536 Curncy
12167,2021-06-22,US_IG,5Y,48.995,36,CDXIG536 Curncy
12168,2021-06-22,US_HY,3Y,208.105,36,CDXHY336 BEST Curncy
12169,2021-06-22,US_HY,5Y,277.5349,36,CDXHY536 BEST Curncy
12170,2021-06-22,US_HY,7Y,318.778,36,CDXHY736 BEST Curncy
12171,2021-06-22,US_HY,10Y,333.48,36,CDXHY036 BEST Curncy
12183,2021-06-23,US_HY,10Y,331.339,36,CDXHY036 BEST Curncy
12182,2021-06-23,US_HY,7Y,316.663,36,CDXHY736 BEST Curncy
12181,2021-06-23,US_HY,5Y,276.9308,36,CDXHY536 BEST Curncy
12180,2021-06-23,US_HY,3Y,207.937,36,CDXHY336 BEST Curncy
12179,2021-06-23,US_IG,5Y,48.827,36,CDXIG536 Curncy
12191,2021-06-24,US_IG,5Y,48.127,36,CDXIG536 Curncy
12192,2021-06-24,US_HY,3Y,207.602,36,CDXHY336 BEST Curncy
12193,2021-06-24,US_HY,5Y,273.806,36,CDXHY536 BEST Curncy
12194,2021-06-24,US_HY,7Y,314.078,36,CDXHY736 BEST Curncy
12195,2021-06-24,US_HY,10Y,329.185,36,CDXHY036 BEST Curncy
12207,2021-06-25,US_HY,10Y,325.961,36,CDXHY036 BEST Curncy
12206,2021-06-25,US_HY,7Y,310.705,36,CDXHY736 BEST Curncy
12205,2021-06-25,US_HY,5Y,270.7828,36,CDXHY536 BEST Curncy
12204,2021-06-25,US_HY,3Y,207.345,36,CDXHY336 BEST Curncy
12203,2021-06-25,US_IG,5Y,47.331,36,CDXIG536 Curncy
12215,2021-06-28,US_IG,5Y,47.807,36,CDXIG536 Curncy
12216,2021-06-28,US_HY,3Y,206.578,36,CDXHY336 BEST Curncy
12217,2021-06-28,US_HY,5Y,273.2693,36,CDXHY536 BEST Curncy
12218,2021-06-28,US_HY,7Y,314.805,36,CDXHY736 BEST Curncy
12219,2021-06-28,US_HY,10Y,327.95,36,CDXHY036 BEST Curncy
12230,2021-06-29,US_HY,7Y,312.991,36,CDXHY736 BEST Curncy
12229,2021-06-29,US_HY,5Y,273.8654,36,CDXHY536 BEST Curncy
12231,2021-06-29,US_HY,10Y,325.066,36,CDXHY036 BEST Curncy
12227,2021-06-29,US_IG,5Y,47.888,36,CDXIG536 Curncy
12228,2021-06-29,US_HY,3Y,206.381,36,CDXHY336 BEST Curncy
12239,2021-06-30,US_IG,5Y,47.755,36,CDXIG536 Curncy
12240,2021-06-30,US_HY,3Y,206.144,36,CDXHY336 BEST Curncy
12241,2021-06-30,US_HY,5Y,274.8058,36,CDXHY536 BEST Curncy
12242,2021-06-30,US_HY,7Y,313.588,36,CDXHY736 BEST Curncy
12243,2021-06-30,US_HY,10Y,325.532,36,CDXHY036 BEST Curncy
12255,2021-07-01,US_HY,10Y,324.327,36,CDXHY036 BEST Curncy
12254,2021-07-01,US_HY,7Y,312.311,36,CDXHY736 BEST Curncy
12253,2021-07-01,US_HY,5Y,272.4582,36,CDXHY536 BEST Curncy
12252,2021-07-01,US_HY,3Y,205.925,36,CDXHY336 BEST Curncy
12251,2021-07-01,US_IG,5Y,47.609,36,CDXIG536 Curncy
12263,2021-07-02,US_IG,5Y,47.023,36,CDXIG536 Curncy
12264,2021-07-02,US_HY,3Y,205.627,36,CDXHY336 BEST Curncy
12265,2021-07-02,US_HY,5Y,268.9713,36,CDXHY536 BEST Curncy
12266,2021-07-02,US_HY,7Y,307.8,36,CDXHY736 BEST Curncy
12267,2021-07-02,US_HY,10Y,319.691,36,CDXHY036 BEST Curncy
12278,2021-07-05,US_HY,7Y,307.209,36,CDXHY736 BEST Curncy
12277,2021-07-05,US_HY,5Y,269.2285,36,CDXHY536 BEST Curncy
12279,2021-07-05,US_HY,10Y,319.045,36,CDXHY036 BEST Curncy
12275,2021-07-05,US_IG,5Y,46.906,36,CDXIG536 Curncy
12276,2021-07-05,US_HY,3Y,204.98,36,CDXHY336 BEST Curncy
12287,2021-07-06,US_IG,5Y,47.469,36,CDXIG536 Curncy
12288,2021-07-06,US_HY,3Y,204.741,36,CDXHY336 BEST Curncy
12289,2021-07-06,US_HY,5Y,274.0746,36,CDXHY536 BEST Curncy
12290,2021-07-06,US_HY,7Y,314.95,36,CDXHY736 BEST Curncy
12291,2021-07-06,US_HY,10Y,326.364,36,CDXHY036 BEST Curncy
12302,2021-07-07,US_HY,7Y,313.614,36,CDXHY736 BEST Curncy
12301,2021-07-07,US_HY,5Y,275.6049,36,CDXHY536 BEST Curncy
12303,2021-07-07,US_HY,10Y,325.011,36,CDXHY036 BEST Curncy
12299,2021-07-07,US_IG,5Y,47.901,36,CDXIG536 Curncy
12300,2021-07-07,US_HY,3Y,204.583,36,CDXHY336 BEST Curncy
12311,2021-07-08,US_IG,5Y,48.869,36,CDXIG536 Curncy
12312,2021-07-08,US_HY,3Y,204.361,36,CDXHY336 BEST Curncy
12313,2021-07-08,US_HY,5Y,282.6093,36,CDXHY536 BEST Curncy
12314,2021-07-08,US_HY,7Y,319.452,36,CDXHY736 BEST Curncy
12315,2021-07-08,US_HY,10Y,330.549,36,CDXHY036 BEST Curncy
12323,2021-07-09,US_IG,5Y,48.123,36,CDXIG536 Curncy
12324,2021-07-09,US_HY,3Y,204.207,36,CDXHY336 BEST Curncy
12325,2021-07-09,US_HY,5Y,275.2151,36,CDXHY536 BEST Curncy
12326,2021-07-09,US_HY,7Y,314.73,36,CDXHY736 BEST Curncy
12327,2021-07-09,US_HY,10Y,326.154,36,CDXHY036 BEST Curncy
12338,2021-07-12,US_HY,7Y,315.697,36,CDXHY736 BEST Curncy
12339,2021-07-12,US_HY,10Y,326.912,36,CDXHY036 BEST Curncy
12336,2021-07-12,US_HY,3Y,203.358,36,CDXHY336 BEST Curncy
12335,2021-07-12,US_IG,5Y,47.811,36,CDXIG536 Curncy
12337,2021-07-12,US_HY,5Y,276.9871,36,CDXHY536 BEST Curncy
12347,2021-07-13,US_IG,5Y,48.436,36,CDXIG536 Curncy
12348,2021-07-13,US_HY,3Y,203.081,36,CDXHY336 BEST Curncy
12349,2021-07-13,US_HY,5Y,279.5407,36,CDXHY536 BEST Curncy
12350,2021-07-13,US_HY,7Y,314.975,36,CDXHY736 BEST Curncy
12351,2021-07-13,US_HY,10Y,325.559,36,CDXHY036 BEST Curncy
12359,2021-07-14,US_IG,5Y,48.424,36,CDXIG536 Curncy
12360,2021-07-14,US_HY,3Y,202.739,36,CDXHY336 BEST Curncy
12361,2021-07-14,US_HY,5Y,278.6571,36,CDXHY536 BEST Curncy
12362,2021-07-14,US_HY,7Y,316.758,36,CDXHY736 BEST Curncy
12363,2021-07-14,US_HY,10Y,327.24,36,CDXHY036 BEST Curncy
12371,2021-07-15,US_IG,5Y,49.153,36,CDXIG536 Curncy
12372,2021-07-15,US_HY,3Y,202.583,36,CDXHY336 BEST Curncy
12373,2021-07-15,US_HY,5Y,283.5069,36,CDXHY536 BEST Curncy
12374,2021-07-15,US_HY,7Y,320.07,36,CDXHY736 BEST Curncy
12375,2021-07-15,US_HY,10Y,330.479,36,CDXHY036 BEST Curncy
12387,2021-07-16,US_HY,10Y,331.515,36,CDXHY036 BEST Curncy
12386,2021-07-16,US_HY,7Y,321.236,36,CDXHY736 BEST Curncy
12385,2021-07-16,US_HY,5Y,286.3908,36,CDXHY536 BEST Curncy
12383,2021-07-16,US_IG,5Y,49.987,36,CDXIG536 Curncy
12384,2021-07-16,US_HY,3Y,202.351,36,CDXHY336 BEST Curncy
12395,2021-07-19,US_IG,5Y,51.488,36,CDXIG536 Curncy
12396,2021-07-19,US_HY,3Y,201.576,36,CDXHY336 BEST Curncy
12397,2021-07-19,US_HY,5Y,301.0128,36,CDXHY536 BEST Curncy
12398,2021-07-19,US_HY,7Y,334.697,36,CDXHY736 BEST Curncy
12399,2021-07-19,US_HY,10Y,344.219,36,CDXHY036 BEST Curncy
12411,2021-07-20,US_HY,10Y,341.368,36,CDXHY036 BEST Curncy
12410,2021-07-20,US_HY,7Y,331.724,36,CDXHY736 BEST Curncy
12408,2021-07-20,US_HY,3Y,201.474,36,CDXHY336 BEST Curncy
12407,2021-07-20,US_IG,5Y,50.88,36,CDXIG536 Curncy
12409,2021-07-20,US_HY,5Y,291.9379,36,CDXHY536 BEST Curncy
12419,2021-07-21,US_IG,5Y,49.191,36,CDXIG536 Curncy
12420,2021-07-21,US_HY,3Y,201.249,36,CDXHY336 BEST Curncy
12421,2021-07-21,US_HY,5Y,285.4042,36,CDXHY536 BEST Curncy
12422,2021-07-21,US_HY,7Y,322.704,36,CDXHY736 BEST Curncy
12423,2021-07-21,US_HY,10Y,332.118,36,CDXHY036 BEST Curncy
12435,2021-07-22,US_HY,10Y,333.496,36,CDXHY036 BEST Curncy
12434,2021-07-22,US_HY,7Y,323.79,36,CDXHY736 BEST Curncy
12433,2021-07-22,US_HY,5Y,284.519,36,CDXHY536 BEST Curncy
12431,2021-07-22,US_IG,5Y,49.114,36,CDXIG536 Curncy
12432,2021-07-22,US_HY,3Y,200.933,36,CDXHY336 BEST Curncy
12443,2021-07-23,US_IG,5Y,48.526,36,CDXIG536 Curncy
12444,2021-07-23,US_HY,3Y,200.726,36,CDXHY336 BEST Curncy
12445,2021-07-23,US_HY,5Y,280.9508,36,CDXHY536 BEST Curncy
12446,2021-07-23,US_HY,7Y,317.235,36,CDXHY736 BEST Curncy
12447,2021-07-23,US_HY,10Y,327.296,36,CDXHY036 BEST Curncy
12459,2021-07-26,US_HY,10Y,330.158,36,CDXHY036 BEST Curncy
12458,2021-07-26,US_HY,7Y,320.332,36,CDXHY736 BEST Curncy
12455,2021-07-26,US_IG,5Y,48.595,36,CDXIG536 Curncy
12456,2021-07-26,US_HY,3Y,199.953,36,CDXHY336 BEST Curncy
12457,2021-07-26,US_HY,5Y,284.1786,36,CDXHY536 BEST Curncy
12467,2021-07-27,US_IG,5Y,49.462,36,CDXIG536 Curncy
12468,2021-07-27,US_HY,3Y,199.701,36,CDXHY336 BEST Curncy
12469,2021-07-27,US_HY,5Y,289.5204,36,CDXHY536 BEST Curncy
12470,2021-07-27,US_HY,7Y,328.634,36,CDXHY736 BEST Curncy
12471,2021-07-27,US_HY,10Y,337.992,36,CDXHY036 BEST Curncy
12482,2021-07-28,US_HY,7Y,324.09,36,CDXHY736 BEST Curncy
12483,2021-07-28,US_HY,10Y,333.186,36,CDXHY036 BEST Curncy
12481,2021-07-28,US_HY,5Y,286.3344,36,CDXHY536 BEST Curncy
12479,2021-07-28,US_IG,5Y,49.105,36,CDXIG536 Curncy
12480,2021-07-28,US_HY,3Y,199.489,36,CDXHY336 BEST Curncy
12491,2021-07-29,US_IG,5Y,48.727,36,CDXIG536 Curncy
12492,2021-07-29,US_HY,3Y,199.228,36,CDXHY336 BEST Curncy
12493,2021-07-29,US_HY,5Y,284.3294,36,CDXHY536 BEST Curncy
12494,2021-07-29,US_HY,7Y,320.701,36,CDXHY736 BEST Curncy
12495,2021-07-29,US_HY,10Y,329.948,36,CDXHY036 BEST Curncy
12507,2021-07-30,US_HY,10Y,334.779,36,CDXHY036 BEST Curncy
12506,2021-07-30,US_HY,7Y,325.907,36,CDXHY736 BEST Curncy
12505,2021-07-30,US_HY,5Y,291.105,36,CDXHY536 BEST Curncy
12503,2021-07-30,US_IG,5Y,49.618,36,CDXIG536 Curncy
12504,2021-07-30,US_HY,3Y,198.952,36,CDXHY336 BEST Curncy
12515,2021-08-02,US_IG,5Y,49.902,36,CDXIG536 Curncy
12516,2021-08-02,US_HY,3Y,198.207,36,CDXHY336 BEST Curncy
12517,2021-08-02,US_HY,5Y,292.7941,36,CDXHY536 BEST Curncy
12518,2021-08-02,US_HY,7Y,326.82,36,CDXHY736 BEST Curncy
12519,2021-08-02,US_HY,10Y,335.575,36,CDXHY036 BEST Curncy
12530,2021-08-03,US_HY,7Y,330.315,36,CDXHY736 BEST Curncy
12529,2021-08-03,US_HY,5Y,293.0506,36,CDXHY536 BEST Curncy
12531,2021-08-03,US_HY,10Y,338.938,36,CDXHY036 BEST Curncy
12527,2021-08-03,US_IG,5Y,49.76,36,CDXIG536 Curncy
12528,2021-08-03,US_HY,3Y,198.02,36,CDXHY336 BEST Curncy
12541,2021-08-04,US_HY,5Y,293.6351,36,CDXHY536 BEST Curncy
12542,2021-08-04,US_HY,7Y,330.953,36,CDXHY736 BEST Curncy
12539,2021-08-04,US_IG,5Y,50.147,36,CDXIG536 Curncy
12540,2021-08-04,US_HY,3Y,197.8,36,CDXHY336 BEST Curncy
12543,2021-08-04,US_HY,10Y,339.571,36,CDXHY036 BEST Curncy
12555,2021-08-05,US_HY,10Y,336.018,36,CDXHY036 BEST Curncy
12554,2021-08-05,US_HY,7Y,327.148,36,CDXHY736 BEST Curncy
12553,2021-08-05,US_HY,5Y,290.4865,36,CDXHY536 BEST Curncy
12552,2021-08-05,US_HY,3Y,197.491,36,CDXHY336 BEST Curncy
12551,2021-08-05,US_IG,5Y,49.726,36,CDXIG536 Curncy
12563,2021-08-06,US_IG,5Y,49.078,36,CDXIG536 Curncy
12564,2021-08-06,US_HY,3Y,197.117,36,CDXHY336 BEST Curncy
12565,2021-08-06,US_HY,5Y,286.6052,36,CDXHY536 BEST Curncy
12566,2021-08-06,US_HY,7Y,322.557,36,CDXHY736 BEST Curncy
12567,2021-08-06,US_HY,10Y,331.637,36,CDXHY036 BEST Curncy
12579,2021-08-09,US_HY,10Y,334.805,36,CDXHY036 BEST Curncy
12578,2021-08-09,US_HY,7Y,325.962,36,CDXHY736 BEST Curncy
12577,2021-08-09,US_HY,5Y,289.5244,36,CDXHY536 BEST Curncy
12576,2021-08-09,US_HY,3Y,196.246,36,CDXHY336 BEST Curncy
12575,2021-08-09,US_IG,5Y,49.359,36,CDXIG536 Curncy
12587,2021-08-10,US_IG,5Y,50.054,36,CDXIG536 Curncy
12588,2021-08-10,US_HY,3Y,195.963,36,CDXHY336 BEST Curncy
12589,2021-08-10,US_HY,5Y,290.8389,36,CDXHY536 BEST Curncy
12590,2021-08-10,US_HY,7Y,325.171,36,CDXHY736 BEST Curncy
12591,2021-08-10,US_HY,10Y,334.058,36,CDXHY036 BEST Curncy
12603,2021-08-11,US_HY,10Y,335.448,36,CDXHY036 BEST Curncy
12602,2021-08-11,US_HY,7Y,327.091,36,CDXHY736 BEST Curncy
12601,2021-08-11,US_HY,5Y,290.6589,36,CDXHY536 BEST Curncy
12600,2021-08-11,US_HY,3Y,195.651,36,CDXHY336 BEST Curncy
12599,2021-08-11,US_IG,5Y,49.947,36,CDXIG536 Curncy
12611,2021-08-12,US_IG,5Y,49.141,36,CDXIG536 Curncy
12612,2021-08-12,US_HY,3Y,195.45,36,CDXHY336 BEST Curncy
12613,2021-08-12,US_HY,5Y,286.2006,36,CDXHY536 BEST Curncy
12614,2021-08-12,US_HY,7Y,322.206,36,CDXHY736 BEST Curncy
12615,2021-08-12,US_HY,10Y,332.821,36,CDXHY036 BEST Curncy
12627,2021-08-13,US_HY,10Y,331.832,36,CDXHY036 BEST Curncy
12626,2021-08-13,US_HY,7Y,320.622,36,CDXHY736 BEST Curncy
12625,2021-08-13,US_HY,5Y,284.1266,36,CDXHY536 BEST Curncy
12624,2021-08-13,US_HY,3Y,195.157,36,CDXHY336 BEST Curncy
12623,2021-08-13,US_IG,5Y,48.506,36,CDXIG536 Curncy
12635,2021-08-16,US_IG,5Y,48.739,36,CDXIG536 Curncy
12636,2021-08-16,US_HY,3Y,194.4,36,CDXHY336 BEST Curncy
12637,2021-08-16,US_HY,5Y,286.2579,36,CDXHY536 BEST Curncy
12638,2021-08-16,US_HY,7Y,322.866,36,CDXHY736 BEST Curncy
12639,2021-08-16,US_HY,10Y,333.526,36,CDXHY036 BEST Curncy
12650,2021-08-17,US_HY,7Y,329.829,36,CDXHY736 BEST Curncy
12649,2021-08-17,US_HY,5Y,292.4321,36,CDXHY536 BEST Curncy
12651,2021-08-17,US_HY,10Y,340.184,36,CDXHY036 BEST Curncy
12647,2021-08-17,US_IG,5Y,49.613,36,CDXIG536 Curncy
12648,2021-08-17,US_HY,3Y,194.181,36,CDXHY336 BEST Curncy
12659,2021-08-18,US_IG,5Y,50.108,36,CDXIG536 Curncy
12660,2021-08-18,US_HY,3Y,193.892,36,CDXHY336 BEST Curncy
12661,2021-08-18,US_HY,5Y,292.0798,36,CDXHY536 BEST Curncy
12662,2021-08-18,US_HY,7Y,327.645,36,CDXHY736 BEST Curncy
12663,2021-08-18,US_HY,10Y,335.44,36,CDXHY036 BEST Curncy
12675,2021-08-19,US_HY,10Y,341.683,36,CDXHY036 BEST Curncy
12674,2021-08-19,US_HY,7Y,334.302,36,CDXHY736 BEST Curncy
12673,2021-08-19,US_HY,5Y,298.1642,36,CDXHY536 BEST Curncy
12672,2021-08-19,US_HY,3Y,193.619,36,CDXHY336 BEST Curncy
12671,2021-08-19,US_IG,5Y,50.401,36,CDXIG536 Curncy
12683,2021-08-20,US_IG,5Y,49.738,36,CDXIG536 Curncy
12684,2021-08-20,US_HY,3Y,193.334,36,CDXHY336 BEST Curncy
12685,2021-08-20,US_HY,5Y,293.5754,36,CDXHY536 BEST Curncy
12686,2021-08-20,US_HY,7Y,328.025,36,CDXHY736 BEST Curncy
12687,2021-08-20,US_HY,10Y,335.312,36,CDXHY036 BEST Curncy
12698,2021-08-23,US_HY,7Y,317.741,36,CDXHY736 BEST Curncy
12697,2021-08-23,US_HY,5Y,284.0743,36,CDXHY536 BEST Curncy
12699,2021-08-23,US_HY,10Y,324.95,36,CDXHY036 BEST Curncy
12695,2021-08-23,US_IG,5Y,48.664,36,CDXIG536 Curncy
12696,2021-08-23,US_HY,3Y,192.529,36,CDXHY336 BEST Curncy
12707,2021-08-24,US_IG,5Y,48.473,36,CDXIG536 Curncy
12708,2021-08-24,US_HY,3Y,192.279,36,CDXHY336 BEST Curncy
12709,2021-08-24,US_HY,5Y,283.5821,36,CDXHY536 BEST Curncy
12710,2021-08-24,US_HY,7Y,316.791,36,CDXHY736 BEST Curncy
12711,2021-08-24,US_HY,10Y,324.045,36,CDXHY036 BEST Curncy
12722,2021-08-25,US_HY,7Y,314.539,36,CDXHY736 BEST Curncy
12721,2021-08-25,US_HY,5Y,281.4907,36,CDXHY536 BEST Curncy
12723,2021-08-25,US_HY,10Y,321.91,36,CDXHY036 BEST Curncy
12719,2021-08-25,US_IG,5Y,47.928,36,CDXIG536 Curncy
12720,2021-08-25,US_HY,3Y,192.003,36,CDXHY336 BEST Curncy
12731,2021-08-26,US_IG,5Y,48.36,36,CDXIG536 Curncy
12732,2021-08-26,US_HY,3Y,191.68,36,CDXHY336 BEST Curncy
12733,2021-08-26,US_HY,5Y,285.5515,36,CDXHY536 BEST Curncy
12734,2021-08-26,US_HY,7Y,317.498,36,CDXHY736 BEST Curncy
12735,2021-08-26,US_HY,10Y,324.886,36,CDXHY036 BEST Curncy
12743,2021-08-27,US_IG,5Y,46.834,36,CDXIG536 Curncy
12744,2021-08-27,US_HY,3Y,191.398,36,CDXHY336 BEST Curncy
12745,2021-08-27,US_HY,5Y,275.6175,36,CDXHY536 BEST Curncy
12746,2021-08-27,US_HY,7Y,312.144,36,CDXHY736 BEST Curncy
12747,2021-08-27,US_HY,10Y,321.27,36,CDXHY036 BEST Curncy
12757,2021-08-30,US_HY,10Y,316.881,36,CDXHY036 BEST Curncy
12755,2021-08-30,US_HY,5Y,274.1766,36,CDXHY536 BEST Curncy
12756,2021-08-30,US_HY,7Y,307.576,36,CDXHY736 BEST Curncy
12753,2021-08-30,US_IG,5Y,46.244,36,CDXIG536 Curncy
12754,2021-08-30,US_HY,3Y,190.672,36,CDXHY336 BEST Curncy
12765,2021-08-31,US_IG,5Y,46.239,36,CDXIG536 Curncy
12766,2021-08-31,US_HY,3Y,190.435,36,CDXHY336 BEST Curncy
12767,2021-08-31,US_HY,5Y,276.9285,36,CDXHY536 BEST Curncy
12768,2021-08-31,US_HY,7Y,309.704,36,CDXHY736 BEST Curncy
12769,2021-08-31,US_HY,10Y,318.88,36,CDXHY036 BEST Curncy
12781,2021-09-01,US_HY,10Y,315.93,36,CDXHY036 BEST Curncy
12780,2021-09-01,US_HY,7Y,306.593,36,CDXHY736 BEST Curncy
12779,2021-09-01,US_HY,5Y,273.822,36,CDXHY536 BEST Curncy
12778,2021-09-01,US_HY,3Y,190.161,36,CDXHY336 BEST Curncy
12777,2021-09-01,US_IG,5Y,46.092,36,CDXIG536 Curncy
12789,2021-09-02,US_IG,5Y,46.339,36,CDXIG536 Curncy
12790,2021-09-02,US_HY,3Y,189.893,36,CDXHY336 BEST Curncy
12791,2021-09-02,US_HY,5Y,274.1517,36,CDXHY536 BEST Curncy
12792,2021-09-02,US_HY,7Y,307.339,36,CDXHY736 BEST Curncy
12793,2021-09-02,US_HY,10Y,316.515,36,CDXHY036 BEST Curncy
12805,2021-09-03,US_HY,10Y,316.996,36,CDXHY036 BEST Curncy
12803,2021-09-03,US_HY,5Y,274.0584,36,CDXHY536 BEST Curncy
12804,2021-09-03,US_HY,7Y,307.936,36,CDXHY736 BEST Curncy
12801,2021-09-03,US_IG,5Y,46.683,36,CDXIG536 Curncy
12802,2021-09-03,US_HY,3Y,189.637,36,CDXHY336 BEST Curncy
12817,2021-09-06,US_HY,10Y,316.302,36,CDXHY036 BEST Curncy
12816,2021-09-06,US_HY,7Y,307.24,36,CDXHY736 BEST Curncy
12813,2021-09-06,US_IG,5Y,46.681,36,CDXIG536 Curncy
12814,2021-09-06,US_HY,3Y,188.813,36,CDXHY336 BEST Curncy
12815,2021-09-06,US_HY,5Y,274.157,36,CDXHY536 BEST Curncy
12825,2021-09-07,US_IG,5Y,47.251,36,CDXIG536 Curncy
12826,2021-09-07,US_HY,3Y,188.543,36,CDXHY336 BEST Curncy
12827,2021-09-07,US_HY,5Y,276.6147,36,CDXHY536 BEST Curncy
12828,2021-09-07,US_HY,7Y,309.723,36,CDXHY736 BEST Curncy
12829,2021-09-07,US_HY,10Y,318.731,36,CDXHY036 BEST Curncy
12841,2021-09-08,US_HY,10Y,318.044,36,CDXHY036 BEST Curncy
12840,2021-09-08,US_HY,7Y,309.154,36,CDXHY736 BEST Curncy
12838,2021-09-08,US_HY,3Y,188.223,36,CDXHY336 BEST Curncy
12837,2021-09-08,US_IG,5Y,46.799,36,CDXIG536 Curncy
12839,2021-09-08,US_HY,5Y,275.5326,36,CDXHY536 BEST Curncy
12852,2021-09-09,US_HY,7Y,306.776,36,CDXHY736 BEST Curncy
12849,2021-09-09,US_IG,5Y,46.946,36,CDXIG536 Curncy
12850,2021-09-09,US_HY,3Y,187.957,36,CDXHY336 BEST Curncy
12851,2021-09-09,US_HY,5Y,275.6685,36,CDXHY536 BEST Curncy
12853,2021-09-09,US_HY,10Y,315.799,36,CDXHY036 BEST Curncy
12862,2021-09-10,US_HY,3Y,187.691,36,CDXHY336 BEST Curncy
12865,2021-09-10,US_HY,10Y,318.139,36,CDXHY036 BEST Curncy
12864,2021-09-10,US_HY,7Y,309.027,36,CDXHY736 BEST Curncy
12861,2021-09-10,US_IG,5Y,47.305,36,CDXIG536 Curncy
12863,2021-09-10,US_HY,5Y,275.8166,36,CDXHY536 BEST Curncy
12873,2021-09-13,US_IG,5Y,46.789,36,CDXIG536 Curncy
12874,2021-09-13,US_HY,3Y,186.806,36,CDXHY336 BEST Curncy
12875,2021-09-13,US_HY,5Y,275.6179,36,CDXHY536 BEST Curncy
12876,2021-09-13,US_HY,7Y,309.333,36,CDXHY736 BEST Curncy
12877,2021-09-13,US_HY,10Y,318.388,36,CDXHY036 BEST Curncy
12889,2021-09-14,US_HY,10Y,316.435,36,CDXHY036 BEST Curncy
12888,2021-09-14,US_HY,7Y,307.24,36,CDXHY736 BEST Curncy
12887,2021-09-14,US_HY,5Y,274.4524,36,CDXHY536 BEST Curncy
12886,2021-09-14,US_HY,3Y,186.532,36,CDXHY336 BEST Curncy
12885,2021-09-14,US_IG,5Y,46.878,36,CDXIG536 Curncy
12897,2021-09-15,US_IG,5Y,46.305,36,CDXIG536 Curncy
12898,2021-09-15,US_HY,3Y,186.274,36,CDXHY336 BEST Curncy
12899,2021-09-15,US_HY,5Y,272.6803,36,CDXHY536 BEST Curncy
12900,2021-09-15,US_HY,7Y,308.397,36,CDXHY736 BEST Curncy
12901,2021-09-15,US_HY,10Y,317.565,36,CDXHY036 BEST Curncy
12913,2021-09-16,US_HY,10Y,316.704,36,CDXHY036 BEST Curncy
12912,2021-09-16,US_HY,7Y,307.488,36,CDXHY736 BEST Curncy
12910,2021-09-16,US_HY,3Y,185.981,36,CDXHY336 BEST Curncy
12909,2021-09-16,US_IG,5Y,46.149,36,CDXIG536 Curncy
12911,2021-09-16,US_HY,5Y,272.7624,36,CDXHY536 BEST Curncy
12921,2021-09-17,US_IG,5Y,46.739,36,CDXIG536 Curncy
12922,2021-09-17,US_HY,3Y,185.636,36,CDXHY336 BEST Curncy
12923,2021-09-17,US_HY,5Y,276.7957,36,CDXHY536 BEST Curncy
12924,2021-09-17,US_HY,7Y,312.0,36,CDXHY736 BEST Curncy
12925,2021-09-17,US_HY,10Y,321.906,36,CDXHY036 BEST Curncy
12933,2021-09-20,US_IG,5Y,53.33,37,CDXIG537 Curncy
12941,2021-09-21,US_IG,5Y,53.225,37,CDXIG537 Curncy
12949,2021-09-22,US_IG,5Y,51.955,37,CDXIG537 Curncy
12957,2021-09-23,US_IG,5Y,50.875,37,CDXIG537 Curncy
12965,2021-09-24,US_IG,5Y,50.955,37,CDXIG537 Curncy
12975,2021-09-27,US_HY,7Y,326.122,37,CDXHY737 BEST Curncy
12976,2021-09-27,US_HY,10Y,336.689,37,CDXHY037 BEST Curncy
12973,2021-09-27,US_IG,5Y,50.705,37,CDXIG537 Curncy
12974,2021-09-27,US_HY,5Y,292.3047,37,CDXHY537 BEST Curncy
12985,2021-09-28,US_HY,5Y,297.3062,37,CDXHY537 BEST Curncy
12986,2021-09-28,US_HY,7Y,334.708,37,CDXHY737 BEST Curncy
12984,2021-09-28,US_IG,5Y,52.015,37,CDXIG537 Curncy
12987,2021-09-28,US_HY,10Y,345.262,37,CDXHY037 BEST Curncy
12999,2021-09-29,US_HY,10Y,341.734,37,CDXHY037 BEST Curncy
12997,2021-09-29,US_HY,5Y,295.9963,37,CDXHY537 BEST Curncy
12998,2021-09-29,US_HY,7Y,331.322,37,CDXHY737 BEST Curncy
12996,2021-09-29,US_HY,3Y,228.062,37,CDXHY337 BEST Curncy
12995,2021-09-29,US_IG,5Y,51.6,37,CDXIG537 Curncy
13007,2021-09-30,US_IG,5Y,52.295,37,CDXIG537 Curncy
13008,2021-09-30,US_HY,3Y,227.892,37,CDXHY337 BEST Curncy
13009,2021-09-30,US_HY,5Y,299.5963,37,CDXHY537 BEST Curncy
13010,2021-09-30,US_HY,7Y,338.977,37,CDXHY737 BEST Curncy
13011,2021-09-30,US_HY,10Y,349.293,37,CDXHY037 BEST Curncy
13023,2021-10-01,US_HY,10Y,345.893,37,CDXHY037 BEST Curncy
13022,2021-10-01,US_HY,7Y,335.557,37,CDXHY737 BEST Curncy
13021,2021-10-01,US_HY,5Y,297.7278,37,CDXHY537 BEST Curncy
13020,2021-10-01,US_HY,3Y,227.684,37,CDXHY337 BEST Curncy
13019,2021-10-01,US_IG,5Y,53.055,37,CDXIG537 Curncy
13031,2021-10-04,US_IG,5Y,53.35,37,CDXIG537 Curncy
13032,2021-10-04,US_HY,3Y,227.159,37,CDXHY337 BEST Curncy
13033,2021-10-04,US_HY,5Y,303.6729,37,CDXHY537 BEST Curncy
13034,2021-10-04,US_HY,7Y,339.68,37,CDXHY737 BEST Curncy
13035,2021-10-04,US_HY,10Y,350.26,37,CDXHY037 BEST Curncy
13047,2021-10-05,US_HY,10Y,349.117,37,CDXHY037 BEST Curncy
13046,2021-10-05,US_HY,7Y,338.821,37,CDXHY737 BEST Curncy
13045,2021-10-05,US_HY,5Y,301.7559,37,CDXHY537 BEST Curncy
13044,2021-10-05,US_HY,3Y,226.954,37,CDXHY337 BEST Curncy
13043,2021-10-05,US_IG,5Y,52.875,37,CDXIG537 Curncy
13055,2021-10-06,US_IG,5Y,54.41,37,CDXIG537 Curncy
13056,2021-10-06,US_HY,3Y,226.697,37,CDXHY337 BEST Curncy
13057,2021-10-06,US_HY,5Y,305.8206,37,CDXHY537 BEST Curncy
13058,2021-10-06,US_HY,7Y,346.942,37,CDXHY737 BEST Curncy
13059,2021-10-06,US_HY,10Y,356.429,37,CDXHY037 BEST Curncy
13067,2021-10-07,US_IG,5Y,52.67,37,CDXIG537 Curncy
13068,2021-10-07,US_HY,3Y,226.456,37,CDXHY337 BEST Curncy
13069,2021-10-07,US_HY,5Y,302.0558,37,CDXHY537 BEST Curncy
13070,2021-10-07,US_HY,7Y,336.551,37,CDXHY737 BEST Curncy
13071,2021-10-07,US_HY,10Y,346.73,37,CDXHY037 BEST Curncy
13079,2021-10-08,US_IG,5Y,53.24,37,CDXIG537 Curncy
13080,2021-10-08,US_HY,3Y,226.162,37,CDXHY337 BEST Curncy
13081,2021-10-08,US_HY,5Y,307.8979,37,CDXHY537 BEST Curncy
13082,2021-10-08,US_HY,7Y,343.348,37,CDXHY737 BEST Curncy
13083,2021-10-08,US_HY,10Y,353.228,37,CDXHY037 BEST Curncy
13095,2021-10-11,US_HY,10Y,355.129,37,CDXHY037 BEST Curncy
13093,2021-10-11,US_HY,5Y,308.1664,37,CDXHY537 BEST Curncy
13094,2021-10-11,US_HY,7Y,345.128,37,CDXHY737 BEST Curncy
13092,2021-10-11,US_HY,3Y,225.485,37,CDXHY337 BEST Curncy
13091,2021-10-11,US_IG,5Y,53.925,37,CDXIG537 Curncy
13103,2021-10-12,US_IG,5Y,54.66,37,CDXIG537 Curncy
13104,2021-10-12,US_HY,3Y,225.273,37,CDXHY337 BEST Curncy
13105,2021-10-12,US_HY,5Y,313.3818,37,CDXHY537 BEST Curncy
13106,2021-10-12,US_HY,7Y,349.818,37,CDXHY737 BEST Curncy
13107,2021-10-12,US_HY,10Y,359.816,37,CDXHY037 BEST Curncy
13119,2021-10-13,US_HY,10Y,361.535,37,CDXHY037 BEST Curncy
13118,2021-10-13,US_HY,7Y,351.47,37,CDXHY737 BEST Curncy
13117,2021-10-13,US_HY,5Y,312.8017,37,CDXHY537 BEST Curncy
13116,2021-10-13,US_HY,3Y,224.962,37,CDXHY337 BEST Curncy
13115,2021-10-13,US_IG,5Y,54.655,37,CDXIG537 Curncy
13127,2021-10-14,US_IG,5Y,52.89,37,CDXIG537 Curncy
13128,2021-10-14,US_HY,3Y,224.628,37,CDXHY337 BEST Curncy
13129,2021-10-14,US_HY,5Y,301.4333,37,CDXHY537 BEST Curncy
13130,2021-10-14,US_HY,7Y,338.951,37,CDXHY737 BEST Curncy
13131,2021-10-14,US_HY,10Y,349.511,37,CDXHY037 BEST Curncy
13143,2021-10-15,US_HY,10Y,345.664,37,CDXHY037 BEST Curncy
13142,2021-10-15,US_HY,7Y,334.913,37,CDXHY737 BEST Curncy
13140,2021-10-15,US_HY,3Y,224.407,37,CDXHY337 BEST Curncy
13139,2021-10-15,US_IG,5Y,52.055,37,CDXIG537 Curncy
13141,2021-10-15,US_HY,5Y,299.1534,37,CDXHY537 BEST Curncy
13151,2021-10-18,US_IG,5Y,52.5,37,CDXIG537 Curncy
13152,2021-10-18,US_HY,3Y,223.605,37,CDXHY337 BEST Curncy
13153,2021-10-18,US_HY,5Y,301.0812,37,CDXHY537 BEST Curncy
13154,2021-10-18,US_HY,7Y,336.658,37,CDXHY737 BEST Curncy
13155,2021-10-18,US_HY,10Y,347.108,37,CDXHY037 BEST Curncy
13164,2021-10-19,US_HY,3Y,223.229,37,CDXHY337 BEST Curncy
13163,2021-10-19,US_IG,5Y,51.705,37,CDXIG537 Curncy
13165,2021-10-19,US_HY,5Y,296.3446,37,CDXHY537 BEST Curncy
13166,2021-10-19,US_HY,7Y,332.06,37,CDXHY737 BEST Curncy
13167,2021-10-19,US_HY,10Y,342.501,37,CDXHY037 BEST Curncy
13178,2021-10-20,US_HY,7Y,331.217,37,CDXHY737 BEST Curncy
13177,2021-10-20,US_HY,5Y,295.2732,37,CDXHY537 BEST Curncy
13179,2021-10-20,US_HY,10Y,341.99,37,CDXHY037 BEST Curncy
13175,2021-10-20,US_IG,5Y,51.24,37,CDXIG537 Curncy
13176,2021-10-20,US_HY,3Y,223.072,37,CDXHY337 BEST Curncy
13189,2021-10-21,US_HY,5Y,297.8692,37,CDXHY537 BEST Curncy
13190,2021-10-21,US_HY,7Y,333.709,37,CDXHY737 BEST Curncy
13187,2021-10-21,US_IG,5Y,51.47,37,CDXIG537 Curncy
13188,2021-10-21,US_HY,3Y,222.907,37,CDXHY337 BEST Curncy
13191,2021-10-21,US_HY,10Y,343.654,37,CDXHY037 BEST Curncy
13203,2021-10-22,US_HY,10Y,347.854,37,CDXHY037 BEST Curncy
13201,2021-10-22,US_HY,5Y,301.5677,37,CDXHY537 BEST Curncy
13202,2021-10-22,US_HY,7Y,338.233,37,CDXHY737 BEST Curncy
13200,2021-10-22,US_HY,3Y,222.457,37,CDXHY337 BEST Curncy
13199,2021-10-22,US_IG,5Y,51.44,37,CDXIG537 Curncy
13211,2021-10-25,US_IG,5Y,51.965,37,CDXIG537 Curncy
13212,2021-10-25,US_HY,3Y,221.777,37,CDXHY337 BEST Curncy
13213,2021-10-25,US_HY,5Y,301.0954,37,CDXHY537 BEST Curncy
13214,2021-10-25,US_HY,7Y,337.812,37,CDXHY737 BEST Curncy
13215,2021-10-25,US_HY,10Y,347.275,37,CDXHY037 BEST Curncy
13227,2021-10-26,US_HY,10Y,342.806,37,CDXHY037 BEST Curncy
13226,2021-10-26,US_HY,7Y,333.151,37,CDXHY737 BEST Curncy
13225,2021-10-26,US_HY,5Y,297.8341,37,CDXHY537 BEST Curncy
13224,2021-10-26,US_HY,3Y,221.619,37,CDXHY337 BEST Curncy
13223,2021-10-26,US_IG,5Y,50.685,37,CDXIG537 Curncy
13235,2021-10-27,US_IG,5Y,50.815,37,CDXIG537 Curncy
13236,2021-10-27,US_HY,3Y,221.365,37,CDXHY337 BEST Curncy
13237,2021-10-27,US_HY,5Y,299.7326,37,CDXHY537 BEST Curncy
13238,2021-10-27,US_HY,7Y,336.014,37,CDXHY737 BEST Curncy
13239,2021-10-27,US_HY,10Y,345.834,37,CDXHY037 BEST Curncy
13250,2021-10-28,US_HY,7Y,339.123,37,CDXHY737 BEST Curncy
13249,2021-10-28,US_HY,5Y,300.3241,37,CDXHY537 BEST Curncy
13251,2021-10-28,US_HY,10Y,349.354,37,CDXHY037 BEST Curncy
13247,2021-10-28,US_IG,5Y,51.485,37,CDXIG537 Curncy
13248,2021-10-28,US_HY,3Y,221.106,37,CDXHY337 BEST Curncy
13259,2021-10-29,US_IG,5Y,52.345,37,CDXIG537 Curncy
13260,2021-10-29,US_HY,3Y,220.833,37,CDXHY337 BEST Curncy
13261,2021-10-29,US_HY,5Y,304.678,37,CDXHY537 BEST Curncy
13262,2021-10-29,US_HY,7Y,340.248,37,CDXHY737 BEST Curncy
13263,2021-10-29,US_HY,10Y,350.273,37,CDXHY037 BEST Curncy
13274,2021-11-01,US_HY,7Y,344.592,37,CDXHY737 BEST Curncy
13273,2021-11-01,US_HY,5Y,305.63,37,CDXHY537 BEST Curncy
13275,2021-11-01,US_HY,10Y,354.524,37,CDXHY037 BEST Curncy
13271,2021-11-01,US_IG,5Y,52.41,37,CDXIG537 Curncy
13272,2021-11-01,US_HY,3Y,263.322,37,CDXHY337 BEST Curncy
13283,2021-11-02,US_IG,5Y,52.11,37,CDXIG537 Curncy
13284,2021-11-02,US_HY,3Y,263.092,37,CDXHY337 BEST Curncy
13285,2021-11-02,US_HY,5Y,301.58,37,CDXHY537 BEST Curncy
13286,2021-11-02,US_HY,7Y,340.7,37,CDXHY737 BEST Curncy
13287,2021-11-02,US_HY,10Y,350.844,37,CDXHY037 BEST Curncy
13295,2021-11-03,US_IG,5Y,52.03,37,CDXIG537 Curncy
13296,2021-11-03,US_HY,3Y,263.066,37,CDXHY337 BEST Curncy
13297,2021-11-03,US_HY,5Y,297.7713,37,CDXHY537 BEST Curncy
13298,2021-11-03,US_HY,7Y,339.378,37,CDXHY737 BEST Curncy
13299,2021-11-03,US_HY,10Y,349.281,37,CDXHY037 BEST Curncy
13310,2021-11-04,US_HY,7Y,332.601,37,CDXHY737 BEST Curncy
13311,2021-11-04,US_HY,10Y,343.686,37,CDXHY037 BEST Curncy
13308,2021-11-04,US_HY,3Y,262.852,37,CDXHY337 BEST Curncy
13307,2021-11-04,US_IG,5Y,50.2,37,CDXIG537 Curncy
13309,2021-11-04,US_HY,5Y,293.7233,37,CDXHY537 BEST Curncy
13319,2021-11-05,US_IG,5Y,49.37,37,CDXIG537 Curncy
13320,2021-11-05,US_HY,3Y,262.8,37,CDXHY337 BEST Curncy
13321,2021-11-05,US_HY,5Y,286.5278,37,CDXHY537 BEST Curncy
13322,2021-11-05,US_HY,7Y,325.626,37,CDXHY737 BEST Curncy
13323,2021-11-05,US_HY,10Y,336.514,37,CDXHY037 BEST Curncy
13335,2021-11-08,US_HY,10Y,335.926,37,CDXHY037 BEST Curncy
13334,2021-11-08,US_HY,7Y,325.313,37,CDXHY737 BEST Curncy
13331,2021-11-08,US_IG,5Y,49.085,37,CDXIG537 Curncy
13332,2021-11-08,US_HY,3Y,262.303,37,CDXHY337 BEST Curncy
13333,2021-11-08,US_HY,5Y,288.4051,37,CDXHY537 BEST Curncy
13343,2021-11-09,US_IG,5Y,49.71,37,CDXIG537 Curncy
13344,2021-11-09,US_HY,3Y,261.966,37,CDXHY337 BEST Curncy
13345,2021-11-09,US_HY,5Y,291.2992,37,CDXHY537 BEST Curncy
13346,2021-11-09,US_HY,7Y,329.954,37,CDXHY737 BEST Curncy
13347,2021-11-09,US_HY,10Y,340.371,37,CDXHY037 BEST Curncy
13358,2021-11-10,US_HY,7Y,332.638,37,CDXHY737 BEST Curncy
13359,2021-11-10,US_HY,10Y,343.107,37,CDXHY037 BEST Curncy
13356,2021-11-10,US_HY,3Y,261.866,37,CDXHY337 BEST Curncy
13355,2021-11-10,US_IG,5Y,50.475,37,CDXIG537 Curncy
13357,2021-11-10,US_HY,5Y,298.5364,37,CDXHY537 BEST Curncy
13367,2021-11-11,US_IG,5Y,51.245,37,CDXIG537 Curncy
13368,2021-11-11,US_HY,3Y,261.36,37,CDXHY337 BEST Curncy
13369,2021-11-11,US_HY,5Y,298.1201,37,CDXHY537 BEST Curncy
13370,2021-11-11,US_HY,7Y,337.34,37,CDXHY737 BEST Curncy
13371,2021-11-11,US_HY,10Y,347.46,37,CDXHY037 BEST Curncy
13383,2021-11-12,US_HY,10Y,343.7,37,CDXHY037 BEST Curncy
13382,2021-11-12,US_HY,7Y,333.641,37,CDXHY737 BEST Curncy
13380,2021-11-12,US_HY,3Y,261.157,37,CDXHY337 BEST Curncy
13379,2021-11-12,US_IG,5Y,51.475,37,CDXIG537 Curncy
13381,2021-11-12,US_HY,5Y,296.9919,37,CDXHY537 BEST Curncy
13395,2021-11-15,US_HY,10Y,343.964,37,CDXHY037 BEST Curncy
13391,2021-11-15,US_IG,5Y,50.44,37,CDXIG537 Curncy
13392,2021-11-15,US_HY,3Y,260.533,37,CDXHY337 BEST Curncy
13393,2021-11-15,US_HY,5Y,294.7849,37,CDXHY537 BEST Curncy
13394,2021-11-15,US_HY,7Y,333.562,37,CDXHY737 BEST Curncy
13405,2021-11-16,US_HY,5Y,294.5879,37,CDXHY537 BEST Curncy
13406,2021-11-16,US_HY,7Y,332.085,37,CDXHY737 BEST Curncy
13403,2021-11-16,US_IG,5Y,50.525,37,CDXIG537 Curncy
13404,2021-11-16,US_HY,3Y,260.292,37,CDXHY337 BEST Curncy
13407,2021-11-16,US_HY,10Y,342.71,37,CDXHY037 BEST Curncy
13419,2021-11-17,US_HY,10Y,345.51,37,CDXHY037 BEST Curncy
13418,2021-11-17,US_HY,7Y,334.69,37,CDXHY737 BEST Curncy
13417,2021-11-17,US_HY,5Y,296.3195,37,CDXHY537 BEST Curncy
13416,2021-11-17,US_HY,3Y,240.962,37,CDXHY337 BEST Curncy
13415,2021-11-17,US_IG,5Y,51.07,37,CDXIG537 Curncy
13427,2021-11-18,US_IG,5Y,50.855,37,CDXIG537 Curncy
13428,2021-11-18,US_HY,3Y,240.842,37,CDXHY337 BEST Curncy
13429,2021-11-18,US_HY,5Y,296.1596,37,CDXHY537 BEST Curncy
13430,2021-11-18,US_HY,7Y,331.958,37,CDXHY737 BEST Curncy
13431,2021-11-18,US_HY,10Y,342.233,37,CDXHY037 BEST Curncy
13443,2021-11-19,US_HY,10Y,346.615,37,CDXHY037 BEST Curncy
13442,2021-11-19,US_HY,7Y,335.934,37,CDXHY737 BEST Curncy
13441,2021-11-19,US_HY,5Y,299.8435,37,CDXHY537 BEST Curncy
13440,2021-11-19,US_HY,3Y,240.655,37,CDXHY337 BEST Curncy
13439,2021-11-19,US_IG,5Y,51.355,37,CDXIG537 Curncy
13451,2021-11-22,US_IG,5Y,51.515,37,CDXIG537 Curncy
13452,2021-11-22,US_HY,3Y,239.975,37,CDXHY337 BEST Curncy
13453,2021-11-22,US_HY,5Y,300.1393,37,CDXHY537 BEST Curncy
13454,2021-11-22,US_HY,7Y,337.529,37,CDXHY737 BEST Curncy
13455,2021-11-22,US_HY,10Y,348.167,37,CDXHY037 BEST Curncy
13467,2021-11-23,US_HY,10Y,356.225,37,CDXHY037 BEST Curncy
13466,2021-11-23,US_HY,7Y,346.319,37,CDXHY737 BEST Curncy
13465,2021-11-23,US_HY,5Y,308.1999,37,CDXHY537 BEST Curncy
13464,2021-11-23,US_HY,3Y,239.464,37,CDXHY337 BEST Curncy
13463,2021-11-23,US_IG,5Y,52.8,37,CDXIG537 Curncy
13475,2021-11-24,US_IG,5Y,53.795,37,CDXIG537 Curncy
13476,2021-11-24,US_HY,3Y,239.245,37,CDXHY337 BEST Curncy
13477,2021-11-24,US_HY,5Y,307.8327,37,CDXHY537 BEST Curncy
13478,2021-11-24,US_HY,7Y,346.798,37,CDXHY737 BEST Curncy
13479,2021-11-24,US_HY,10Y,356.717,37,CDXHY037 BEST Curncy
13491,2021-11-25,US_HY,10Y,357.789,37,CDXHY037 BEST Curncy
13490,2021-11-25,US_HY,7Y,346.779,37,CDXHY737 BEST Curncy
13489,2021-11-25,US_HY,5Y,307.0948,37,CDXHY537 BEST Curncy
13488,2021-11-25,US_HY,3Y,238.992,37,CDXHY337 BEST Curncy
13487,2021-11-25,US_IG,5Y,52.915,37,CDXIG537 Curncy
13499,2021-11-26,US_IG,5Y,56.19,37,CDXIG537 Curncy
13500,2021-11-26,US_HY,3Y,238.77,37,CDXHY337 BEST Curncy
13501,2021-11-26,US_HY,5Y,327.0718,37,CDXHY537 BEST Curncy
13502,2021-11-26,US_HY,7Y,365.983,37,CDXHY737 BEST Curncy
13503,2021-11-26,US_HY,10Y,375.968,37,CDXHY037 BEST Curncy
13514,2021-11-29,US_HY,7Y,359.022,37,CDXHY737 BEST Curncy
13513,2021-11-29,US_HY,5Y,317.0905,37,CDXHY537 BEST Curncy
13515,2021-11-29,US_HY,10Y,369.254,37,CDXHY037 BEST Curncy
13511,2021-11-29,US_IG,5Y,55.505,37,CDXIG537 Curncy
13512,2021-11-29,US_HY,3Y,238.647,37,CDXHY337 BEST Curncy
13523,2021-11-30,US_IG,5Y,55.9,37,CDXIG537 Curncy
13524,2021-11-30,US_HY,3Y,238.385,37,CDXHY337 BEST Curncy
13525,2021-11-30,US_HY,5Y,330.0741,37,CDXHY537 BEST Curncy
13526,2021-11-30,US_HY,7Y,374.323,37,CDXHY737 BEST Curncy
13527,2021-11-30,US_HY,10Y,383.899,37,CDXHY037 BEST Curncy
13539,2021-12-01,US_HY,10Y,372.485,37,CDXHY037 BEST Curncy
13538,2021-12-01,US_HY,7Y,362.172,37,CDXHY737 BEST Curncy
13537,2021-12-01,US_HY,5Y,325.7092,37,CDXHY537 BEST Curncy
13536,2021-12-01,US_HY,3Y,238.073,37,CDXHY337 BEST Curncy
13535,2021-12-01,US_IG,5Y,56.36,37,CDXIG537 Curncy
13547,2021-12-02,US_IG,5Y,58.915,37,CDXIG537 Curncy
13548,2021-12-02,US_HY,3Y,237.857,37,CDXHY337 BEST Curncy
13549,2021-12-02,US_HY,5Y,326.9399,37,CDXHY537 BEST Curncy
13550,2021-12-02,US_HY,7Y,368.9,37,CDXHY737 BEST Curncy
13551,2021-12-02,US_HY,10Y,378.788,37,CDXHY037 BEST Curncy
13562,2021-12-03,US_HY,7Y,371.311,37,CDXHY737 BEST Curncy
13561,2021-12-03,US_HY,5Y,332.4177,37,CDXHY537 BEST Curncy
13563,2021-12-03,US_HY,10Y,380.977,37,CDXHY037 BEST Curncy
13559,2021-12-03,US_IG,5Y,56.5,37,CDXIG537 Curncy
13560,2021-12-03,US_HY,3Y,237.454,37,CDXHY337 BEST Curncy
13571,2021-12-06,US_IG,5Y,57.85,37,CDXIG537 Curncy
13572,2021-12-06,US_HY,3Y,236.908,37,CDXHY337 BEST Curncy
13573,2021-12-06,US_HY,5Y,317.4422,37,CDXHY537 BEST Curncy
13574,2021-12-06,US_HY,7Y,360.053,37,CDXHY737 BEST Curncy
13575,2021-12-06,US_HY,10Y,368.533,37,CDXHY037 BEST Curncy
13586,2021-12-07,US_HY,7Y,339.99,37,CDXHY737 BEST Curncy
13585,2021-12-07,US_HY,5Y,305.343,37,CDXHY537 BEST Curncy
13587,2021-12-07,US_HY,10Y,349.596,37,CDXHY037 BEST Curncy
13583,2021-12-07,US_IG,5Y,54.615,37,CDXIG537 Curncy
13584,2021-12-07,US_HY,3Y,236.591,37,CDXHY337 BEST Curncy
13595,2021-12-08,US_IG,5Y,54.33,37,CDXIG537 Curncy
13596,2021-12-08,US_HY,3Y,236.224,37,CDXHY337 BEST Curncy
13597,2021-12-08,US_HY,5Y,305.6748,37,CDXHY537 BEST Curncy
13598,2021-12-08,US_HY,7Y,340.67,37,CDXHY737 BEST Curncy
13599,2021-12-08,US_HY,10Y,350.252,37,CDXHY037 BEST Curncy
13607,2021-12-09,US_IG,5Y,53.575,37,CDXIG537 Curncy
13608,2021-12-09,US_HY,3Y,236.048,37,CDXHY337 BEST Curncy
13609,2021-12-09,US_HY,5Y,311.2684,37,CDXHY537 BEST Curncy
13610,2021-12-09,US_HY,7Y,343.946,37,CDXHY737 BEST Curncy
13611,2021-12-09,US_HY,10Y,353.384,37,CDXHY037 BEST Curncy
13622,2021-12-10,US_HY,7Y,342.176,37,CDXHY737 BEST Curncy
13621,2021-12-10,US_HY,5Y,307.1604,37,CDXHY537 BEST Curncy
13623,2021-12-10,US_HY,10Y,351.644,37,CDXHY037 BEST Curncy
13619,2021-12-10,US_IG,5Y,53.685,37,CDXIG537 Curncy
13620,2021-12-10,US_HY,3Y,235.801,37,CDXHY337 BEST Curncy
13631,2021-12-13,US_IG,5Y,52.85,37,CDXIG537 Curncy
13632,2021-12-13,US_HY,3Y,235.242,37,CDXHY337 BEST Curncy
13633,2021-12-13,US_HY,5Y,307.1779,37,CDXHY537 BEST Curncy
13634,2021-12-13,US_HY,7Y,343.379,37,CDXHY737 BEST Curncy
13635,2021-12-13,US_HY,10Y,352.698,37,CDXHY037 BEST Curncy
13647,2021-12-14,US_HY,10Y,357.545,37,CDXHY037 BEST Curncy
13645,2021-12-14,US_HY,5Y,312.3746,37,CDXHY537 BEST Curncy
13646,2021-12-14,US_HY,7Y,348.59,37,CDXHY737 BEST Curncy
13643,2021-12-14,US_IG,5Y,54.365,37,CDXIG537 Curncy
13644,2021-12-14,US_HY,3Y,235.132,37,CDXHY337 BEST Curncy
13655,2021-12-15,US_IG,5Y,53.105,37,CDXIG537 Curncy
13656,2021-12-15,US_HY,3Y,234.84,37,CDXHY337 BEST Curncy
13657,2021-12-15,US_HY,5Y,309.4354,37,CDXHY537 BEST Curncy
13658,2021-12-15,US_HY,7Y,348.263,37,CDXHY737 BEST Curncy
13659,2021-12-15,US_HY,10Y,357.377,37,CDXHY037 BEST Curncy
13670,2021-12-16,US_HY,7Y,340.173,37,CDXHY737 BEST Curncy
13669,2021-12-16,US_HY,5Y,307.9124,37,CDXHY537 BEST Curncy
13671,2021-12-16,US_HY,10Y,349.549,37,CDXHY037 BEST Curncy
13667,2021-12-16,US_IG,5Y,51.765,37,CDXIG537 Curncy
13668,2021-12-16,US_HY,3Y,234.649,37,CDXHY337 BEST Curncy
13683,2021-12-17,US_HY,10Y,355.54,37,CDXHY037 BEST Curncy
13682,2021-12-17,US_HY,7Y,346.515,37,CDXHY737 BEST Curncy
13679,2021-12-17,US_IG,5Y,52.995,37,CDXIG537 Curncy
13680,2021-12-17,US_HY,3Y,234.558,37,CDXHY337 BEST Curncy
13681,2021-12-17,US_HY,5Y,309.0989,37,CDXHY537 BEST Curncy
13694,2021-12-20,US_HY,7Y,351.57,37,CDXHY737 BEST Curncy
13693,2021-12-20,US_HY,5Y,313.8888,37,CDXHY537 BEST Curncy
13695,2021-12-20,US_HY,10Y,361.294,37,CDXHY037 BEST Curncy
13691,2021-12-20,US_IG,5Y,53.875,37,CDXIG537 Curncy
13692,2021-12-20,US_HY,3Y,233.827,37,CDXHY337 BEST Curncy
13703,2021-12-21,US_IG,5Y,52.4,37,CDXIG537 Curncy
13704,2021-12-21,US_HY,3Y,233.645,37,CDXHY337 BEST Curncy
13706,2021-12-21,US_HY,7Y,338.589,37,CDXHY737 BEST Curncy
13707,2021-12-21,US_HY,10Y,349.0,37,CDXHY037 BEST Curncy
13705,2021-12-21,US_HY,5Y,303.234,37,CDXHY537 BEST Curncy
13715,2021-12-22,US_IG,5Y,51.835,37,CDXIG537 Curncy
13716,2021-12-22,US_HY,3Y,233.283,37,CDXHY337 BEST Curncy
13717,2021-12-22,US_HY,5Y,298.072,37,CDXHY537 BEST Curncy
13718,2021-12-22,US_HY,7Y,333.612,37,CDXHY737 BEST Curncy
13719,2021-12-22,US_HY,10Y,344.265,37,CDXHY037 BEST Curncy
13730,2021-12-23,US_HY,7Y,327.165,37,CDXHY737 BEST Curncy
13731,2021-12-23,US_HY,10Y,338.121,37,CDXHY037 BEST Curncy
13729,2021-12-23,US_HY,5Y,292.2861,37,CDXHY537 BEST Curncy
13727,2021-12-23,US_IG,5Y,50.335,37,CDXIG537 Curncy
13728,2021-12-23,US_HY,3Y,233.063,37,CDXHY337 BEST Curncy
13738,2021-12-24,US_IG,5Y,50.02,37,CDXIG537 Curncy
13739,2021-12-24,US_HY,3Y,232.748,37,CDXHY337 BEST Curncy
13740,2021-12-24,US_HY,5Y,292.2917,37,CDXHY537 BEST Curncy
13741,2021-12-24,US_HY,7Y,327.14,37,CDXHY737 BEST Curncy
13742,2021-12-24,US_HY,10Y,338.136,37,CDXHY037 BEST Curncy
13749,2021-12-27,US_HY,10Y,333.949,37,CDXHY037 BEST Curncy
13748,2021-12-27,US_HY,7Y,322.982,37,CDXHY737 BEST Curncy
13747,2021-12-27,US_HY,5Y,289.05,37,CDXHY537 BEST Curncy
13746,2021-12-27,US_HY,3Y,232.077,37,CDXHY337 BEST Curncy
13745,2021-12-27,US_IG,5Y,49.725,37,CDXIG537 Curncy
13752,2021-12-28,US_IG,5Y,49.21,37,CDXIG537 Curncy
13753,2021-12-28,US_HY,3Y,231.806,37,CDXHY337 BEST Curncy
13754,2021-12-28,US_HY,5Y,293.967,37,CDXHY537 BEST Curncy
13755,2021-12-28,US_HY,7Y,327.215,37,CDXHY737 BEST Curncy
13756,2021-12-28,US_HY,10Y,338.137,37,CDXHY037 BEST Curncy
13767,2021-12-29,US_HY,7Y,328.636,37,CDXHY737 BEST Curncy
13766,2021-12-29,US_HY,5Y,292.4206,37,CDXHY537 BEST Curncy
13768,2021-12-29,US_HY,10Y,339.702,37,CDXHY037 BEST Curncy
13764,2021-12-29,US_IG,5Y,50.055,37,CDXIG537 Curncy
13765,2021-12-29,US_HY,3Y,231.6,37,CDXHY337 BEST Curncy
13776,2021-12-30,US_IG,5Y,49.41,37,CDXIG537 Curncy
13777,2021-12-30,US_HY,3Y,231.384,37,CDXHY337 BEST Curncy
13778,2021-12-30,US_HY,5Y,293.3164,37,CDXHY537 BEST Curncy
13779,2021-12-30,US_HY,7Y,327.309,37,CDXHY737 BEST Curncy
13780,2021-12-30,US_HY,10Y,338.309,37,CDXHY037 BEST Curncy
13791,2021-12-31,US_HY,7Y,327.857,37,CDXHY737 BEST Curncy
13790,2021-12-31,US_HY,5Y,293.1022,37,CDXHY537 BEST Curncy
13792,2021-12-31,US_HY,10Y,338.823,37,CDXHY037 BEST Curncy
13788,2021-12-31,US_IG,5Y,49.34,37,CDXIG537 Curncy
13789,2021-12-31,US_HY,3Y,231.222,37,CDXHY337 BEST Curncy
13795,2022-01-03,US_IG,5Y,49.575,37,CDXIG537 Curncy
13796,2022-01-03,US_HY,3Y,230.542,37,CDXHY337 BEST Curncy
13797,2022-01-03,US_HY,5Y,293.4538,37,CDXHY537 BEST Curncy
13798,2022-01-03,US_HY,7Y,328.508,37,CDXHY737 BEST Curncy
13799,2022-01-03,US_HY,10Y,338.605,37,CDXHY037 BEST Curncy
13807,2022-01-04,US_IG,5Y,49.085,37,CDXIG537 Curncy
13808,2022-01-04,US_HY,3Y,230.16,37,CDXHY337 BEST Curncy
13809,2022-01-04,US_HY,5Y,294.7371,37,CDXHY537 BEST Curncy
13810,2022-01-04,US_HY,7Y,326.227,37,CDXHY737 BEST Curncy
13811,2022-01-04,US_HY,10Y,336.684,37,CDXHY037 BEST Curncy
13823,2022-01-05,US_HY,10Y,339.52,37,CDXHY037 BEST Curncy
13822,2022-01-05,US_HY,7Y,329.789,37,CDXHY737 BEST Curncy
13820,2022-01-05,US_HY,3Y,229.997,37,CDXHY337 BEST Curncy
13821,2022-01-05,US_HY,5Y,303.2287,37,CDXHY537 BEST Curncy
13819,2022-01-05,US_IG,5Y,50.175,37,CDXIG537 Curncy
13831,2022-01-06,US_IG,5Y,51.765,37,CDXIG537 Curncy
13832,2022-01-06,US_HY,3Y,229.584,37,CDXHY337 BEST Curncy
13833,2022-01-06,US_HY,5Y,302.6648,37,CDXHY537 BEST Curncy
13834,2022-01-06,US_HY,7Y,337.39,37,CDXHY737 BEST Curncy
13835,2022-01-06,US_HY,10Y,347.09,37,CDXHY037 BEST Curncy
13847,2022-01-07,US_HY,10Y,351.735,37,CDXHY037 BEST Curncy
13846,2022-01-07,US_HY,7Y,342.327,37,CDXHY737 BEST Curncy
13845,2022-01-07,US_HY,5Y,307.9266,37,CDXHY537 BEST Curncy
13844,2022-01-07,US_HY,3Y,229.164,37,CDXHY337 BEST Curncy
13843,2022-01-07,US_IG,5Y,52.49,37,CDXIG537 Curncy
13855,2022-01-10,US_IG,5Y,53.66,37,CDXIG537 Curncy
13856,2022-01-10,US_HY,3Y,228.458,37,CDXHY337 BEST Curncy
13857,2022-01-10,US_HY,5Y,309.5125,37,CDXHY537 BEST Curncy
13858,2022-01-10,US_HY,7Y,348.969,37,CDXHY737 BEST Curncy
13859,2022-01-10,US_HY,10Y,358.297,37,CDXHY037 BEST Curncy
13871,2022-01-11,US_HY,10Y,346.091,37,CDXHY037 BEST Curncy
13870,2022-01-11,US_HY,7Y,337.28,37,CDXHY737 BEST Curncy
13869,2022-01-11,US_HY,5Y,301.0959,37,CDXHY537 BEST Curncy
13868,2022-01-11,US_HY,3Y,228.101,37,CDXHY337 BEST Curncy
13867,2022-01-11,US_IG,5Y,52.99,37,CDXIG537 Curncy
13879,2022-01-12,US_IG,5Y,51.06,37,CDXIG537 Curncy
13880,2022-01-12,US_HY,3Y,227.904,37,CDXHY337 BEST Curncy
13881,2022-01-12,US_HY,5Y,299.3654,37,CDXHY537 BEST Curncy
13882,2022-01-12,US_HY,7Y,335.214,37,CDXHY737 BEST Curncy
13883,2022-01-12,US_HY,10Y,344.368,37,CDXHY037 BEST Curncy
13891,2022-01-13,US_IG,5Y,51.66,37,CDXIG537 Curncy
13892,2022-01-13,US_HY,3Y,227.68,37,CDXHY337 BEST Curncy
13893,2022-01-13,US_HY,5Y,305.5317,37,CDXHY537 BEST Curncy
13894,2022-01-13,US_HY,7Y,340.618,37,CDXHY737 BEST Curncy
13895,2022-01-13,US_HY,10Y,349.726,37,CDXHY037 BEST Curncy
13903,2022-01-14,US_IG,5Y,53.395,37,CDXIG537 Curncy
13904,2022-01-14,US_HY,3Y,227.488,37,CDXHY337 BEST Curncy
13905,2022-01-14,US_HY,5Y,308.9845,37,CDXHY537 BEST Curncy
13906,2022-01-14,US_HY,7Y,344.964,37,CDXHY737 BEST Curncy
13907,2022-01-14,US_HY,10Y,354.346,37,CDXHY037 BEST Curncy
13919,2022-01-17,US_HY,10Y,354.014,37,CDXHY037 BEST Curncy
13917,2022-01-17,US_HY,5Y,306.8722,37,CDXHY537 BEST Curncy
13918,2022-01-17,US_HY,7Y,344.104,37,CDXHY737 BEST Curncy
13916,2022-01-17,US_HY,3Y,226.546,37,CDXHY337 BEST Curncy
13915,2022-01-17,US_IG,5Y,53.475,37,CDXIG537 Curncy
13927,2022-01-18,US_IG,5Y,54.82,37,CDXIG537 Curncy
13928,2022-01-18,US_HY,3Y,226.29,37,CDXHY337 BEST Curncy
13929,2022-01-18,US_HY,5Y,313.9418,37,CDXHY537 BEST Curncy
13930,2022-01-18,US_HY,7Y,350.352,37,CDXHY737 BEST Curncy
13931,2022-01-18,US_HY,10Y,359.508,37,CDXHY037 BEST Curncy
13943,2022-01-19,US_HY,10Y,357.549,37,CDXHY037 BEST Curncy
13942,2022-01-19,US_HY,7Y,348.21,37,CDXHY737 BEST Curncy
13941,2022-01-19,US_HY,5Y,313.2641,37,CDXHY537 BEST Curncy
13940,2022-01-19,US_HY,3Y,225.79,37,CDXHY337 BEST Curncy
13939,2022-01-19,US_IG,5Y,54.315,37,CDXIG537 Curncy
13951,2022-01-20,US_IG,5Y,55.2,37,CDXIG537 Curncy
13952,2022-01-20,US_HY,3Y,225.625,37,CDXHY337 BEST Curncy
13953,2022-01-20,US_HY,5Y,319.6367,37,CDXHY537 BEST Curncy
13954,2022-01-20,US_HY,7Y,349.973,37,CDXHY737 BEST Curncy
13955,2022-01-20,US_HY,10Y,359.476,37,CDXHY037 BEST Curncy
13967,2022-01-21,US_HY,10Y,368.685,37,CDXHY037 BEST Curncy
13966,2022-01-21,US_HY,7Y,359.852,37,CDXHY737 BEST Curncy
13964,2022-01-21,US_HY,3Y,225.387,37,CDXHY337 BEST Curncy
13963,2022-01-21,US_IG,5Y,57.54,37,CDXIG537 Curncy
13965,2022-01-21,US_HY,5Y,327.0399,37,CDXHY537 BEST Curncy
13975,2022-01-24,US_IG,5Y,60.075,37,CDXIG537 Curncy
13976,2022-01-24,US_HY,3Y,224.853,37,CDXHY337 BEST Curncy
13977,2022-01-24,US_HY,5Y,332.5143,37,CDXHY537 BEST Curncy
13978,2022-01-24,US_HY,7Y,378.77,37,CDXHY737 BEST Curncy
13979,2022-01-24,US_HY,10Y,386.732,37,CDXHY037 BEST Curncy
13988,2022-01-25,US_HY,3Y,224.729,37,CDXHY337 BEST Curncy
13987,2022-01-25,US_IG,5Y,59.69,37,CDXIG537 Curncy
13989,2022-01-25,US_HY,5Y,326.7843,37,CDXHY537 BEST Curncy
13990,2022-01-25,US_HY,7Y,368.576,37,CDXHY737 BEST Curncy
13991,2022-01-25,US_HY,10Y,376.871,37,CDXHY037 BEST Curncy
14002,2022-01-26,US_HY,7Y,359.009,37,CDXHY737 BEST Curncy
14001,2022-01-26,US_HY,5Y,332.3605,37,CDXHY537 BEST Curncy
14003,2022-01-26,US_HY,10Y,368.304,37,CDXHY037 BEST Curncy
13999,2022-01-26,US_IG,5Y,57.5,37,CDXIG537 Curncy
14000,2022-01-26,US_HY,3Y,224.407,37,CDXHY337 BEST Curncy
14013,2022-01-27,US_HY,5Y,347.3134,37,CDXHY537 BEST Curncy
14014,2022-01-27,US_HY,7Y,375.709,37,CDXHY737 BEST Curncy
14011,2022-01-27,US_IG,5Y,59.665,37,CDXIG537 Curncy
14012,2022-01-27,US_HY,3Y,223.859,37,CDXHY337 BEST Curncy
14015,2022-01-27,US_HY,10Y,384.08,37,CDXHY037 BEST Curncy
14027,2022-01-28,US_HY,10Y,391.388,37,CDXHY037 BEST Curncy
14026,2022-01-28,US_HY,7Y,383.586,37,CDXHY737 BEST Curncy
14025,2022-01-28,US_HY,5Y,350.9767,37,CDXHY537 BEST Curncy
14024,2022-01-28,US_HY,3Y,223.408,37,CDXHY337 BEST Curncy
14023,2022-01-28,US_IG,5Y,64.32,37,CDXIG537 Curncy
14035,2022-01-31,US_IG,5Y,61.81,37,CDXIG537 Curncy
14036,2022-01-31,US_HY,3Y,222.754,37,CDXHY337 BEST Curncy
14037,2022-01-31,US_HY,5Y,341.6575,37,CDXHY537 BEST Curncy
14038,2022-01-31,US_HY,7Y,380.485,37,CDXHY737 BEST Curncy
14039,2022-01-31,US_HY,10Y,388.948,37,CDXHY037 BEST Curncy
14051,2022-02-01,US_HY,10Y,383.551,37,CDXHY037 BEST Curncy
14050,2022-02-01,US_HY,7Y,374.096,37,CDXHY737 BEST Curncy
14049,2022-02-01,US_HY,5Y,334.4286,37,CDXHY537 BEST Curncy
14048,2022-02-01,US_HY,3Y,222.484,37,CDXHY337 BEST Curncy
14047,2022-02-01,US_IG,5Y,59.18,37,CDXIG537 Curncy
14059,2022-02-02,US_IG,5Y,58.45,37,CDXIG537 Curncy
14060,2022-02-02,US_HY,3Y,222.289,37,CDXHY337 BEST Curncy
14061,2022-02-02,US_HY,5Y,329.701,37,CDXHY537 BEST Curncy
14062,2022-02-02,US_HY,7Y,369.948,37,CDXHY737 BEST Curncy
14063,2022-02-02,US_HY,10Y,379.199,37,CDXHY037 BEST Curncy
14075,2022-02-03,US_HY,10Y,396.74,37,CDXHY037 BEST Curncy
14074,2022-02-03,US_HY,7Y,388.567,37,CDXHY737 BEST Curncy
14073,2022-02-03,US_HY,5Y,350.5232,37,CDXHY537 BEST Curncy
14072,2022-02-03,US_HY,3Y,222.135,37,CDXHY337 BEST Curncy
14071,2022-02-03,US_IG,5Y,62.465,37,CDXIG537 Curncy
14083,2022-02-04,US_IG,5Y,65.585,37,CDXIG537 Curncy
14084,2022-02-04,US_HY,3Y,221.745,37,CDXHY337 BEST Curncy
14085,2022-02-04,US_HY,5Y,353.2327,37,CDXHY537 BEST Curncy
14086,2022-02-04,US_HY,7Y,398.658,37,CDXHY737 BEST Curncy
14087,2022-02-04,US_HY,10Y,406.4,37,CDXHY037 BEST Curncy
14099,2022-02-07,US_HY,10Y,406.317,37,CDXHY037 BEST Curncy
14098,2022-02-07,US_HY,7Y,398.375,37,CDXHY737 BEST Curncy
14097,2022-02-07,US_HY,5Y,353.0778,37,CDXHY537 BEST Curncy
14096,2022-02-07,US_HY,3Y,220.577,37,CDXHY337 BEST Curncy
14095,2022-02-07,US_IG,5Y,63.625,37,CDXIG537 Curncy
14107,2022-02-08,US_IG,5Y,62.835,37,CDXIG537 Curncy
14108,2022-02-08,US_HY,3Y,220.293,37,CDXHY337 BEST Curncy
14109,2022-02-08,US_HY,5Y,350.0533,37,CDXHY537 BEST Curncy
14110,2022-02-08,US_HY,7Y,384.177,37,CDXHY737 BEST Curncy
14111,2022-02-08,US_HY,10Y,392.637,37,CDXHY037 BEST Curncy
14122,2022-02-09,US_HY,7Y,381.899,37,CDXHY737 BEST Curncy
14121,2022-02-09,US_HY,5Y,342.3652,37,CDXHY537 BEST Curncy
14123,2022-02-09,US_HY,10Y,390.829,37,CDXHY037 BEST Curncy
14119,2022-02-09,US_IG,5Y,61.29,37,CDXIG537 Curncy
14120,2022-02-09,US_HY,3Y,219.914,37,CDXHY337 BEST Curncy
14131,2022-02-10,US_IG,5Y,63.89,37,CDXIG537 Curncy
14132,2022-02-10,US_HY,3Y,219.648,37,CDXHY337 BEST Curncy
14133,2022-02-10,US_HY,5Y,356.5743,37,CDXHY537 BEST Curncy
14134,2022-02-10,US_HY,7Y,388.486,37,CDXHY737 BEST Curncy
14135,2022-02-10,US_HY,10Y,397.242,37,CDXHY037 BEST Curncy
14147,2022-02-11,US_HY,10Y,409.349,37,CDXHY037 BEST Curncy
14146,2022-02-11,US_HY,7Y,401.474,37,CDXHY737 BEST Curncy
14145,2022-02-11,US_HY,5Y,375.2485,37,CDXHY537 BEST Curncy
14144,2022-02-11,US_HY,3Y,218.6,37,CDXHY337 BEST Curncy
14143,2022-02-11,US_IG,5Y,64.86,37,CDXIG537 Curncy
14155,2022-02-14,US_IG,5Y,67.385,37,CDXIG537 Curncy
14156,2022-02-14,US_HY,3Y,218.086,37,CDXHY337 BEST Curncy
14157,2022-02-14,US_HY,5Y,371.4522,37,CDXHY537 BEST Curncy
14158,2022-02-14,US_HY,7Y,407.812,37,CDXHY737 BEST Curncy
14159,2022-02-14,US_HY,10Y,414.829,37,CDXHY037 BEST Curncy
14170,2022-02-15,US_HY,7Y,402.36,37,CDXHY737 BEST Curncy
14169,2022-02-15,US_HY,5Y,361.6655,37,CDXHY537 BEST Curncy
14171,2022-02-15,US_HY,10Y,410.125,37,CDXHY037 BEST Curncy
14167,2022-02-15,US_IG,5Y,65.515,37,CDXIG537 Curncy
14168,2022-02-15,US_HY,3Y,217.596,37,CDXHY337 BEST Curncy
14179,2022-02-16,US_IG,5Y,66.165,37,CDXIG537 Curncy
14180,2022-02-16,US_HY,3Y,217.382,37,CDXHY337 BEST Curncy
14181,2022-02-16,US_HY,5Y,356.0758,37,CDXHY537 BEST Curncy
14182,2022-02-16,US_HY,7Y,402.477,37,CDXHY737 BEST Curncy
14183,2022-02-16,US_HY,10Y,410.707,37,CDXHY037 BEST Curncy
14194,2022-02-17,US_HY,7Y,404.194,37,CDXHY737 BEST Curncy
14193,2022-02-17,US_HY,5Y,367.4792,37,CDXHY537 BEST Curncy
14195,2022-02-17,US_HY,10Y,412.621,37,CDXHY037 BEST Curncy
14191,2022-02-17,US_IG,5Y,66.08,37,CDXIG537 Curncy
14192,2022-02-17,US_HY,3Y,217.365,37,CDXHY337 BEST Curncy
14203,2022-02-18,US_IG,5Y,68.64,37,CDXIG537 Curncy
14204,2022-02-18,US_HY,3Y,217.233,37,CDXHY337 BEST Curncy
14205,2022-02-18,US_HY,5Y,370.5561,37,CDXHY537 BEST Curncy
14206,2022-02-18,US_HY,7Y,412.186,37,CDXHY737 BEST Curncy
14207,2022-02-18,US_HY,10Y,419.964,37,CDXHY037 BEST Curncy
14215,2022-02-21,US_IG,5Y,68.9,37,CDXIG537 Curncy
14216,2022-02-21,US_HY,3Y,216.526,37,CDXHY337 BEST Curncy
14217,2022-02-21,US_HY,5Y,370.4341,37,CDXHY537 BEST Curncy
14218,2022-02-21,US_HY,7Y,410.018,37,CDXHY737 BEST Curncy
14219,2022-02-21,US_HY,10Y,418.082,37,CDXHY037 BEST Curncy
14230,2022-02-22,US_HY,7Y,408.027,37,CDXHY737 BEST Curncy
14229,2022-02-22,US_HY,5Y,372.0074,37,CDXHY537 BEST Curncy
14231,2022-02-22,US_HY,10Y,415.731,37,CDXHY037 BEST Curncy
14227,2022-02-22,US_IG,5Y,69.01,37,CDXIG537 Curncy
14228,2022-02-22,US_HY,3Y,216.311,37,CDXHY337 BEST Curncy
14241,2022-02-23,US_HY,5Y,377.8845,37,CDXHY537 BEST Curncy
14242,2022-02-23,US_HY,7Y,411.86,37,CDXHY737 BEST Curncy
14239,2022-02-23,US_IG,5Y,67.96,37,CDXIG537 Curncy
14240,2022-02-23,US_HY,3Y,215.869,37,CDXHY337 BEST Curncy
14243,2022-02-23,US_HY,10Y,419.646,37,CDXHY037 BEST Curncy
14254,2022-02-24,US_HY,7Y,426.91,37,CDXHY737 BEST Curncy
14253,2022-02-24,US_HY,5Y,373.9643,37,CDXHY537 BEST Curncy
14255,2022-02-24,US_HY,10Y,433.13,37,CDXHY037 BEST Curncy
14251,2022-02-24,US_IG,5Y,73.16,37,CDXIG537 Curncy
14252,2022-02-24,US_HY,3Y,215.482,37,CDXHY337 BEST Curncy
14263,2022-02-25,US_IG,5Y,66.115,37,CDXIG537 Curncy
14264,2022-02-25,US_HY,3Y,215.359,37,CDXHY337 BEST Curncy
14265,2022-02-25,US_HY,5Y,359.8363,37,CDXHY537 BEST Curncy
14266,2022-02-25,US_HY,7Y,391.968,37,CDXHY737 BEST Curncy
14267,2022-02-25,US_HY,10Y,401.453,37,CDXHY037 BEST Curncy
14279,2022-02-28,US_HY,10Y,406.148,37,CDXHY037 BEST Curncy
14278,2022-02-28,US_HY,7Y,397.36,37,CDXHY737 BEST Curncy
14277,2022-02-28,US_HY,5Y,363.1059,37,CDXHY537 BEST Curncy
14276,2022-02-28,US_HY,3Y,214.601,37,CDXHY337 BEST Curncy
14275,2022-02-28,US_IG,5Y,68.215,37,CDXIG537 Curncy
14287,2022-03-01,US_IG,5Y,68.125,37,CDXIG537 Curncy
14288,2022-03-01,US_HY,3Y,214.687,37,CDXHY337 BEST Curncy
14289,2022-03-01,US_HY,5Y,380.8123,37,CDXHY537 BEST Curncy
14290,2022-03-01,US_HY,7Y,417.329,37,CDXHY737 BEST Curncy
14291,2022-03-01,US_HY,10Y,424.808,37,CDXHY037 BEST Curncy
14302,2022-03-02,US_HY,7Y,406.447,37,CDXHY737 BEST Curncy
14301,2022-03-02,US_HY,5Y,369.7833,37,CDXHY537 BEST Curncy
14303,2022-03-02,US_HY,10Y,414.701,37,CDXHY037 BEST Curncy
14299,2022-03-02,US_IG,5Y,71.64,37,CDXIG537 Curncy
14300,2022-03-02,US_HY,3Y,215.043,37,CDXHY337 BEST Curncy
14311,2022-03-03,US_IG,5Y,69.45,37,CDXIG537 Curncy
14312,2022-03-03,US_HY,3Y,214.176,37,CDXHY337 BEST Curncy
14313,2022-03-03,US_HY,5Y,373.3917,37,CDXHY537 BEST Curncy
14314,2022-03-03,US_HY,7Y,410.369,37,CDXHY737 BEST Curncy
14315,2022-03-03,US_HY,10Y,418.291,37,CDXHY037 BEST Curncy
14326,2022-03-04,US_HY,7Y,426.129,37,CDXHY737 BEST Curncy
14325,2022-03-04,US_HY,5Y,394.5067,37,CDXHY537 BEST Curncy
14327,2022-03-04,US_HY,10Y,432.854,37,CDXHY037 BEST Curncy
14323,2022-03-04,US_IG,5Y,73.65,37,CDXIG537 Curncy
14324,2022-03-04,US_HY,3Y,213.842,37,CDXHY337 BEST Curncy
14335,2022-03-07,US_IG,5Y,73.675,37,CDXIG537 Curncy
14336,2022-03-07,US_HY,3Y,213.136,37,CDXHY337 BEST Curncy
14337,2022-03-07,US_HY,5Y,405.4168,37,CDXHY537 BEST Curncy
14338,2022-03-07,US_HY,7Y,436.827,37,CDXHY737 BEST Curncy
14339,2022-03-07,US_HY,10Y,442.923,37,CDXHY037 BEST Curncy
14347,2022-03-08,US_IG,5Y,76.335,37,CDXIG537 Curncy
14348,2022-03-08,US_HY,3Y,212.691,37,CDXHY337 BEST Curncy
14349,2022-03-08,US_HY,5Y,396.6902,37,CDXHY537 BEST Curncy
14350,2022-03-08,US_HY,7Y,436.705,37,CDXHY737 BEST Curncy
14351,2022-03-08,US_HY,10Y,442.367,37,CDXHY037 BEST Curncy
14363,2022-03-09,US_HY,10Y,427.478,37,CDXHY037 BEST Curncy
14362,2022-03-09,US_HY,7Y,420.579,37,CDXHY737 BEST Curncy
14359,2022-03-09,US_IG,5Y,72.8,37,CDXIG537 Curncy
14360,2022-03-09,US_HY,3Y,334.348,37,CDXHY337 BEST Curncy
14361,2022-03-09,US_HY,5Y,382.4451,37,CDXHY537 BEST Curncy
14371,2022-03-10,US_IG,5Y,74.175,37,CDXIG537 Curncy
14372,2022-03-10,US_HY,3Y,334.095,37,CDXHY337 BEST Curncy
14373,2022-03-10,US_HY,5Y,387.2149,37,CDXHY537 BEST Curncy
14374,2022-03-10,US_HY,7Y,425.52,37,CDXHY737 BEST Curncy
14375,2022-03-10,US_HY,10Y,431.625,37,CDXHY037 BEST Curncy
14387,2022-03-11,US_HY,10Y,436.269,37,CDXHY037 BEST Curncy
14386,2022-03-11,US_HY,7Y,429.968,37,CDXHY737 BEST Curncy
14385,2022-03-11,US_HY,5Y,399.1898,37,CDXHY537 BEST Curncy
14383,2022-03-11,US_IG,5Y,72.88,37,CDXIG537 Curncy
14384,2022-03-11,US_HY,3Y,333.839,37,CDXHY337 BEST Curncy
14395,2022-03-14,US_IG,5Y,74.22,37,CDXIG537 Curncy
14396,2022-03-14,US_HY,3Y,333.295,37,CDXHY337 BEST Curncy
14397,2022-03-14,US_HY,5Y,409.3081,37,CDXHY537 BEST Curncy
14398,2022-03-14,US_HY,7Y,436.864,37,CDXHY737 BEST Curncy
14399,2022-03-14,US_HY,10Y,442.021,37,CDXHY037 BEST Curncy
14411,2022-03-15,US_HY,10Y,435.163,37,CDXHY037 BEST Curncy
14409,2022-03-15,US_HY,5Y,398.1961,37,CDXHY537 BEST Curncy
14410,2022-03-15,US_HY,7Y,429.077,37,CDXHY737 BEST Curncy
14407,2022-03-15,US_IG,5Y,73.75,37,CDXIG537 Curncy
14408,2022-03-15,US_HY,3Y,333.151,37,CDXHY337 BEST Curncy
14419,2022-03-16,US_IG,5Y,68.555,37,CDXIG537 Curncy
14420,2022-03-16,US_HY,3Y,332.715,37,CDXHY337 BEST Curncy
14421,2022-03-16,US_HY,5Y,381.7804,37,CDXHY537 BEST Curncy
14422,2022-03-16,US_HY,7Y,405.806,37,CDXHY737 BEST Curncy
14423,2022-03-16,US_HY,10Y,412.866,37,CDXHY037 BEST Curncy
14435,2022-03-17,US_HY,10Y,402.321,37,CDXHY037 BEST Curncy
14433,2022-03-17,US_HY,5Y,358.1355,37,CDXHY537 BEST Curncy
14434,2022-03-17,US_HY,7Y,394.061,37,CDXHY737 BEST Curncy
14431,2022-03-17,US_IG,5Y,66.22,37,CDXIG537 Curncy
14432,2022-03-17,US_HY,3Y,332.445,37,CDXHY337 BEST Curncy
14443,2022-03-18,US_IG,5Y,66.165,37,CDXIG537 Curncy
14444,2022-03-18,US_HY,3Y,332.223,37,CDXHY337 BEST Curncy
14445,2022-03-18,US_HY,5Y,358.9278,37,CDXHY537 BEST Curncy
14446,2022-03-18,US_HY,7Y,396.48,37,CDXHY737 BEST Curncy
14447,2022-03-18,US_HY,10Y,404.55,37,CDXHY037 BEST Curncy
14455,2022-03-21,US_IG,5Y,72.031,38,CDXIG538 Curncy
14463,2022-03-22,US_IG,5Y,69.739,38,CDXIG538 Curncy
14471,2022-03-23,US_IG,5Y,71.634,38,CDXIG538 Curncy
14479,2022-03-24,US_IG,5Y,70.896,38,CDXIG538 Curncy
14487,2022-03-25,US_IG,5Y,71.881,38,CDXIG538 Curncy
14495,2022-03-28,US_IG,5Y,70.595,38,CDXIG538 Curncy
14496,2022-03-28,US_HY,5Y,387.1342,38,CDXHY538 BEST Curncy
14504,2022-03-29,US_IG,5Y,66.594,38,CDXIG538 Curncy
14505,2022-03-29,US_HY,5Y,364.6063,38,CDXHY538 BEST Curncy
14513,2022-03-30,US_IG,5Y,66.395,38,CDXIG538 Curncy
14514,2022-03-30,US_HY,5Y,373.2945,38,CDXHY538 BEST Curncy
14522,2022-03-31,US_IG,5Y,67.101,38,CDXIG538 Curncy
14523,2022-03-31,US_HY,5Y,371.8617,38,CDXHY538 BEST Curncy
14532,2022-04-01,US_HY,5Y,376.2207,38,CDXHY538 BEST Curncy
14531,2022-04-01,US_IG,5Y,66.631,38,CDXIG538 Curncy
14540,2022-04-04,US_IG,5Y,64.083,38,CDXIG538 Curncy
14541,2022-04-04,US_HY,5Y,363.5197,38,CDXHY538 BEST Curncy
14542,2022-04-04,US_HY,7Y,398.721,38,CDXHY738 BEST Curncy
14543,2022-04-04,US_HY,10Y,412.166,38,CDXHY038 BEST Curncy
14554,2022-04-05,US_HY,10Y,420.387,38,CDXHY038 BEST Curncy
14551,2022-04-05,US_IG,5Y,65.893,38,CDXIG538 Curncy
14552,2022-04-05,US_HY,5Y,375.238,38,CDXHY538 BEST Curncy
14553,2022-04-05,US_HY,7Y,406.925,38,CDXHY738 BEST Curncy
14564,2022-04-06,US_HY,7Y,420.706,38,CDXHY738 BEST Curncy
14565,2022-04-06,US_HY,10Y,432.479,38,CDXHY038 BEST Curncy
14562,2022-04-06,US_IG,5Y,67.313,38,CDXIG538 Curncy
14563,2022-04-06,US_HY,5Y,383.0294,38,CDXHY538 BEST Curncy
14573,2022-04-07,US_IG,5Y,68.057,38,CDXIG538 Curncy
14574,2022-04-07,US_HY,5Y,385.4857,38,CDXHY538 BEST Curncy
14575,2022-04-07,US_HY,7Y,424.085,38,CDXHY738 BEST Curncy
14576,2022-04-07,US_HY,10Y,436.253,38,CDXHY038 BEST Curncy
14584,2022-04-08,US_IG,5Y,70.237,38,CDXIG538 Curncy
14585,2022-04-08,US_HY,5Y,398.7415,38,CDXHY538 BEST Curncy
14586,2022-04-08,US_HY,7Y,430.855,38,CDXHY738 BEST Curncy
14587,2022-04-08,US_HY,10Y,442.15,38,CDXHY038 BEST Curncy
14598,2022-04-11,US_HY,10Y,454.391,38,CDXHY038 BEST Curncy
14597,2022-04-11,US_HY,7Y,443.599,38,CDXHY738 BEST Curncy
14596,2022-04-11,US_HY,5Y,408.1679,38,CDXHY538 BEST Curncy
14595,2022-04-11,US_IG,5Y,72.504,38,CDXIG538 Curncy
14606,2022-04-12,US_IG,5Y,72.793,38,CDXIG538 Curncy
14607,2022-04-12,US_HY,5Y,409.9301,38,CDXHY538 BEST Curncy
14608,2022-04-12,US_HY,7Y,433.772,38,CDXHY738 BEST Curncy
14609,2022-04-12,US_HY,10Y,445.227,38,CDXHY038 BEST Curncy
14617,2022-04-13,US_IG,5Y,71.71,38,CDXIG538 Curncy
14618,2022-04-13,US_HY,5Y,404.9434,38,CDXHY538 BEST Curncy
14619,2022-04-13,US_HY,7Y,439.394,38,CDXHY738 BEST Curncy
14620,2022-04-13,US_HY,10Y,449.595,38,CDXHY038 BEST Curncy
14631,2022-04-14,US_HY,10Y,449.187,38,CDXHY038 BEST Curncy
14630,2022-04-14,US_HY,7Y,438.323,38,CDXHY738 BEST Curncy
14629,2022-04-14,US_HY,5Y,407.6548,38,CDXHY538 BEST Curncy
14628,2022-04-14,US_IG,5Y,72.621,38,CDXIG538 Curncy
14636,2022-04-15,US_IG,5Y,72.733,38,CDXIG538 Curncy
14637,2022-04-15,US_HY,5Y,406.4857,38,CDXHY538 BEST Curncy
14638,2022-04-15,US_HY,7Y,440.625,38,CDXHY738 BEST Curncy
14639,2022-04-15,US_HY,10Y,451.815,38,CDXHY038 BEST Curncy
14644,2022-04-18,US_HY,7Y,445.655,38,CDXHY738 BEST Curncy
14645,2022-04-18,US_HY,10Y,456.129,38,CDXHY038 BEST Curncy
14642,2022-04-18,US_IG,5Y,73.547,38,CDXIG538 Curncy
14643,2022-04-18,US_HY,5Y,408.859,38,CDXHY538 BEST Curncy
14653,2022-04-19,US_IG,5Y,74.057,38,CDXIG538 Curncy
14654,2022-04-19,US_HY,5Y,408.5662,38,CDXHY538 BEST Curncy
14655,2022-04-19,US_HY,7Y,441.066,38,CDXHY738 BEST Curncy
14656,2022-04-19,US_HY,10Y,451.734,38,CDXHY038 BEST Curncy
14667,2022-04-20,US_HY,10Y,449.166,38,CDXHY038 BEST Curncy
14664,2022-04-20,US_IG,5Y,73.063,38,CDXIG538 Curncy
14665,2022-04-20,US_HY,5Y,406.1801,38,CDXHY538 BEST Curncy
14666,2022-04-20,US_HY,7Y,437.899,38,CDXHY738 BEST Curncy
14677,2022-04-21,US_HY,7Y,447.301,38,CDXHY738 BEST Curncy
14678,2022-04-21,US_HY,10Y,458.633,38,CDXHY038 BEST Curncy
14675,2022-04-21,US_IG,5Y,75.453,38,CDXIG538 Curncy
14676,2022-04-21,US_HY,5Y,417.2595,38,CDXHY538 BEST Curncy
14686,2022-04-22,US_IG,5Y,79.046,38,CDXIG538 Curncy
14687,2022-04-22,US_HY,5Y,435.6415,38,CDXHY538 BEST Curncy
14688,2022-04-22,US_HY,7Y,467.342,38,CDXHY738 BEST Curncy
14689,2022-04-22,US_HY,10Y,477.329,38,CDXHY038 BEST Curncy
14697,2022-04-25,US_IG,5Y,77.126,38,CDXIG538 Curncy
14698,2022-04-25,US_HY,5Y,427.8247,38,CDXHY538 BEST Curncy
14699,2022-04-25,US_HY,7Y,471.626,38,CDXHY738 BEST Curncy
14700,2022-04-25,US_HY,10Y,481.38,38,CDXHY038 BEST Curncy
14711,2022-04-26,US_HY,10Y,483.849,38,CDXHY038 BEST Curncy
14710,2022-04-26,US_HY,7Y,473.943,38,CDXHY738 BEST Curncy
14709,2022-04-26,US_HY,5Y,438.443,38,CDXHY538 BEST Curncy
14708,2022-04-26,US_IG,5Y,81.401,38,CDXIG538 Curncy
14719,2022-04-27,US_IG,5Y,82.164,38,CDXIG538 Curncy
14720,2022-04-27,US_HY,5Y,448.417,38,CDXHY538 BEST Curncy
14721,2022-04-27,US_HY,7Y,479.267,38,CDXHY738 BEST Curncy
14722,2022-04-27,US_HY,10Y,488.574,38,CDXHY038 BEST Curncy
14733,2022-04-28,US_HY,10Y,498.156,38,CDXHY038 BEST Curncy
14730,2022-04-28,US_IG,5Y,80.841,38,CDXIG538 Curncy
14731,2022-04-28,US_HY,5Y,441.7312,38,CDXHY538 BEST Curncy
14732,2022-04-28,US_HY,7Y,489.467,38,CDXHY738 BEST Curncy
14744,2022-04-29,US_HY,10Y,503.089,38,CDXHY038 BEST Curncy
14743,2022-04-29,US_HY,7Y,494.807,38,CDXHY738 BEST Curncy
14742,2022-04-29,US_HY,5Y,462.7439,38,CDXHY538 BEST Curncy
14741,2022-04-29,US_IG,5Y,83.262,38,CDXIG538 Curncy
14747,2022-05-02,US_IG,5Y,83.079,38,CDXIG538 Curncy
14748,2022-05-02,US_HY,5Y,468.1375,38,CDXHY538 BEST Curncy
14749,2022-05-02,US_HY,7Y,497.101,38,CDXHY738 BEST Curncy
14750,2022-05-02,US_HY,10Y,504.969,38,CDXHY038 BEST Curncy
14760,2022-05-03,US_HY,7Y,479.256,38,CDXHY738 BEST Curncy
14761,2022-05-03,US_HY,10Y,487.673,38,CDXHY038 BEST Curncy
14758,2022-05-03,US_IG,5Y,80.83,38,CDXIG538 Curncy
14759,2022-05-03,US_HY,5Y,445.8467,38,CDXHY538 BEST Curncy
14769,2022-05-04,US_IG,5Y,78.579,38,CDXIG538 Curncy
14770,2022-05-04,US_HY,5Y,438.2379,38,CDXHY538 BEST Curncy
14771,2022-05-04,US_HY,7Y,489.193,38,CDXHY738 BEST Curncy
14772,2022-05-04,US_HY,10Y,497.52,38,CDXHY038 BEST Curncy
14783,2022-05-05,US_HY,10Y,502.479,38,CDXHY038 BEST Curncy
14780,2022-05-05,US_IG,5Y,83.002,38,CDXIG538 Curncy
14781,2022-05-05,US_HY,5Y,460.7025,38,CDXHY538 BEST Curncy
14782,2022-05-05,US_HY,7Y,495.176,38,CDXHY738 BEST Curncy
14793,2022-05-06,US_HY,7Y,504.277,38,CDXHY738 BEST Curncy
14794,2022-05-06,US_HY,10Y,511.262,38,CDXHY038 BEST Curncy
14791,2022-05-06,US_IG,5Y,86.323,38,CDXIG538 Curncy
14792,2022-05-06,US_HY,5Y,477.5036,38,CDXHY538 BEST Curncy
14802,2022-05-09,US_IG,5Y,88.867,38,CDXIG538 Curncy
14803,2022-05-09,US_HY,5Y,494.3321,38,CDXHY538 BEST Curncy
14804,2022-05-09,US_HY,7Y,525.367,38,CDXHY738 BEST Curncy
14805,2022-05-09,US_HY,10Y,530.632,38,CDXHY038 BEST Curncy
14813,2022-05-10,US_IG,5Y,87.409,38,CDXIG538 Curncy
14814,2022-05-10,US_HY,5Y,482.6266,38,CDXHY538 BEST Curncy
14815,2022-05-10,US_HY,7Y,518.154,38,CDXHY738 BEST Curncy
14816,2022-05-10,US_HY,10Y,522.632,38,CDXHY038 BEST Curncy
14827,2022-05-11,US_HY,10Y,512.807,38,CDXHY038 BEST Curncy
14826,2022-05-11,US_HY,7Y,507.968,38,CDXHY738 BEST Curncy
14825,2022-05-11,US_HY,5Y,486.5154,38,CDXHY538 BEST Curncy
14824,2022-05-11,US_IG,5Y,87.837,38,CDXIG538 Curncy
14835,2022-05-12,US_IG,5Y,87.411,38,CDXIG538 Curncy
14836,2022-05-12,US_HY,5Y,496.3096,38,CDXHY538 BEST Curncy
14837,2022-05-12,US_HY,7Y,519.327,38,CDXHY738 BEST Curncy
14838,2022-05-12,US_HY,10Y,523.38,38,CDXHY038 BEST Curncy
14846,2022-05-13,US_IG,5Y,85.583,38,CDXIG538 Curncy
14847,2022-05-13,US_HY,5Y,484.0971,38,CDXHY538 BEST Curncy
14848,2022-05-13,US_HY,7Y,510.091,38,CDXHY738 BEST Curncy
14849,2022-05-13,US_HY,10Y,514.325,38,CDXHY038 BEST Curncy
14860,2022-05-16,US_HY,10Y,522.281,38,CDXHY038 BEST Curncy
14859,2022-05-16,US_HY,7Y,518.355,38,CDXHY738 BEST Curncy
14858,2022-05-16,US_HY,5Y,490.6593,38,CDXHY538 BEST Curncy
14857,2022-05-16,US_IG,5Y,86.091,38,CDXIG538 Curncy
14868,2022-05-17,US_IG,5Y,84.239,38,CDXIG538 Curncy
14869,2022-05-17,US_HY,5Y,485.289,38,CDXHY538 BEST Curncy
14870,2022-05-17,US_HY,7Y,515.577,38,CDXHY738 BEST Curncy
14871,2022-05-17,US_HY,10Y,519.376,38,CDXHY038 BEST Curncy
14879,2022-05-18,US_IG,5Y,89.654,38,CDXIG538 Curncy
14880,2022-05-18,US_HY,5Y,516.9102,38,CDXHY538 BEST Curncy
14881,2022-05-18,US_HY,7Y,542.552,38,CDXHY738 BEST Curncy
14882,2022-05-18,US_HY,10Y,545.137,38,CDXHY038 BEST Curncy
14893,2022-05-19,US_HY,10Y,547.142,38,CDXHY038 BEST Curncy
14892,2022-05-19,US_HY,7Y,544.306,38,CDXHY738 BEST Curncy
14890,2022-05-19,US_IG,5Y,89.949,38,CDXIG538 Curncy
14891,2022-05-19,US_HY,5Y,505.1989,38,CDXHY538 BEST Curncy
14901,2022-05-20,US_IG,5Y,90.489,38,CDXIG538 Curncy
14902,2022-05-20,US_HY,5Y,529.676,38,CDXHY538 BEST Curncy
14903,2022-05-20,US_HY,7Y,555.787,38,CDXHY738 BEST Curncy
14904,2022-05-20,US_HY,10Y,557.751,38,CDXHY038 BEST Curncy
14912,2022-05-23,US_IG,5Y,88.489,38,CDXIG538 Curncy
14913,2022-05-23,US_HY,5Y,507.6767,38,CDXHY538 BEST Curncy
14914,2022-05-23,US_HY,7Y,533.393,38,CDXHY738 BEST Curncy
14915,2022-05-23,US_HY,10Y,537.065,38,CDXHY038 BEST Curncy
14926,2022-05-24,US_HY,10Y,544.646,38,CDXHY038 BEST Curncy
14925,2022-05-24,US_HY,7Y,541.89,38,CDXHY738 BEST Curncy
14923,2022-05-24,US_IG,5Y,87.197,38,CDXIG538 Curncy
14924,2022-05-24,US_HY,5Y,510.6766,38,CDXHY538 BEST Curncy
14934,2022-05-25,US_IG,5Y,83.243,38,CDXIG538 Curncy
14935,2022-05-25,US_HY,5Y,481.1156,38,CDXHY538 BEST Curncy
14936,2022-05-25,US_HY,7Y,518.316,38,CDXHY738 BEST Curncy
14937,2022-05-25,US_HY,10Y,522.791,38,CDXHY038 BEST Curncy
14948,2022-05-26,US_HY,10Y,497.082,38,CDXHY038 BEST Curncy
14945,2022-05-26,US_IG,5Y,81.48,38,CDXIG538 Curncy
14946,2022-05-26,US_HY,5Y,463.1946,38,CDXHY538 BEST Curncy
14947,2022-05-26,US_HY,7Y,490.767,38,CDXHY738 BEST Curncy
14959,2022-05-27,US_HY,10Y,493.711,38,CDXHY038 BEST Curncy
14958,2022-05-27,US_HY,7Y,486.359,38,CDXHY738 BEST Curncy
14956,2022-05-27,US_IG,5Y,79.394,38,CDXIG538 Curncy
14957,2022-05-27,US_HY,5Y,456.9112,38,CDXHY538 BEST Curncy
14969,2022-05-30,US_HY,7Y,487.875,38,CDXHY738 BEST Curncy
14967,2022-05-30,US_IG,5Y,79.021,38,CDXIG538 Curncy
14968,2022-05-30,US_HY,5Y,457.0844,38,CDXHY538 BEST Curncy
14970,2022-05-30,US_HY,10Y,495.084,38,CDXHY038 BEST Curncy
14981,2022-05-31,US_HY,10Y,498.614,38,CDXHY038 BEST Curncy
14980,2022-05-31,US_HY,7Y,491.894,38,CDXHY738 BEST Curncy
14979,2022-05-31,US_HY,5Y,462.3315,38,CDXHY538 BEST Curncy
14978,2022-05-31,US_IG,5Y,79.531,38,CDXIG538 Curncy
14989,2022-06-01,US_IG,5Y,80.58,38,CDXIG538 Curncy
14990,2022-06-01,US_HY,5Y,462.5267,38,CDXHY538 BEST Curncy
14991,2022-06-01,US_HY,7Y,494.384,38,CDXHY738 BEST Curncy
14992,2022-06-01,US_HY,10Y,500.774,38,CDXHY038 BEST Curncy
14997,2022-06-02,US_IG,5Y,79.771,38,CDXIG538 Curncy
14998,2022-06-02,US_HY,5Y,464.1185,38,CDXHY538 BEST Curncy
14999,2022-06-02,US_HY,7Y,492.43,38,CDXHY738 BEST Curncy
15000,2022-06-02,US_HY,10Y,499.534,38,CDXHY038 BEST Curncy
15006,2022-06-03,US_HY,10Y,509.373,38,CDXHY038 BEST Curncy
15005,2022-06-03,US_HY,7Y,502.34,38,CDXHY738 BEST Curncy
15003,2022-06-03,US_IG,5Y,81.283,38,CDXIG538 Curncy
15004,2022-06-03,US_HY,5Y,471.1651,38,CDXHY538 BEST Curncy
15014,2022-06-06,US_IG,5Y,81.733,38,CDXIG538 Curncy
15015,2022-06-06,US_HY,5Y,477.478,38,CDXHY538 BEST Curncy
15016,2022-06-06,US_HY,7Y,501.172,38,CDXHY738 BEST Curncy
15017,2022-06-06,US_HY,10Y,507.347,38,CDXHY038 BEST Curncy
15025,2022-06-07,US_IG,5Y,81.353,38,CDXIG538 Curncy
15026,2022-06-07,US_HY,5Y,476.935,38,CDXHY538 BEST Curncy
15027,2022-06-07,US_HY,7Y,511.018,38,CDXHY738 BEST Curncy
15028,2022-06-07,US_HY,10Y,516.572,38,CDXHY038 BEST Curncy
15039,2022-06-08,US_HY,10Y,512.259,38,CDXHY038 BEST Curncy
15038,2022-06-08,US_HY,7Y,505.098,38,CDXHY738 BEST Curncy
15036,2022-06-08,US_IG,5Y,83.244,38,CDXIG538 Curncy
15037,2022-06-08,US_HY,5Y,483.102,38,CDXHY538 BEST Curncy
15047,2022-06-09,US_IG,5Y,86.947,38,CDXIG538 Curncy
15048,2022-06-09,US_HY,5Y,495.2539,38,CDXHY538 BEST Curncy
15049,2022-06-09,US_HY,7Y,526.562,38,CDXHY738 BEST Curncy
15050,2022-06-09,US_HY,10Y,532.669,38,CDXHY038 BEST Curncy
15061,2022-06-10,US_HY,10Y,572.551,38,CDXHY038 BEST Curncy
15058,2022-06-10,US_IG,5Y,91.049,38,CDXIG538 Curncy
15059,2022-06-10,US_HY,5Y,525.5216,38,CDXHY538 BEST Curncy
15060,2022-06-10,US_HY,7Y,568.77,38,CDXHY738 BEST Curncy
15072,2022-06-13,US_HY,10Y,600.195,38,CDXHY038 BEST Curncy
15071,2022-06-13,US_HY,7Y,599.269,38,CDXHY738 BEST Curncy
15069,2022-06-13,US_IG,5Y,97.792,38,CDXIG538 Curncy
15070,2022-06-13,US_HY,5Y,569.671,38,CDXHY538 BEST Curncy
15082,2022-06-14,US_HY,7Y,607.106,38,CDXHY738 BEST Curncy
15080,2022-06-14,US_IG,5Y,98.91,38,CDXIG538 Curncy
15081,2022-06-14,US_HY,5Y,580.816,38,CDXHY538 BEST Curncy
15083,2022-06-14,US_HY,10Y,608.324,38,CDXHY038 BEST Curncy
15095,2022-06-15,US_HY,10Y,583.295,38,CDXHY038 BEST Curncy
15094,2022-06-15,US_HY,7Y,580.285,38,CDXHY738 BEST Curncy
15092,2022-06-15,US_HY,3Y,576.723,38,CDXHY338 BEST Curncy
15093,2022-06-15,US_HY,5Y,553.8606,38,CDXHY538 BEST Curncy
15091,2022-06-15,US_IG,5Y,95.603,38,CDXIG538 Curncy
15103,2022-06-16,US_IG,5Y,100.791,38,CDXIG538 Curncy
15104,2022-06-16,US_HY,3Y,576.569,38,CDXHY338 BEST Curncy
15105,2022-06-16,US_HY,5Y,597.035,38,CDXHY538 BEST Curncy
15106,2022-06-16,US_HY,7Y,621.498,38,CDXHY738 BEST Curncy
15107,2022-06-16,US_HY,10Y,622.444,38,CDXHY038 BEST Curncy
15119,2022-06-17,US_HY,10Y,621.666,38,CDXHY038 BEST Curncy
15118,2022-06-17,US_HY,7Y,620.349,38,CDXHY738 BEST Curncy
15117,2022-06-17,US_HY,5Y,576.2975,38,CDXHY538 BEST Curncy
15116,2022-06-17,US_HY,3Y,576.592,38,CDXHY338 BEST Curncy
15115,2022-06-17,US_IG,5Y,100.371,38,CDXIG538 Curncy
15127,2022-06-20,US_IG,5Y,100.204,38,CDXIG538 Curncy
15128,2022-06-20,US_HY,3Y,576.816,38,CDXHY338 BEST Curncy
15129,2022-06-20,US_HY,5Y,577.2691,38,CDXHY538 BEST Curncy
15130,2022-06-20,US_HY,7Y,613.106,38,CDXHY738 BEST Curncy
15131,2022-06-20,US_HY,10Y,615.492,38,CDXHY038 BEST Curncy
15143,2022-06-21,US_HY,10Y,596.123,38,CDXHY038 BEST Curncy
15142,2022-06-21,US_HY,7Y,593.392,38,CDXHY738 BEST Curncy
15140,2022-06-21,US_HY,3Y,576.961,38,CDXHY338 BEST Curncy
15139,2022-06-21,US_IG,5Y,97.891,38,CDXIG538 Curncy
15141,2022-06-21,US_HY,5Y,562.746,38,CDXHY538 BEST Curncy
15151,2022-06-22,US_IG,5Y,99.547,38,CDXIG538 Curncy
15152,2022-06-22,US_HY,3Y,576.948,38,CDXHY338 BEST Curncy
15153,2022-06-22,US_HY,5Y,561.944,38,CDXHY538 BEST Curncy
15154,2022-06-22,US_HY,7Y,602.553,38,CDXHY738 BEST Curncy
15155,2022-06-22,US_HY,10Y,604.887,38,CDXHY038 BEST Curncy
15164,2022-06-23,US_HY,3Y,576.827,38,CDXHY338 BEST Curncy
15163,2022-06-23,US_IG,5Y,99.122,38,CDXIG538 Curncy
15165,2022-06-23,US_HY,5Y,560.6755,38,CDXHY538 BEST Curncy
15166,2022-06-23,US_HY,7Y,597.292,38,CDXHY738 BEST Curncy
15167,2022-06-23,US_HY,10Y,599.377,38,CDXHY038 BEST Curncy
15178,2022-06-24,US_HY,7Y,561.898,38,CDXHY738 BEST Curncy
15177,2022-06-24,US_HY,5Y,530.1234,38,CDXHY538 BEST Curncy
15179,2022-06-24,US_HY,10Y,565.915,38,CDXHY038 BEST Curncy
15175,2022-06-24,US_IG,5Y,94.856,38,CDXIG538 Curncy
15176,2022-06-24,US_HY,3Y,576.818,38,CDXHY338 BEST Curncy
15189,2022-06-27,US_HY,5Y,529.9299,38,CDXHY538 BEST Curncy
15190,2022-06-27,US_HY,7Y,558.283,38,CDXHY738 BEST Curncy
15187,2022-06-27,US_IG,5Y,95.015,38,CDXIG538 Curncy
15188,2022-06-27,US_HY,3Y,577.023,38,CDXHY338 BEST Curncy
15191,2022-06-27,US_HY,10Y,562.692,38,CDXHY038 BEST Curncy
15203,2022-06-28,US_HY,10Y,584.263,38,CDXHY038 BEST Curncy
15202,2022-06-28,US_HY,7Y,581.409,38,CDXHY738 BEST Curncy
15199,2022-06-28,US_IG,5Y,98.773,38,CDXIG538 Curncy
15200,2022-06-28,US_HY,3Y,577.15,38,CDXHY338 BEST Curncy
15201,2022-06-28,US_HY,5Y,563.4791,38,CDXHY538 BEST Curncy
15211,2022-06-29,US_IG,5Y,100.025,38,CDXIG538 Curncy
15212,2022-06-29,US_HY,3Y,577.206,38,CDXHY338 BEST Curncy
15213,2022-06-29,US_HY,5Y,572.7876,38,CDXHY538 BEST Curncy
15214,2022-06-29,US_HY,7Y,607.289,38,CDXHY738 BEST Curncy
15215,2022-06-29,US_HY,10Y,608.181,38,CDXHY038 BEST Curncy
15223,2022-06-30,US_IG,5Y,100.988,38,CDXIG538 Curncy
15224,2022-06-30,US_HY,3Y,577.209,38,CDXHY338 BEST Curncy
15225,2022-06-30,US_HY,5Y,577.486,38,CDXHY538 BEST Curncy
15226,2022-06-30,US_HY,7Y,608.128,38,CDXHY738 BEST Curncy
15227,2022-06-30,US_HY,10Y,609.057,38,CDXHY038 BEST Curncy
15239,2022-07-01,US_HY,10Y,609.656,38,CDXHY038 BEST Curncy
15238,2022-07-01,US_HY,7Y,608.864,38,CDXHY738 BEST Curncy
15235,2022-07-01,US_IG,5Y,100.714,38,CDXIG538 Curncy
15236,2022-07-01,US_HY,3Y,577.158,38,CDXHY338 BEST Curncy
15237,2022-07-01,US_HY,5Y,577.0495,38,CDXHY538 BEST Curncy
15247,2022-07-04,US_IG,5Y,100.831,38,CDXIG538 Curncy
15248,2022-07-04,US_HY,3Y,577.189,38,CDXHY338 BEST Curncy
15249,2022-07-04,US_HY,5Y,578.4649,38,CDXHY538 BEST Curncy
15250,2022-07-04,US_HY,7Y,608.866,38,CDXHY738 BEST Curncy
15251,2022-07-04,US_HY,10Y,609.402,38,CDXHY038 BEST Curncy
15263,2022-07-05,US_HY,10Y,613.016,38,CDXHY038 BEST Curncy
15262,2022-07-05,US_HY,7Y,612.838,38,CDXHY738 BEST Curncy
15259,2022-07-05,US_IG,5Y,99.228,38,CDXIG538 Curncy
15260,2022-07-05,US_HY,3Y,577.292,38,CDXHY338 BEST Curncy
15261,2022-07-05,US_HY,5Y,573.4873,38,CDXHY538 BEST Curncy
15271,2022-07-06,US_IG,5Y,98.386,38,CDXIG538 Curncy
15272,2022-07-06,US_HY,3Y,577.269,38,CDXHY338 BEST Curncy
15273,2022-07-06,US_HY,5Y,558.6476,38,CDXHY538 BEST Curncy
15274,2022-07-06,US_HY,7Y,597.122,38,CDXHY738 BEST Curncy
15275,2022-07-06,US_HY,10Y,598.755,38,CDXHY038 BEST Curncy
15287,2022-07-07,US_HY,10Y,564.59,38,CDXHY038 BEST Curncy
15286,2022-07-07,US_HY,7Y,562.425,38,CDXHY738 BEST Curncy
15285,2022-07-07,US_HY,5Y,526.0523,38,CDXHY538 BEST Curncy
15283,2022-07-07,US_IG,5Y,93.53,38,CDXIG538 Curncy
15284,2022-07-07,US_HY,3Y,577.476,38,CDXHY338 BEST Curncy
15295,2022-07-08,US_IG,5Y,90.878,38,CDXIG538 Curncy
15296,2022-07-08,US_HY,3Y,577.61,38,CDXHY338 BEST Curncy
15297,2022-07-08,US_HY,5Y,518.3819,38,CDXHY538 BEST Curncy
15298,2022-07-08,US_HY,7Y,547.856,38,CDXHY738 BEST Curncy
15299,2022-07-08,US_HY,10Y,551.853,38,CDXHY038 BEST Curncy
15311,2022-07-11,US_HY,10Y,559.825,38,CDXHY038 BEST Curncy
15310,2022-07-11,US_HY,7Y,555.921,38,CDXHY738 BEST Curncy
15307,2022-07-11,US_IG,5Y,92.03,38,CDXIG538 Curncy
15308,2022-07-11,US_HY,3Y,577.908,38,CDXHY338 BEST Curncy
15309,2022-07-11,US_HY,5Y,530.0861,38,CDXHY538 BEST Curncy
15319,2022-07-12,US_IG,5Y,92.434,38,CDXIG538 Curncy
15320,2022-07-12,US_HY,3Y,577.905,38,CDXHY338 BEST Curncy
15321,2022-07-12,US_HY,5Y,534.7236,38,CDXHY538 BEST Curncy
15322,2022-07-12,US_HY,7Y,559.745,38,CDXHY738 BEST Curncy
15323,2022-07-12,US_HY,10Y,562.302,38,CDXHY038 BEST Curncy
15335,2022-07-13,US_HY,10Y,577.219,38,CDXHY038 BEST Curncy
15334,2022-07-13,US_HY,7Y,575.42,38,CDXHY738 BEST Curncy
15331,2022-07-13,US_IG,5Y,93.795,38,CDXIG538 Curncy
15332,2022-07-13,US_HY,3Y,577.914,38,CDXHY338 BEST Curncy
15333,2022-07-13,US_HY,5Y,544.6121,38,CDXHY538 BEST Curncy
15343,2022-07-14,US_IG,5Y,94.552,38,CDXIG538 Curncy
15344,2022-07-14,US_HY,3Y,578.098,38,CDXHY338 BEST Curncy
15345,2022-07-14,US_HY,5Y,557.8458,38,CDXHY538 BEST Curncy
15346,2022-07-14,US_HY,7Y,587.82,38,CDXHY738 BEST Curncy
15347,2022-07-14,US_HY,10Y,588.112,38,CDXHY038 BEST Curncy
15358,2022-07-15,US_HY,7Y,560.476,38,CDXHY738 BEST Curncy
15359,2022-07-15,US_HY,10Y,562.697,38,CDXHY038 BEST Curncy
15357,2022-07-15,US_HY,5Y,533.506,38,CDXHY538 BEST Curncy
15355,2022-07-15,US_IG,5Y,91.109,38,CDXIG538 Curncy
15356,2022-07-15,US_HY,3Y,578.188,38,CDXHY338 BEST Curncy
15367,2022-07-18,US_IG,5Y,91.171,38,CDXIG538 Curncy
15368,2022-07-18,US_HY,3Y,578.34,38,CDXHY338 BEST Curncy
15369,2022-07-18,US_HY,5Y,528.5784,38,CDXHY538 BEST Curncy
15370,2022-07-18,US_HY,7Y,545.5,38,CDXHY738 BEST Curncy
15371,2022-07-18,US_HY,10Y,548.513,38,CDXHY038 BEST Curncy
15383,2022-07-19,US_HY,10Y,538.632,38,CDXHY038 BEST Curncy
15382,2022-07-19,US_HY,7Y,535.674,38,CDXHY738 BEST Curncy
15381,2022-07-19,US_HY,5Y,505.3711,38,CDXHY538 BEST Curncy
15379,2022-07-19,US_IG,5Y,86.478,38,CDXIG538 Curncy
15380,2022-07-19,US_HY,3Y,578.423,38,CDXHY338 BEST Curncy
15391,2022-07-20,US_IG,5Y,84.825,38,CDXIG538 Curncy
15392,2022-07-20,US_HY,3Y,578.559,38,CDXHY338 BEST Curncy
15393,2022-07-20,US_HY,5Y,489.5468,38,CDXHY538 BEST Curncy
15394,2022-07-20,US_HY,7Y,513.604,38,CDXHY738 BEST Curncy
15395,2022-07-20,US_HY,10Y,518.337,38,CDXHY038 BEST Curncy
15406,2022-07-21,US_HY,7Y,513.614,38,CDXHY738 BEST Curncy
15405,2022-07-21,US_HY,5Y,488.0149,38,CDXHY538 BEST Curncy
15407,2022-07-21,US_HY,10Y,518.191,38,CDXHY038 BEST Curncy
15403,2022-07-21,US_IG,5Y,83.837,38,CDXIG538 Curncy
15404,2022-07-21,US_HY,3Y,578.626,38,CDXHY338 BEST Curncy
15419,2022-07-22,US_HY,10Y,519.528,38,CDXHY038 BEST Curncy
15418,2022-07-22,US_HY,7Y,514.957,38,CDXHY738 BEST Curncy
15415,2022-07-22,US_IG,5Y,85.756,38,CDXIG538 Curncy
15416,2022-07-22,US_HY,3Y,578.532,38,CDXHY338 BEST Curncy
15417,2022-07-22,US_HY,5Y,499.4897,38,CDXHY538 BEST Curncy
15427,2022-07-25,US_IG,5Y,85.564,38,CDXIG538 Curncy
15428,2022-07-25,US_HY,3Y,578.594,38,CDXHY338 BEST Curncy
15429,2022-07-25,US_HY,5Y,496.1835,38,CDXHY538 BEST Curncy
15430,2022-07-25,US_HY,7Y,519.716,38,CDXHY738 BEST Curncy
15431,2022-07-25,US_HY,10Y,524.71,38,CDXHY038 BEST Curncy
15443,2022-07-26,US_HY,10Y,543.012,38,CDXHY038 BEST Curncy
15442,2022-07-26,US_HY,7Y,540.058,38,CDXHY738 BEST Curncy
15441,2022-07-26,US_HY,5Y,513.5826,38,CDXHY538 BEST Curncy
15440,2022-07-26,US_HY,3Y,578.717,38,CDXHY338 BEST Curncy
15439,2022-07-26,US_IG,5Y,87.162,38,CDXIG538 Curncy
15451,2022-07-27,US_IG,5Y,83.995,38,CDXIG538 Curncy
15452,2022-07-27,US_HY,3Y,578.808,38,CDXHY338 BEST Curncy
15453,2022-07-27,US_HY,5Y,483.7405,38,CDXHY538 BEST Curncy
15454,2022-07-27,US_HY,7Y,520.775,38,CDXHY738 BEST Curncy
15455,2022-07-27,US_HY,10Y,524.457,38,CDXHY038 BEST Curncy
15467,2022-07-28,US_HY,10Y,521.211,38,CDXHY038 BEST Curncy
15466,2022-07-28,US_HY,7Y,517.331,38,CDXHY738 BEST Curncy
15464,2022-07-28,US_HY,3Y,578.796,38,CDXHY338 BEST Curncy
15463,2022-07-28,US_IG,5Y,81.194,38,CDXIG538 Curncy
15465,2022-07-28,US_HY,5Y,480.9798,38,CDXHY538 BEST Curncy
15475,2022-07-29,US_IG,5Y,80.538,38,CDXIG538 Curncy
15476,2022-07-29,US_HY,3Y,578.751,38,CDXHY338 BEST Curncy
15477,2022-07-29,US_HY,5Y,469.9971,38,CDXHY538 BEST Curncy
15478,2022-07-29,US_HY,7Y,497.835,38,CDXHY738 BEST Curncy
15479,2022-07-29,US_HY,10Y,502.804,38,CDXHY038 BEST Curncy
15488,2022-08-01,US_HY,3Y,578.986,38,CDXHY338 BEST Curncy
15487,2022-08-01,US_IG,5Y,82.159,38,CDXIG538 Curncy
15489,2022-08-01,US_HY,5Y,479.479,38,CDXHY538 BEST Curncy
15490,2022-08-01,US_HY,7Y,502.962,38,CDXHY738 BEST Curncy
15491,2022-08-01,US_HY,10Y,507.816,38,CDXHY038 BEST Curncy
15502,2022-08-02,US_HY,7Y,504.74,38,CDXHY738 BEST Curncy
15501,2022-08-02,US_HY,5Y,484.0132,38,CDXHY538 BEST Curncy
15503,2022-08-02,US_HY,10Y,509.842,38,CDXHY038 BEST Curncy
15499,2022-08-02,US_IG,5Y,84.302,38,CDXIG538 Curncy
15500,2022-08-02,US_HY,3Y,579.052,38,CDXHY338 BEST Curncy
15514,2022-08-03,US_HY,7Y,505.966,38,CDXHY738 BEST Curncy
15515,2022-08-03,US_HY,10Y,510.717,38,CDXHY038 BEST Curncy
15513,2022-08-03,US_HY,5Y,475.3353,38,CDXHY538 BEST Curncy
15511,2022-08-03,US_IG,5Y,81.916,38,CDXIG538 Curncy
15512,2022-08-03,US_HY,3Y,579.306,38,CDXHY338 BEST Curncy
15523,2022-08-04,US_IG,5Y,80.942,38,CDXIG538 Curncy
15524,2022-08-04,US_HY,3Y,579.375,38,CDXHY338 BEST Curncy
15525,2022-08-04,US_HY,5Y,466.2725,38,CDXHY538 BEST Curncy
15526,2022-08-04,US_HY,7Y,495.449,38,CDXHY738 BEST Curncy
15527,2022-08-04,US_HY,10Y,501.096,38,CDXHY038 BEST Curncy
15539,2022-08-05,US_HY,10Y,503.126,38,CDXHY038 BEST Curncy
15538,2022-08-05,US_HY,7Y,498.023,38,CDXHY738 BEST Curncy
15536,2022-08-05,US_HY,3Y,579.382,38,CDXHY338 BEST Curncy
15535,2022-08-05,US_IG,5Y,80.728,38,CDXIG538 Curncy
15537,2022-08-05,US_HY,5Y,464.8067,38,CDXHY538 BEST Curncy
15547,2022-08-08,US_IG,5Y,80.891,38,CDXIG538 Curncy
15548,2022-08-08,US_HY,3Y,579.835,38,CDXHY338 BEST Curncy
15549,2022-08-08,US_HY,5Y,461.0603,38,CDXHY538 BEST Curncy
15550,2022-08-08,US_HY,7Y,485.341,38,CDXHY738 BEST Curncy
15551,2022-08-08,US_HY,10Y,491.234,38,CDXHY038 BEST Curncy
15562,2022-08-09,US_HY,7Y,497.614,38,CDXHY738 BEST Curncy
15561,2022-08-09,US_HY,5Y,472.1785,38,CDXHY538 BEST Curncy
15563,2022-08-09,US_HY,10Y,502.043,38,CDXHY038 BEST Curncy
15559,2022-08-09,US_IG,5Y,82.727,38,CDXIG538 Curncy
15560,2022-08-09,US_HY,3Y,579.86,38,CDXHY338 BEST Curncy
15571,2022-08-10,US_IG,5Y,77.235,38,CDXIG538 Curncy
15572,2022-08-10,US_HY,3Y,579.98,38,CDXHY338 BEST Curncy
15573,2022-08-10,US_HY,5Y,440.036,38,CDXHY538 BEST Curncy
15574,2022-08-10,US_HY,7Y,475.147,38,CDXHY738 BEST Curncy
15575,2022-08-10,US_HY,10Y,481.341,38,CDXHY038 BEST Curncy
15586,2022-08-11,US_HY,7Y,468.353,38,CDXHY738 BEST Curncy
15585,2022-08-11,US_HY,5Y,441.7838,38,CDXHY538 BEST Curncy
15587,2022-08-11,US_HY,10Y,475.685,38,CDXHY038 BEST Curncy
15583,2022-08-11,US_IG,5Y,77.263,38,CDXIG538 Curncy
15584,2022-08-11,US_HY,3Y,580.011,38,CDXHY338 BEST Curncy
15595,2022-08-12,US_IG,5Y,74.105,38,CDXIG538 Curncy
15596,2022-08-12,US_HY,3Y,580.113,38,CDXHY338 BEST Curncy
15597,2022-08-12,US_HY,5Y,421.1832,38,CDXHY538 BEST Curncy
15598,2022-08-12,US_HY,7Y,454.957,38,CDXHY738 BEST Curncy
15599,2022-08-12,US_HY,10Y,463.137,38,CDXHY038 BEST Curncy
15607,2022-08-15,US_IG,5Y,74.093,38,CDXIG538 Curncy
15608,2022-08-15,US_HY,3Y,580.337,38,CDXHY338 BEST Curncy
15609,2022-08-15,US_HY,5Y,419.8521,38,CDXHY538 BEST Curncy
15610,2022-08-15,US_HY,7Y,453.6,38,CDXHY738 BEST Curncy
15611,2022-08-15,US_HY,10Y,461.812,38,CDXHY038 BEST Curncy
15623,2022-08-16,US_HY,10Y,464.896,38,CDXHY038 BEST Curncy
15622,2022-08-16,US_HY,7Y,457.5,38,CDXHY738 BEST Curncy
15620,2022-08-16,US_HY,3Y,580.355,38,CDXHY338 BEST Curncy
15619,2022-08-16,US_IG,5Y,75.579,38,CDXIG538 Curncy
15621,2022-08-16,US_HY,5Y,431.2407,38,CDXHY538 BEST Curncy
15631,2022-08-17,US_IG,5Y,77.898,38,CDXIG538 Curncy
15632,2022-08-17,US_HY,3Y,580.454,38,CDXHY338 BEST Curncy
15633,2022-08-17,US_HY,5Y,447.3326,38,CDXHY538 BEST Curncy
15634,2022-08-17,US_HY,7Y,480.782,38,CDXHY738 BEST Curncy
15635,2022-08-17,US_HY,10Y,487.035,38,CDXHY038 BEST Curncy
15647,2022-08-18,US_HY,10Y,482.478,38,CDXHY038 BEST Curncy
15646,2022-08-18,US_HY,7Y,475.804,38,CDXHY738 BEST Curncy
15645,2022-08-18,US_HY,5Y,446.7014,38,CDXHY538 BEST Curncy
15644,2022-08-18,US_HY,3Y,580.599,38,CDXHY338 BEST Curncy
15643,2022-08-18,US_IG,5Y,77.356,38,CDXIG538 Curncy
15655,2022-08-19,US_IG,5Y,80.529,38,CDXIG538 Curncy
15656,2022-08-19,US_HY,3Y,580.618,38,CDXHY338 BEST Curncy
15657,2022-08-19,US_HY,5Y,471.2242,38,CDXHY538 BEST Curncy
15658,2022-08-19,US_HY,7Y,496.8,38,CDXHY738 BEST Curncy
15659,2022-08-19,US_HY,10Y,502.372,38,CDXHY038 BEST Curncy
15671,2022-08-22,US_HY,10Y,517.788,38,CDXHY038 BEST Curncy
15670,2022-08-22,US_HY,7Y,514.151,38,CDXHY738 BEST Curncy
15669,2022-08-22,US_HY,5Y,490.6674,38,CDXHY538 BEST Curncy
15668,2022-08-22,US_HY,3Y,580.874,38,CDXHY338 BEST Curncy
15667,2022-08-22,US_IG,5Y,84.096,38,CDXIG538 Curncy
15679,2022-08-23,US_IG,5Y,84.651,38,CDXIG538 Curncy
15680,2022-08-23,US_HY,3Y,581.054,38,CDXHY338 BEST Curncy
15681,2022-08-23,US_HY,5Y,487.7957,38,CDXHY538 BEST Curncy
15682,2022-08-23,US_HY,7Y,517.051,38,CDXHY738 BEST Curncy
15683,2022-08-23,US_HY,10Y,521.266,38,CDXHY038 BEST Curncy
15695,2022-08-24,US_HY,10Y,517.543,38,CDXHY038 BEST Curncy
15694,2022-08-24,US_HY,7Y,513.384,38,CDXHY738 BEST Curncy
15693,2022-08-24,US_HY,5Y,487.0152,38,CDXHY538 BEST Curncy
15692,2022-08-24,US_HY,3Y,581.101,38,CDXHY338 BEST Curncy
15691,2022-08-24,US_IG,5Y,82.984,38,CDXIG538 Curncy
15703,2022-08-25,US_IG,5Y,81.121,38,CDXIG538 Curncy
15704,2022-08-25,US_HY,3Y,581.213,38,CDXHY338 BEST Curncy
15705,2022-08-25,US_HY,5Y,473.3301,38,CDXHY538 BEST Curncy
15706,2022-08-25,US_HY,7Y,504.654,38,CDXHY738 BEST Curncy
15707,2022-08-25,US_HY,10Y,509.471,38,CDXHY038 BEST Curncy
15718,2022-08-26,US_HY,7Y,519.123,38,CDXHY738 BEST Curncy
15717,2022-08-26,US_HY,5Y,494.7865,38,CDXHY538 BEST Curncy
15719,2022-08-26,US_HY,10Y,522.436,38,CDXHY038 BEST Curncy
15715,2022-08-26,US_IG,5Y,85.337,38,CDXIG538 Curncy
15716,2022-08-26,US_HY,3Y,581.271,38,CDXHY338 BEST Curncy
15722,2022-08-29,US_IG,5Y,87.972,38,CDXIG538 Curncy
15723,2022-08-29,US_HY,3Y,581.508,38,CDXHY338 BEST Curncy
15724,2022-08-29,US_HY,5Y,511.2928,38,CDXHY538 BEST Curncy
15725,2022-08-29,US_HY,7Y,539.904,38,CDXHY738 BEST Curncy
15726,2022-08-29,US_HY,10Y,542.203,38,CDXHY038 BEST Curncy
15738,2022-08-30,US_HY,10Y,555.217,38,CDXHY038 BEST Curncy
15737,2022-08-30,US_HY,7Y,554.558,38,CDXHY738 BEST Curncy
15736,2022-08-30,US_HY,5Y,529.3674,38,CDXHY538 BEST Curncy
15735,2022-08-30,US_HY,3Y,581.632,38,CDXHY338 BEST Curncy
15734,2022-08-30,US_IG,5Y,90.7,38,CDXIG538 Curncy
15746,2022-08-31,US_IG,5Y,92.195,38,CDXIG538 Curncy
15747,2022-08-31,US_HY,3Y,581.734,38,CDXHY338 BEST Curncy
15748,2022-08-31,US_HY,5Y,532.6061,38,CDXHY538 BEST Curncy
15749,2022-08-31,US_HY,7Y,556.94,38,CDXHY738 BEST Curncy
15750,2022-08-31,US_HY,10Y,557.131,38,CDXHY038 BEST Curncy
15761,2022-09-01,US_HY,7Y,565.368,38,CDXHY738 BEST Curncy
15760,2022-09-01,US_HY,5Y,528.624,38,CDXHY538 BEST Curncy
15762,2022-09-01,US_HY,10Y,565.001,38,CDXHY038 BEST Curncy
15758,2022-09-01,US_IG,5Y,90.681,38,CDXIG538 Curncy
15759,2022-09-01,US_HY,3Y,581.825,38,CDXHY338 BEST Curncy
15770,2022-09-02,US_IG,5Y,91.755,38,CDXIG538 Curncy
15771,2022-09-02,US_HY,3Y,581.944,38,CDXHY338 BEST Curncy
15772,2022-09-02,US_HY,5Y,527.6019,38,CDXHY538 BEST Curncy
15773,2022-09-02,US_HY,7Y,534.918,38,CDXHY738 BEST Curncy
15774,2022-09-02,US_HY,10Y,536.015,38,CDXHY038 BEST Curncy
15785,2022-09-05,US_HY,7Y,557.904,38,CDXHY738 BEST Curncy
15784,2022-09-05,US_HY,5Y,530.2581,38,CDXHY538 BEST Curncy
15786,2022-09-05,US_HY,10Y,558.149,38,CDXHY038 BEST Curncy
15782,2022-09-05,US_IG,5Y,92.071,38,CDXIG538 Curncy
15783,2022-09-05,US_HY,3Y,582.047,38,CDXHY338 BEST Curncy
15794,2022-09-06,US_IG,5Y,91.085,38,CDXIG538 Curncy
15795,2022-09-06,US_HY,3Y,582.116,38,CDXHY338 BEST Curncy
15796,2022-09-06,US_HY,5Y,531.0759,38,CDXHY538 BEST Curncy
15797,2022-09-06,US_HY,7Y,552.165,38,CDXHY738 BEST Curncy
15798,2022-09-06,US_HY,10Y,552.16,38,CDXHY038 BEST Curncy
15806,2022-09-07,US_IG,5Y,86.354,38,CDXIG538 Curncy
15807,2022-09-07,US_HY,3Y,582.299,38,CDXHY338 BEST Curncy
15808,2022-09-07,US_HY,5Y,497.3644,38,CDXHY538 BEST Curncy
15809,2022-09-07,US_HY,7Y,536.051,38,CDXHY738 BEST Curncy
15810,2022-09-07,US_HY,10Y,537.121,38,CDXHY038 BEST Curncy
15821,2022-09-08,US_HY,7Y,523.441,38,CDXHY738 BEST Curncy
15820,2022-09-08,US_HY,5Y,494.2149,38,CDXHY538 BEST Curncy
15822,2022-09-08,US_HY,10Y,525.647,38,CDXHY038 BEST Curncy
15818,2022-09-08,US_IG,5Y,83.969,38,CDXIG538 Curncy
15819,2022-09-08,US_HY,3Y,582.297,38,CDXHY338 BEST Curncy
15830,2022-09-09,US_IG,5Y,81.424,38,CDXIG538 Curncy
15831,2022-09-09,US_HY,3Y,582.434,38,CDXHY338 BEST Curncy
15832,2022-09-09,US_HY,5Y,470.7174,38,CDXHY538 BEST Curncy
15833,2022-09-09,US_HY,7Y,504.905,38,CDXHY738 BEST Curncy
15834,2022-09-09,US_HY,10Y,508.264,38,CDXHY038 BEST Curncy
15846,2022-09-12,US_HY,10Y,495.811,38,CDXHY038 BEST Curncy
15844,2022-09-12,US_HY,5Y,464.1678,38,CDXHY538 BEST Curncy
15845,2022-09-12,US_HY,7Y,491.652,38,CDXHY738 BEST Curncy
15842,2022-09-12,US_IG,5Y,79.361,38,CDXIG538 Curncy
15843,2022-09-12,US_HY,3Y,582.721,38,CDXHY338 BEST Curncy
15854,2022-09-13,US_IG,5Y,84.916,38,CDXIG538 Curncy
15855,2022-09-13,US_HY,3Y,582.8,38,CDXHY338 BEST Curncy
15856,2022-09-13,US_HY,5Y,501.0592,38,CDXHY538 BEST Curncy
15857,2022-09-13,US_HY,7Y,519.383,38,CDXHY738 BEST Curncy
15858,2022-09-13,US_HY,10Y,522.944,38,CDXHY038 BEST Curncy
15869,2022-09-14,US_HY,7Y,523.03,38,CDXHY738 BEST Curncy
15868,2022-09-14,US_HY,5Y,502.3943,38,CDXHY538 BEST Curncy
15870,2022-09-14,US_HY,10Y,525.898,38,CDXHY038 BEST Curncy
15866,2022-09-14,US_IG,5Y,85.437,38,CDXIG538 Curncy
15867,2022-09-14,US_HY,3Y,583.105,38,CDXHY338 BEST Curncy
15882,2022-09-15,US_HY,10Y,545.604,38,CDXHY038 BEST Curncy
15881,2022-09-15,US_HY,7Y,543.388,38,CDXHY738 BEST Curncy
15878,2022-09-15,US_IG,5Y,88.582,38,CDXIG538 Curncy
15879,2022-09-15,US_HY,3Y,583.244,38,CDXHY338 BEST Curncy
15880,2022-09-15,US_HY,5Y,517.6716,38,CDXHY538 BEST Curncy
15893,2022-09-16,US_HY,7Y,565.527,38,CDXHY738 BEST Curncy
15892,2022-09-16,US_HY,5Y,532.0698,38,CDXHY538 BEST Curncy
15894,2022-09-16,US_HY,10Y,565.737,38,CDXHY038 BEST Curncy
15890,2022-09-16,US_IG,5Y,89.203,38,CDXIG538 Curncy
15891,2022-09-16,US_HY,3Y,583.398,38,CDXHY338 BEST Curncy
15899,2022-09-19,US_IG,5Y,87.277,38,CDXIG538 Curncy
15900,2022-09-19,US_HY,3Y,583.587,38,CDXHY338 BEST Curncy
15902,2022-09-19,US_HY,7Y,556.189,38,CDXHY738 BEST Curncy
15903,2022-09-19,US_HY,10Y,556.44,38,CDXHY038 BEST Curncy
15901,2022-09-19,US_HY,5Y,518.7997,38,CDXHY538 BEST Curncy
15912,2022-09-20,US_IG,5Y,96.2,39,CDXIG539 Curncy
15921,2022-09-21,US_IG,5Y,98.292,39,CDXIG539 Curncy
15930,2022-09-22,US_IG,5Y,102.255,39,CDXIG539 Curncy
15939,2022-09-23,US_IG,5Y,105.846,39,CDXIG539 Curncy
15948,2022-09-26,US_IG,5Y,108.5,39,CDXIG539 Curncy
15959,2022-09-27,US_HY,7Y,653.918,39,CDXHY739 BEST Curncy
15960,2022-09-27,US_HY,10Y,650.758,39,CDXHY039 BEST Curncy
15958,2022-09-27,US_HY,5Y,629.3937,39,CDXHY539 BEST Curncy
15957,2022-09-27,US_IG,5Y,108.009,39,CDXIG539 Curncy
15969,2022-09-28,US_IG,5Y,108.725,39,CDXIG539 Curncy
15970,2022-09-28,US_HY,5Y,600.0956,39,CDXHY539 BEST Curncy
15971,2022-09-28,US_HY,7Y,625.208,39,CDXHY739 BEST Curncy
15972,2022-09-28,US_HY,10Y,623.502,39,CDXHY039 BEST Curncy
15984,2022-09-29,US_HY,10Y,635.019,39,CDXHY039 BEST Curncy
15981,2022-09-29,US_IG,5Y,108.0,39,CDXIG539 Curncy
15982,2022-09-29,US_HY,5Y,614.0874,39,CDXHY539 BEST Curncy
15983,2022-09-29,US_HY,7Y,636.126,39,CDXHY739 BEST Curncy
15996,2022-09-30,US_HY,10Y,618.576,39,CDXHY039 BEST Curncy
15995,2022-09-30,US_HY,7Y,619.266,39,CDXHY739 BEST Curncy
15993,2022-09-30,US_IG,5Y,105.62,39,CDXIG539 Curncy
15994,2022-09-30,US_HY,5Y,608.8986,39,CDXHY539 BEST Curncy
16008,2022-10-03,US_HY,10Y,612.048,39,CDXHY039 BEST Curncy
16005,2022-10-03,US_IG,5Y,105.9,39,CDXIG539 Curncy
16006,2022-10-03,US_HY,5Y,592.2899,39,CDXHY539 BEST Curncy
16007,2022-10-03,US_HY,7Y,612.725,39,CDXHY739 BEST Curncy
16019,2022-10-04,US_HY,7Y,584.955,39,CDXHY739 BEST Curncy
16020,2022-10-04,US_HY,10Y,585.979,39,CDXHY039 BEST Curncy
16017,2022-10-04,US_IG,5Y,98.838,39,CDXIG539 Curncy
16018,2022-10-04,US_HY,5Y,562.0463,39,CDXHY539 BEST Curncy
16032,2022-10-05,US_HY,10Y,583.103,39,CDXHY039 BEST Curncy
16031,2022-10-05,US_HY,7Y,583.095,39,CDXHY739 BEST Curncy
16029,2022-10-05,US_IG,5Y,100.8,39,CDXIG539 Curncy
16030,2022-10-05,US_HY,5Y,557.305,39,CDXHY539 BEST Curncy
16041,2022-10-06,US_IG,5Y,95.925,39,CDXIG539 Curncy
16042,2022-10-06,US_HY,5Y,560.5892,39,CDXHY539 BEST Curncy
16043,2022-10-06,US_HY,7Y,576.152,39,CDXHY739 BEST Curncy
16044,2022-10-06,US_HY,10Y,577.205,39,CDXHY039 BEST Curncy
16056,2022-10-07,US_HY,10Y,594.593,39,CDXHY039 BEST Curncy
16053,2022-10-07,US_IG,5Y,99.324,39,CDXIG539 Curncy
16054,2022-10-07,US_HY,5Y,579.157,39,CDXHY539 BEST Curncy
16055,2022-10-07,US_HY,7Y,594.45,39,CDXHY739 BEST Curncy
16065,2022-10-10,US_IG,5Y,101.503,39,CDXIG539 Curncy
16066,2022-10-10,US_HY,5Y,582.0765,39,CDXHY539 BEST Curncy
16067,2022-10-10,US_HY,7Y,600.438,39,CDXHY739 BEST Curncy
16068,2022-10-10,US_HY,10Y,599.999,39,CDXHY039 BEST Curncy
16078,2022-10-11,US_HY,5Y,596.0435,39,CDXHY539 BEST Curncy
16079,2022-10-11,US_HY,7Y,599.834,39,CDXHY739 BEST Curncy
16077,2022-10-11,US_IG,5Y,103.014,39,CDXIG539 Curncy
16080,2022-10-11,US_HY,10Y,598.407,39,CDXHY039 BEST Curncy
16092,2022-10-12,US_HY,10Y,605.127,39,CDXHY039 BEST Curncy
16091,2022-10-12,US_HY,7Y,606.286,39,CDXHY739 BEST Curncy
16089,2022-10-12,US_IG,5Y,101.999,39,CDXIG539 Curncy
16090,2022-10-12,US_HY,5Y,591.8011,39,CDXHY539 BEST Curncy
16101,2022-10-13,US_IG,5Y,105.979,39,CDXIG539 Curncy
16102,2022-10-13,US_HY,5Y,581.3073,39,CDXHY539 BEST Curncy
16103,2022-10-13,US_HY,7Y,611.661,39,CDXHY739 BEST Curncy
16104,2022-10-13,US_HY,10Y,611.201,39,CDXHY039 BEST Curncy
16115,2022-10-14,US_HY,7Y,604.126,39,CDXHY739 BEST Curncy
16116,2022-10-14,US_HY,10Y,603.123,39,CDXHY039 BEST Curncy
16113,2022-10-14,US_IG,5Y,101.573,39,CDXIG539 Curncy
16114,2022-10-14,US_HY,5Y,595.5887,39,CDXHY539 BEST Curncy
16125,2022-10-17,US_IG,5Y,99.902,39,CDXIG539 Curncy
16126,2022-10-17,US_HY,5Y,568.7581,39,CDXHY539 BEST Curncy
16127,2022-10-17,US_HY,7Y,586.629,39,CDXHY739 BEST Curncy
16128,2022-10-17,US_HY,10Y,586.301,39,CDXHY039 BEST Curncy
16140,2022-10-18,US_HY,10Y,569.48,39,CDXHY039 BEST Curncy
16137,2022-10-18,US_IG,5Y,96.55,39,CDXIG539 Curncy
16138,2022-10-18,US_HY,5Y,548.1723,39,CDXHY539 BEST Curncy
16139,2022-10-18,US_HY,7Y,568.465,39,CDXHY739 BEST Curncy
16151,2022-10-19,US_HY,7Y,573.104,39,CDXHY739 BEST Curncy
16152,2022-10-19,US_HY,10Y,573.617,39,CDXHY039 BEST Curncy
16149,2022-10-19,US_IG,5Y,95.277,39,CDXIG539 Curncy
16150,2022-10-19,US_HY,5Y,560.4923,39,CDXHY539 BEST Curncy
16161,2022-10-20,US_IG,5Y,95.448,39,CDXIG539 Curncy
16162,2022-10-20,US_HY,5Y,565.2081,39,CDXHY539 BEST Curncy
16163,2022-10-20,US_HY,7Y,567.412,39,CDXHY739 BEST Curncy
16164,2022-10-20,US_HY,10Y,568.011,39,CDXHY039 BEST Curncy
16173,2022-10-21,US_IG,5Y,97.991,39,CDXIG539 Curncy
16174,2022-10-21,US_HY,5Y,548.1788,39,CDXHY539 BEST Curncy
16175,2022-10-21,US_HY,7Y,568.519,39,CDXHY739 BEST Curncy
16176,2022-10-21,US_HY,10Y,568.346,39,CDXHY039 BEST Curncy
16188,2022-10-24,US_HY,10Y,555.13,39,CDXHY039 BEST Curncy
16187,2022-10-24,US_HY,7Y,553.41,39,CDXHY739 BEST Curncy
16186,2022-10-24,US_HY,5Y,535.0154,39,CDXHY539 BEST Curncy
16185,2022-10-24,US_IG,5Y,93.268,39,CDXIG539 Curncy
16197,2022-10-25,US_IG,5Y,91.769,39,CDXIG539 Curncy
16198,2022-10-25,US_HY,5Y,530.1016,39,CDXHY539 BEST Curncy
16199,2022-10-25,US_HY,7Y,544.581,39,CDXHY739 BEST Curncy
16200,2022-10-25,US_HY,10Y,546.489,39,CDXHY039 BEST Curncy
16212,2022-10-26,US_HY,10Y,544.039,39,CDXHY039 BEST Curncy
16209,2022-10-26,US_IG,5Y,91.227,39,CDXIG539 Curncy
16210,2022-10-26,US_HY,5Y,531.0951,39,CDXHY539 BEST Curncy
16211,2022-10-26,US_HY,7Y,541.523,39,CDXHY739 BEST Curncy
16224,2022-10-27,US_HY,10Y,547.867,39,CDXHY039 BEST Curncy
16223,2022-10-27,US_HY,7Y,544.379,39,CDXHY739 BEST Curncy
16221,2022-10-27,US_IG,5Y,90.607,39,CDXIG539 Curncy
16222,2022-10-27,US_HY,5Y,521.2375,39,CDXHY539 BEST Curncy
16233,2022-10-28,US_IG,5Y,89.72,39,CDXIG539 Curncy
16234,2022-10-28,US_HY,3Y,470.182,39,CDXHY339 BEST Curncy
16235,2022-10-28,US_HY,5Y,502.2841,39,CDXHY539 BEST Curncy
16236,2022-10-28,US_HY,7Y,527.248,39,CDXHY739 BEST Curncy
16237,2022-10-28,US_HY,10Y,531.544,39,CDXHY039 BEST Curncy
16248,2022-10-31,US_HY,5Y,518.1844,39,CDXHY539 BEST Curncy
16250,2022-10-31,US_HY,10Y,538.653,39,CDXHY039 BEST Curncy
16249,2022-10-31,US_HY,7Y,534.828,39,CDXHY739 BEST Curncy
16247,2022-10-31,US_HY,3Y,470.065,39,CDXHY339 BEST Curncy
16246,2022-10-31,US_IG,5Y,88.891,39,CDXIG539 Curncy
16259,2022-11-01,US_IG,5Y,89.379,39,CDXIG539 Curncy
16260,2022-11-01,US_HY,3Y,470.01,39,CDXHY339 BEST Curncy
16261,2022-11-01,US_HY,5Y,507.1597,39,CDXHY539 BEST Curncy
16262,2022-11-01,US_HY,7Y,534.915,39,CDXHY739 BEST Curncy
16263,2022-11-01,US_HY,10Y,538.95,39,CDXHY039 BEST Curncy
16276,2022-11-02,US_HY,10Y,537.957,39,CDXHY039 BEST Curncy
16274,2022-11-02,US_HY,5Y,510.7669,39,CDXHY539 BEST Curncy
16275,2022-11-02,US_HY,7Y,533.913,39,CDXHY739 BEST Curncy
16272,2022-11-02,US_IG,5Y,89.426,39,CDXIG539 Curncy
16273,2022-11-02,US_HY,3Y,469.967,39,CDXHY339 BEST Curncy
16285,2022-11-03,US_IG,5Y,93.702,39,CDXIG539 Curncy
16286,2022-11-03,US_HY,3Y,469.925,39,CDXHY339 BEST Curncy
16287,2022-11-03,US_HY,5Y,540.7054,39,CDXHY539 BEST Curncy
16288,2022-11-03,US_HY,7Y,560.602,39,CDXHY739 BEST Curncy
16289,2022-11-03,US_HY,10Y,563.757,39,CDXHY039 BEST Curncy
16301,2022-11-04,US_HY,7Y,552.636,39,CDXHY739 BEST Curncy
16302,2022-11-04,US_HY,10Y,555.654,39,CDXHY039 BEST Curncy
16299,2022-11-04,US_HY,3Y,469.862,39,CDXHY339 BEST Curncy
16298,2022-11-04,US_IG,5Y,90.384,39,CDXIG539 Curncy
16300,2022-11-04,US_HY,5Y,528.2083,39,CDXHY539 BEST Curncy
16315,2022-11-07,US_HY,10Y,541.931,39,CDXHY039 BEST Curncy
16311,2022-11-07,US_IG,5Y,89.339,39,CDXIG539 Curncy
16312,2022-11-07,US_HY,3Y,469.807,39,CDXHY339 BEST Curncy
16313,2022-11-07,US_HY,5Y,515.2129,39,CDXHY539 BEST Curncy
16314,2022-11-07,US_HY,7Y,538.468,39,CDXHY739 BEST Curncy
16326,2022-11-08,US_HY,5Y,517.8275,39,CDXHY539 BEST Curncy
16327,2022-11-08,US_HY,7Y,530.956,39,CDXHY739 BEST Curncy
16324,2022-11-08,US_IG,5Y,88.944,39,CDXIG539 Curncy
16325,2022-11-08,US_HY,3Y,469.768,39,CDXHY339 BEST Curncy
16328,2022-11-08,US_HY,10Y,535.272,39,CDXHY039 BEST Curncy
16341,2022-11-09,US_HY,10Y,548.074,39,CDXHY039 BEST Curncy
16340,2022-11-09,US_HY,7Y,544.749,39,CDXHY739 BEST Curncy
16337,2022-11-09,US_IG,5Y,90.002,39,CDXIG539 Curncy
16338,2022-11-09,US_HY,3Y,469.778,39,CDXHY339 BEST Curncy
16339,2022-11-09,US_HY,5Y,536.3443,39,CDXHY539 BEST Curncy
16350,2022-11-10,US_IG,5Y,85.931,39,CDXIG539 Curncy
16351,2022-11-10,US_HY,3Y,469.787,39,CDXHY339 BEST Curncy
16352,2022-11-10,US_HY,5Y,486.9927,39,CDXHY539 BEST Curncy
16353,2022-11-10,US_HY,7Y,510.182,39,CDXHY739 BEST Curncy
16354,2022-11-10,US_HY,10Y,514.684,39,CDXHY039 BEST Curncy
16367,2022-11-11,US_HY,10Y,509.594,39,CDXHY039 BEST Curncy
16366,2022-11-11,US_HY,7Y,504.834,39,CDXHY739 BEST Curncy
16365,2022-11-11,US_HY,5Y,485.5585,39,CDXHY539 BEST Curncy
16364,2022-11-11,US_HY,3Y,469.88,39,CDXHY339 BEST Curncy
16363,2022-11-11,US_IG,5Y,82.719,39,CDXIG539 Curncy
16376,2022-11-14,US_IG,5Y,82.229,39,CDXIG539 Curncy
16377,2022-11-14,US_HY,3Y,469.806,39,CDXHY339 BEST Curncy
16378,2022-11-14,US_HY,5Y,487.5592,39,CDXHY539 BEST Curncy
16379,2022-11-14,US_HY,7Y,503.022,39,CDXHY739 BEST Curncy
16380,2022-11-14,US_HY,10Y,507.802,39,CDXHY039 BEST Curncy
16393,2022-11-15,US_HY,10Y,504.061,39,CDXHY039 BEST Curncy
16392,2022-11-15,US_HY,7Y,498.591,39,CDXHY739 BEST Curncy
16391,2022-11-15,US_HY,5Y,486.5293,39,CDXHY539 BEST Curncy
16390,2022-11-15,US_HY,3Y,469.759,39,CDXHY339 BEST Curncy
16389,2022-11-15,US_IG,5Y,80.324,39,CDXIG539 Curncy
16402,2022-11-16,US_IG,5Y,83.156,39,CDXIG539 Curncy
16403,2022-11-16,US_HY,3Y,469.778,39,CDXHY339 BEST Curncy
16404,2022-11-16,US_HY,5Y,490.8549,39,CDXHY539 BEST Curncy
16405,2022-11-16,US_HY,7Y,507.457,39,CDXHY739 BEST Curncy
16406,2022-11-16,US_HY,10Y,511.865,39,CDXHY039 BEST Curncy
16419,2022-11-17,US_HY,10Y,520.852,39,CDXHY039 BEST Curncy
16418,2022-11-17,US_HY,7Y,516.571,39,CDXHY739 BEST Curncy
16417,2022-11-17,US_HY,5Y,493.8995,39,CDXHY539 BEST Curncy
16416,2022-11-17,US_HY,3Y,469.76,39,CDXHY339 BEST Curncy
16415,2022-11-17,US_IG,5Y,85.057,39,CDXIG539 Curncy
16428,2022-11-18,US_IG,5Y,82.291,39,CDXIG539 Curncy
16429,2022-11-18,US_HY,3Y,469.692,39,CDXHY339 BEST Curncy
16430,2022-11-18,US_HY,5Y,482.9831,39,CDXHY539 BEST Curncy
16431,2022-11-18,US_HY,7Y,504.64,39,CDXHY739 BEST Curncy
16432,2022-11-18,US_HY,10Y,508.936,39,CDXHY039 BEST Curncy
16444,2022-11-21,US_HY,7Y,505.468,39,CDXHY739 BEST Curncy
16443,2022-11-21,US_HY,5Y,482.1641,39,CDXHY539 BEST Curncy
16445,2022-11-21,US_HY,10Y,510.283,39,CDXHY039 BEST Curncy
16441,2022-11-21,US_IG,5Y,81.887,39,CDXIG539 Curncy
16442,2022-11-21,US_HY,3Y,469.578,39,CDXHY339 BEST Curncy
16454,2022-11-22,US_IG,5Y,81.239,39,CDXIG539 Curncy
16455,2022-11-22,US_HY,3Y,469.547,39,CDXHY339 BEST Curncy
16456,2022-11-22,US_HY,5Y,471.5399,39,CDXHY539 BEST Curncy
16457,2022-11-22,US_HY,7Y,495.964,39,CDXHY739 BEST Curncy
16458,2022-11-22,US_HY,10Y,500.975,39,CDXHY039 BEST Curncy
16471,2022-11-23,US_HY,10Y,488.589,39,CDXHY039 BEST Curncy
16470,2022-11-23,US_HY,7Y,481.788,39,CDXHY739 BEST Curncy
16469,2022-11-23,US_HY,5Y,458.555,39,CDXHY539 BEST Curncy
16468,2022-11-23,US_HY,3Y,469.549,39,CDXHY339 BEST Curncy
16467,2022-11-23,US_IG,5Y,79.121,39,CDXIG539 Curncy
16480,2022-11-24,US_IG,5Y,77.501,39,CDXIG539 Curncy
16481,2022-11-24,US_HY,3Y,469.541,39,CDXHY339 BEST Curncy
16482,2022-11-24,US_HY,5Y,458.3275,39,CDXHY539 BEST Curncy
16483,2022-11-24,US_HY,7Y,477.258,39,CDXHY739 BEST Curncy
16484,2022-11-24,US_HY,10Y,483.37,39,CDXHY039 BEST Curncy
16496,2022-11-25,US_HY,7Y,478.043,39,CDXHY739 BEST Curncy
16495,2022-11-25,US_HY,5Y,460.5552,39,CDXHY539 BEST Curncy
16497,2022-11-25,US_HY,10Y,483.842,39,CDXHY039 BEST Curncy
16493,2022-11-25,US_IG,5Y,77.73,39,CDXIG539 Curncy
16494,2022-11-25,US_HY,3Y,469.518,39,CDXHY339 BEST Curncy
16506,2022-11-28,US_IG,5Y,79.254,39,CDXIG539 Curncy
16507,2022-11-28,US_HY,3Y,469.445,39,CDXHY339 BEST Curncy
16508,2022-11-28,US_HY,5Y,478.347,39,CDXHY539 BEST Curncy
16509,2022-11-28,US_HY,7Y,493.961,39,CDXHY739 BEST Curncy
16510,2022-11-28,US_HY,10Y,498.223,39,CDXHY039 BEST Curncy
16522,2022-11-29,US_HY,7Y,497.179,39,CDXHY739 BEST Curncy
16521,2022-11-29,US_HY,5Y,478.6,39,CDXHY539 BEST Curncy
16523,2022-11-29,US_HY,10Y,500.485,39,CDXHY039 BEST Curncy
16519,2022-11-29,US_IG,5Y,81.212,39,CDXIG539 Curncy
16520,2022-11-29,US_HY,3Y,469.426,39,CDXHY339 BEST Curncy
16532,2022-11-30,US_IG,5Y,80.488,39,CDXIG539 Curncy
16533,2022-11-30,US_HY,3Y,469.403,39,CDXHY339 BEST Curncy
16534,2022-11-30,US_HY,5Y,457.4699,39,CDXHY539 BEST Curncy
16535,2022-11-30,US_HY,7Y,495.968,39,CDXHY739 BEST Curncy
16536,2022-11-30,US_HY,10Y,499.353,39,CDXHY039 BEST Curncy
16545,2022-12-01,US_IG,5Y,75.504,39,CDXIG539 Curncy
16546,2022-12-01,US_HY,3Y,469.438,39,CDXHY339 BEST Curncy
16547,2022-12-01,US_HY,5Y,457.8351,39,CDXHY539 BEST Curncy
16548,2022-12-01,US_HY,7Y,482.238,39,CDXHY739 BEST Curncy
16549,2022-12-01,US_HY,10Y,487.215,39,CDXHY039 BEST Curncy
16562,2022-12-02,US_HY,10Y,491.395,39,CDXHY039 BEST Curncy
16560,2022-12-02,US_HY,5Y,462.9036,39,CDXHY539 BEST Curncy
16561,2022-12-02,US_HY,7Y,485.858,39,CDXHY739 BEST Curncy
16559,2022-12-02,US_HY,3Y,469.452,39,CDXHY339 BEST Curncy
16558,2022-12-02,US_IG,5Y,79.159,39,CDXIG539 Curncy
16571,2022-12-05,US_IG,5Y,78.733,39,CDXIG539 Curncy
16572,2022-12-05,US_HY,3Y,469.374,39,CDXHY339 BEST Curncy
16573,2022-12-05,US_HY,5Y,482.7057,39,CDXHY539 BEST Curncy
16574,2022-12-05,US_HY,7Y,497.997,39,CDXHY739 BEST Curncy
16575,2022-12-05,US_HY,10Y,502.566,39,CDXHY039 BEST Curncy
16588,2022-12-06,US_HY,10Y,512.666,39,CDXHY039 BEST Curncy
16587,2022-12-06,US_HY,7Y,508.904,39,CDXHY739 BEST Curncy
16586,2022-12-06,US_HY,5Y,497.1775,39,CDXHY539 BEST Curncy
16585,2022-12-06,US_HY,3Y,469.284,39,CDXHY339 BEST Curncy
16584,2022-12-06,US_IG,5Y,79.495,39,CDXIG539 Curncy
16597,2022-12-07,US_IG,5Y,82.064,39,CDXIG539 Curncy
16598,2022-12-07,US_HY,3Y,469.29,39,CDXHY339 BEST Curncy
16599,2022-12-07,US_HY,5Y,494.3661,39,CDXHY539 BEST Curncy
16600,2022-12-07,US_HY,7Y,517.233,39,CDXHY739 BEST Curncy
16601,2022-12-07,US_HY,10Y,520.499,39,CDXHY039 BEST Curncy
16614,2022-12-08,US_HY,10Y,545.726,39,CDXHY039 BEST Curncy
16613,2022-12-08,US_HY,7Y,509.671,39,CDXHY739 BEST Curncy
16612,2022-12-08,US_HY,5Y,488.2656,39,CDXHY539 BEST Curncy
16611,2022-12-08,US_HY,3Y,469.304,39,CDXHY339 BEST Curncy
16610,2022-12-08,US_IG,5Y,82.142,39,CDXIG539 Curncy
16623,2022-12-09,US_IG,5Y,80.912,39,CDXIG539 Curncy
16624,2022-12-09,US_HY,3Y,469.254,39,CDXHY339 BEST Curncy
16625,2022-12-09,US_HY,5Y,474.8034,39,CDXHY539 BEST Curncy
16626,2022-12-09,US_HY,7Y,496.184,39,CDXHY739 BEST Curncy
16627,2022-12-09,US_HY,10Y,542.504,39,CDXHY039 BEST Curncy
16636,2022-12-12,US_IG,5Y,79.832,39,CDXIG539 Curncy
16637,2022-12-12,US_HY,3Y,469.161,39,CDXHY339 BEST Curncy
16638,2022-12-12,US_HY,5Y,470.1918,39,CDXHY539 BEST Curncy
16639,2022-12-12,US_HY,7Y,492.961,39,CDXHY739 BEST Curncy
16640,2022-12-12,US_HY,10Y,540.465,39,CDXHY039 BEST Curncy
16649,2022-12-13,US_IG,5Y,74.191,39,CDXIG539 Curncy
16650,2022-12-13,US_HY,3Y,469.124,39,CDXHY339 BEST Curncy
16651,2022-12-13,US_HY,5Y,454.3278,39,CDXHY539 BEST Curncy
16652,2022-12-13,US_HY,7Y,474.636,39,CDXHY739 BEST Curncy
16653,2022-12-13,US_HY,10Y,534.61,39,CDXHY039 BEST Curncy
16666,2022-12-14,US_HY,10Y,534.109,39,CDXHY039 BEST Curncy
16664,2022-12-14,US_HY,5Y,455.9536,39,CDXHY539 BEST Curncy
16665,2022-12-14,US_HY,7Y,464.353,39,CDXHY739 BEST Curncy
16663,2022-12-14,US_HY,3Y,469.17,39,CDXHY339 BEST Curncy
16662,2022-12-14,US_IG,5Y,75.417,39,CDXIG539 Curncy
16675,2022-12-15,US_IG,5Y,77.486,39,CDXIG539 Curncy
16676,2022-12-15,US_HY,3Y,469.157,39,CDXHY339 BEST Curncy
16677,2022-12-15,US_HY,5Y,468.7405,39,CDXHY539 BEST Curncy
16678,2022-12-15,US_HY,7Y,493.185,39,CDXHY739 BEST Curncy
16679,2022-12-15,US_HY,10Y,540.942,39,CDXHY039 BEST Curncy
16692,2022-12-16,US_HY,10Y,547.875,39,CDXHY039 BEST Curncy
16691,2022-12-16,US_HY,7Y,517.023,39,CDXHY739 BEST Curncy
16690,2022-12-16,US_HY,5Y,491.2887,39,CDXHY539 BEST Curncy
16689,2022-12-16,US_HY,3Y,469.124,39,CDXHY339 BEST Curncy
16688,2022-12-16,US_IG,5Y,82.5,39,CDXIG539 Curncy
16701,2022-12-19,US_IG,5Y,84.625,39,CDXIG539 Curncy
16702,2022-12-19,US_HY,3Y,469.056,39,CDXHY339 BEST Curncy
16703,2022-12-19,US_HY,5Y,501.5444,39,CDXHY539 BEST Curncy
16704,2022-12-19,US_HY,7Y,522.369,39,CDXHY739 BEST Curncy
16705,2022-12-19,US_HY,10Y,550.15,39,CDXHY039 BEST Curncy
16718,2022-12-20,US_HY,10Y,548.44,39,CDXHY039 BEST Curncy
16717,2022-12-20,US_HY,7Y,521.189,39,CDXHY739 BEST Curncy
16715,2022-12-20,US_HY,3Y,469.008,39,CDXHY339 BEST Curncy
16714,2022-12-20,US_IG,5Y,87.44,39,CDXIG539 Curncy
16716,2022-12-20,US_HY,5Y,500.2578,39,CDXHY539 BEST Curncy
16727,2022-12-21,US_IG,5Y,84.004,39,CDXIG539 Curncy
16728,2022-12-21,US_HY,3Y,468.984,39,CDXHY339 BEST Curncy
16729,2022-12-21,US_HY,5Y,479.4953,39,CDXHY539 BEST Curncy
16730,2022-12-21,US_HY,7Y,504.457,39,CDXHY739 BEST Curncy
16731,2022-12-21,US_HY,10Y,505.838,39,CDXHY039 BEST Curncy
16741,2022-12-22,US_HY,3Y,468.97,39,CDXHY339 BEST Curncy
16740,2022-12-22,US_IG,5Y,82.612,39,CDXIG539 Curncy
16742,2022-12-22,US_HY,5Y,485.6163,39,CDXHY539 BEST Curncy
16743,2022-12-22,US_HY,7Y,511.38,39,CDXHY739 BEST Curncy
16744,2022-12-22,US_HY,10Y,512.373,39,CDXHY039 BEST Curncy
16756,2022-12-23,US_HY,7Y,497.977,39,CDXHY739 BEST Curncy
16755,2022-12-23,US_HY,5Y,476.1575,39,CDXHY539 BEST Curncy
16757,2022-12-23,US_HY,10Y,499.677,39,CDXHY039 BEST Curncy
16753,2022-12-23,US_IG,5Y,81.745,39,CDXIG539 Curncy
16754,2022-12-23,US_HY,3Y,468.927,39,CDXHY339 BEST Curncy
16765,2022-12-26,US_HY,5Y,477.3728,39,CDXHY539 BEST Curncy
16766,2022-12-26,US_HY,7Y,497.567,39,CDXHY739 BEST Curncy
16763,2022-12-26,US_IG,5Y,80.644,39,CDXIG539 Curncy
16764,2022-12-26,US_HY,3Y,468.829,39,CDXHY339 BEST Curncy
16767,2022-12-26,US_HY,10Y,499.189,39,CDXHY039 BEST Curncy
16775,2022-12-27,US_HY,10Y,495.792,39,CDXHY039 BEST Curncy
16773,2022-12-27,US_HY,5Y,476.8529,39,CDXHY539 BEST Curncy
16774,2022-12-27,US_HY,7Y,494.33,39,CDXHY739 BEST Curncy
16772,2022-12-27,US_HY,3Y,468.804,39,CDXHY339 BEST Curncy
16771,2022-12-27,US_IG,5Y,80.991,39,CDXIG539 Curncy
16784,2022-12-28,US_IG,5Y,80.141,39,CDXIG539 Curncy
16785,2022-12-28,US_HY,3Y,468.759,39,CDXHY339 BEST Curncy
16786,2022-12-28,US_HY,5Y,493.006,39,CDXHY539 BEST Curncy
16787,2022-12-28,US_HY,7Y,510.015,39,CDXHY739 BEST Curncy
16788,2022-12-28,US_HY,10Y,510.156,39,CDXHY039 BEST Curncy
16801,2022-12-29,US_HY,10Y,506.877,39,CDXHY039 BEST Curncy
16800,2022-12-29,US_HY,7Y,506.743,39,CDXHY739 BEST Curncy
16799,2022-12-29,US_HY,5Y,484.7454,39,CDXHY539 BEST Curncy
16798,2022-12-29,US_HY,3Y,468.733,39,CDXHY339 BEST Curncy
16797,2022-12-29,US_IG,5Y,82.277,39,CDXIG539 Curncy
16810,2022-12-30,US_IG,5Y,81.36,39,CDXIG539 Curncy
16811,2022-12-30,US_HY,3Y,468.71,39,CDXHY339 BEST Curncy
16812,2022-12-30,US_HY,5Y,483.9753,39,CDXHY539 BEST Curncy
16813,2022-12-30,US_HY,7Y,503.262,39,CDXHY739 BEST Curncy
16814,2022-12-30,US_HY,10Y,503.589,39,CDXHY039 BEST Curncy
16823,2023-01-02,US_HY,7Y,503.68,39,CDXHY739 BEST Curncy
16822,2023-01-02,US_HY,5Y,484.9643,39,CDXHY539 BEST Curncy
16824,2023-01-02,US_HY,10Y,503.928,39,CDXHY039 BEST Curncy
16820,2023-01-02,US_IG,5Y,82.096,39,CDXIG539 Curncy
16821,2023-01-02,US_HY,3Y,468.611,39,CDXHY339 BEST Curncy
16833,2023-01-03,US_IG,5Y,79.077,39,CDXIG539 Curncy
16834,2023-01-03,US_HY,3Y,468.586,39,CDXHY339 BEST Curncy
16835,2023-01-03,US_HY,5Y,479.2908,39,CDXHY539 BEST Curncy
16836,2023-01-03,US_HY,7Y,498.572,39,CDXHY739 BEST Curncy
16837,2023-01-03,US_HY,10Y,499.347,39,CDXHY039 BEST Curncy
16849,2023-01-04,US_HY,7Y,487.24,39,CDXHY739 BEST Curncy
16848,2023-01-04,US_HY,5Y,471.1221,39,CDXHY539 BEST Curncy
16850,2023-01-04,US_HY,10Y,488.048,39,CDXHY039 BEST Curncy
16846,2023-01-04,US_IG,5Y,78.938,39,CDXIG539 Curncy
16847,2023-01-04,US_HY,3Y,468.588,39,CDXHY339 BEST Curncy
16859,2023-01-05,US_IG,5Y,79.842,39,CDXIG539 Curncy
16860,2023-01-05,US_HY,3Y,468.576,39,CDXHY339 BEST Curncy
16861,2023-01-05,US_HY,5Y,475.4894,39,CDXHY539 BEST Curncy
16862,2023-01-05,US_HY,7Y,496.752,39,CDXHY739 BEST Curncy
16863,2023-01-05,US_HY,10Y,497.57,39,CDXHY039 BEST Curncy
16872,2023-01-06,US_IG,5Y,76.659,39,CDXIG539 Curncy
16873,2023-01-06,US_HY,3Y,468.518,39,CDXHY339 BEST Curncy
16874,2023-01-06,US_HY,5Y,449.2554,39,CDXHY539 BEST Curncy
16875,2023-01-06,US_HY,7Y,475.218,39,CDXHY739 BEST Curncy
16876,2023-01-06,US_HY,10Y,477.396,39,CDXHY039 BEST Curncy
16888,2023-01-09,US_HY,7Y,463.299,39,CDXHY739 BEST Curncy
16889,2023-01-09,US_HY,10Y,466.308,39,CDXHY039 BEST Curncy
16886,2023-01-09,US_HY,3Y,468.513,39,CDXHY339 BEST Curncy
16885,2023-01-09,US_IG,5Y,73.129,39,CDXIG539 Curncy
16887,2023-01-09,US_HY,5Y,448.6447,39,CDXHY539 BEST Curncy
16898,2023-01-10,US_IG,5Y,74.564,39,CDXIG539 Curncy
16899,2023-01-10,US_HY,3Y,468.509,39,CDXHY339 BEST Curncy
16900,2023-01-10,US_HY,5Y,451.4408,39,CDXHY539 BEST Curncy
16901,2023-01-10,US_HY,7Y,472.591,39,CDXHY739 BEST Curncy
16902,2023-01-10,US_HY,10Y,474.447,39,CDXHY039 BEST Curncy
16915,2023-01-11,US_HY,10Y,465.807,39,CDXHY039 BEST Curncy
16914,2023-01-11,US_HY,7Y,463.28,39,CDXHY739 BEST Curncy
16911,2023-01-11,US_IG,5Y,73.322,39,CDXIG539 Curncy
16912,2023-01-11,US_HY,3Y,468.481,39,CDXHY339 BEST Curncy
16913,2023-01-11,US_HY,5Y,440.848,39,CDXHY539 BEST Curncy
16924,2023-01-12,US_IG,5Y,71.521,39,CDXIG539 Curncy
16925,2023-01-12,US_HY,3Y,468.468,39,CDXHY339 BEST Curncy
16926,2023-01-12,US_HY,5Y,426.1967,39,CDXHY539 BEST Curncy
16927,2023-01-12,US_HY,7Y,447.162,39,CDXHY739 BEST Curncy
16928,2023-01-12,US_HY,10Y,451.153,39,CDXHY039 BEST Curncy
16940,2023-01-13,US_HY,7Y,449.815,39,CDXHY739 BEST Curncy
16941,2023-01-13,US_HY,10Y,453.611,39,CDXHY039 BEST Curncy
16938,2023-01-13,US_HY,3Y,468.477,39,CDXHY339 BEST Curncy
16937,2023-01-13,US_IG,5Y,72.135,39,CDXIG539 Curncy
16939,2023-01-13,US_HY,5Y,425.579,39,CDXHY539 BEST Curncy
16950,2023-01-16,US_IG,5Y,70.55,39,CDXIG539 Curncy
16951,2023-01-16,US_HY,3Y,468.365,39,CDXHY339 BEST Curncy
16952,2023-01-16,US_HY,5Y,424.3585,39,CDXHY539 BEST Curncy
16953,2023-01-16,US_HY,7Y,443.664,39,CDXHY739 BEST Curncy
16954,2023-01-16,US_HY,10Y,447.68,39,CDXHY039 BEST Curncy
16967,2023-01-17,US_HY,10Y,455.123,39,CDXHY039 BEST Curncy
16966,2023-01-17,US_HY,7Y,451.002,39,CDXHY739 BEST Curncy
16964,2023-01-17,US_HY,3Y,468.34,39,CDXHY339 BEST Curncy
16963,2023-01-17,US_IG,5Y,71.453,39,CDXIG539 Curncy
16965,2023-01-17,US_HY,5Y,429.5388,39,CDXHY539 BEST Curncy
16980,2023-01-18,US_HY,10Y,462.78,39,CDXHY039 BEST Curncy
16976,2023-01-18,US_IG,5Y,70.649,39,CDXIG539 Curncy
16977,2023-01-18,US_HY,3Y,468.332,39,CDXHY339 BEST Curncy
16978,2023-01-18,US_HY,5Y,437.5174,39,CDXHY539 BEST Curncy
16979,2023-01-18,US_HY,7Y,458.79,39,CDXHY739 BEST Curncy
16991,2023-01-19,US_HY,5Y,453.1985,39,CDXHY539 BEST Curncy
16992,2023-01-19,US_HY,7Y,480.576,39,CDXHY739 BEST Curncy
16989,2023-01-19,US_IG,5Y,74.647,39,CDXIG539 Curncy
16990,2023-01-19,US_HY,3Y,468.349,39,CDXHY339 BEST Curncy
16993,2023-01-19,US_HY,10Y,483.327,39,CDXHY039 BEST Curncy
17006,2023-01-20,US_HY,10Y,475.477,39,CDXHY039 BEST Curncy
17005,2023-01-20,US_HY,7Y,473.025,39,CDXHY739 BEST Curncy
17004,2023-01-20,US_HY,5Y,451.1297,39,CDXHY539 BEST Curncy
17003,2023-01-20,US_HY,3Y,468.309,39,CDXHY339 BEST Curncy
17002,2023-01-20,US_IG,5Y,76.257,39,CDXIG539 Curncy
17015,2023-01-23,US_IG,5Y,73.852,39,CDXIG539 Curncy
17016,2023-01-23,US_HY,3Y,468.207,39,CDXHY339 BEST Curncy
17017,2023-01-23,US_HY,5Y,437.9113,39,CDXHY539 BEST Curncy
17018,2023-01-23,US_HY,7Y,456.419,39,CDXHY739 BEST Curncy
17019,2023-01-23,US_HY,10Y,459.871,39,CDXHY039 BEST Curncy
17032,2023-01-24,US_HY,10Y,462.562,39,CDXHY039 BEST Curncy
17031,2023-01-24,US_HY,7Y,459.272,39,CDXHY739 BEST Curncy
17030,2023-01-24,US_HY,5Y,434.5453,39,CDXHY539 BEST Curncy
17029,2023-01-24,US_HY,3Y,468.157,39,CDXHY339 BEST Curncy
17028,2023-01-24,US_IG,5Y,72.871,39,CDXIG539 Curncy
17041,2023-01-25,US_IG,5Y,73.764,39,CDXIG539 Curncy
17042,2023-01-25,US_HY,3Y,468.15,39,CDXHY339 BEST Curncy
17043,2023-01-25,US_HY,5Y,432.8365,39,CDXHY539 BEST Curncy
17044,2023-01-25,US_HY,7Y,462.268,39,CDXHY739 BEST Curncy
17045,2023-01-25,US_HY,10Y,465.733,39,CDXHY039 BEST Curncy
17058,2023-01-26,US_HY,10Y,459.73,39,CDXHY039 BEST Curncy
17057,2023-01-26,US_HY,7Y,454.838,39,CDXHY739 BEST Curncy
17056,2023-01-26,US_HY,5Y,430.8355,39,CDXHY539 BEST Curncy
17055,2023-01-26,US_HY,3Y,468.135,39,CDXHY339 BEST Curncy
17054,2023-01-26,US_IG,5Y,70.721,39,CDXIG539 Curncy
17067,2023-01-27,US_IG,5Y,71.872,39,CDXIG539 Curncy
17068,2023-01-27,US_HY,3Y,468.089,39,CDXHY339 BEST Curncy
17069,2023-01-27,US_HY,5Y,429.9768,39,CDXHY539 BEST Curncy
17070,2023-01-27,US_HY,7Y,453.972,39,CDXHY739 BEST Curncy
17071,2023-01-27,US_HY,10Y,458.562,39,CDXHY039 BEST Curncy
17084,2023-01-30,US_HY,10Y,465.134,39,CDXHY039 BEST Curncy
17083,2023-01-30,US_HY,7Y,462.135,39,CDXHY739 BEST Curncy
17082,2023-01-30,US_HY,5Y,440.3871,39,CDXHY539 BEST Curncy
17081,2023-01-30,US_HY,3Y,467.998,39,CDXHY339 BEST Curncy
17080,2023-01-30,US_IG,5Y,72.648,39,CDXIG539 Curncy
17093,2023-01-31,US_IG,5Y,72.824,39,CDXIG539 Curncy
17094,2023-01-31,US_HY,3Y,467.951,39,CDXHY339 BEST Curncy
17095,2023-01-31,US_HY,5Y,431.2277,39,CDXHY539 BEST Curncy
17096,2023-01-31,US_HY,7Y,455.374,39,CDXHY739 BEST Curncy
17097,2023-01-31,US_HY,10Y,458.71,39,CDXHY039 BEST Curncy
17109,2023-02-01,US_HY,7Y,457.822,39,CDXHY739 BEST Curncy
17108,2023-02-01,US_HY,5Y,421.5803,39,CDXHY539 BEST Curncy
17110,2023-02-01,US_HY,10Y,460.987,39,CDXHY039 BEST Curncy
17106,2023-02-01,US_IG,5Y,71.713,39,CDXIG539 Curncy
17107,2023-02-01,US_HY,3Y,467.959,39,CDXHY339 BEST Curncy
17119,2023-02-02,US_IG,5Y,66.74,39,CDXIG539 Curncy
17120,2023-02-02,US_HY,3Y,467.97,39,CDXHY339 BEST Curncy
17121,2023-02-02,US_HY,5Y,404.6454,39,CDXHY539 BEST Curncy
17122,2023-02-02,US_HY,7Y,426.651,39,CDXHY739 BEST Curncy
17123,2023-02-02,US_HY,10Y,431.648,39,CDXHY039 BEST Curncy
17136,2023-02-03,US_HY,10Y,434.304,39,CDXHY039 BEST Curncy
17135,2023-02-03,US_HY,7Y,428.904,39,CDXHY739 BEST Curncy
17134,2023-02-03,US_HY,5Y,416.4435,39,CDXHY539 BEST Curncy
17133,2023-02-03,US_HY,3Y,467.94,39,CDXHY339 BEST Curncy
17132,2023-02-03,US_IG,5Y,68.537,39,CDXIG539 Curncy
17145,2023-02-06,US_IG,5Y,69.792,39,CDXIG539 Curncy
17146,2023-02-06,US_HY,3Y,467.771,39,CDXHY339 BEST Curncy
17147,2023-02-06,US_HY,5Y,422.9723,39,CDXHY539 BEST Curncy
17148,2023-02-06,US_HY,7Y,445.878,39,CDXHY739 BEST Curncy
17149,2023-02-06,US_HY,10Y,450.35,39,CDXHY039 BEST Curncy
17161,2023-02-07,US_HY,7Y,448.185,39,CDXHY739 BEST Curncy
17160,2023-02-07,US_HY,5Y,416.4094,39,CDXHY539 BEST Curncy
17162,2023-02-07,US_HY,10Y,453.182,39,CDXHY039 BEST Curncy
17158,2023-02-07,US_IG,5Y,70.75,39,CDXIG539 Curncy
17159,2023-02-07,US_HY,3Y,467.68,39,CDXHY339 BEST Curncy
17171,2023-02-08,US_IG,5Y,69.649,39,CDXIG539 Curncy
17172,2023-02-08,US_HY,3Y,467.663,39,CDXHY339 BEST Curncy
17173,2023-02-08,US_HY,5Y,424.4319,39,CDXHY539 BEST Curncy
17174,2023-02-08,US_HY,7Y,450.732,39,CDXHY739 BEST Curncy
17175,2023-02-08,US_HY,10Y,455.012,39,CDXHY039 BEST Curncy
17187,2023-02-09,US_HY,7Y,449.772,39,CDXHY739 BEST Curncy
17186,2023-02-09,US_HY,5Y,430.7399,39,CDXHY539 BEST Curncy
17188,2023-02-09,US_HY,10Y,454.443,39,CDXHY039 BEST Curncy
17184,2023-02-09,US_IG,5Y,69.06,39,CDXIG539 Curncy
17185,2023-02-09,US_HY,3Y,467.645,39,CDXHY339 BEST Curncy
17197,2023-02-10,US_IG,5Y,71.983,39,CDXIG539 Curncy
17198,2023-02-10,US_HY,3Y,467.593,39,CDXHY339 BEST Curncy
17199,2023-02-10,US_HY,5Y,440.5273,39,CDXHY539 BEST Curncy
17200,2023-02-10,US_HY,7Y,465.94,39,CDXHY739 BEST Curncy
17201,2023-02-10,US_HY,10Y,469.655,39,CDXHY039 BEST Curncy
17210,2023-02-13,US_IG,5Y,73.521,39,CDXIG539 Curncy
17211,2023-02-13,US_HY,3Y,467.486,39,CDXHY339 BEST Curncy
17212,2023-02-13,US_HY,5Y,436.5431,39,CDXHY539 BEST Curncy
17213,2023-02-13,US_HY,7Y,461.651,39,CDXHY739 BEST Curncy
17214,2023-02-13,US_HY,10Y,464.987,39,CDXHY039 BEST Curncy
17226,2023-02-14,US_HY,7Y,463.644,39,CDXHY739 BEST Curncy
17225,2023-02-14,US_HY,5Y,434.733,39,CDXHY539 BEST Curncy
17227,2023-02-14,US_HY,10Y,467.049,39,CDXHY039 BEST Curncy
17223,2023-02-14,US_IG,5Y,70.3,39,CDXIG539 Curncy
17224,2023-02-14,US_HY,3Y,467.458,39,CDXHY339 BEST Curncy
17236,2023-02-15,US_IG,5Y,72.708,39,CDXIG539 Curncy
17237,2023-02-15,US_HY,3Y,467.385,39,CDXHY339 BEST Curncy
17238,2023-02-15,US_HY,5Y,438.6327,39,CDXHY539 BEST Curncy
17239,2023-02-15,US_HY,7Y,464.726,39,CDXHY739 BEST Curncy
17240,2023-02-15,US_HY,10Y,467.722,39,CDXHY039 BEST Curncy
17253,2023-02-16,US_HY,10Y,468.786,39,CDXHY039 BEST Curncy
17251,2023-02-16,US_HY,5Y,438.8387,39,CDXHY539 BEST Curncy
17252,2023-02-16,US_HY,7Y,465.294,39,CDXHY739 BEST Curncy
17249,2023-02-16,US_IG,5Y,73.167,39,CDXIG539 Curncy
17250,2023-02-16,US_HY,3Y,467.355,39,CDXHY339 BEST Curncy
17262,2023-02-17,US_IG,5Y,74.0,39,CDXIG539 Curncy
17263,2023-02-17,US_HY,3Y,467.326,39,CDXHY339 BEST Curncy
17264,2023-02-17,US_HY,5Y,448.5719,39,CDXHY539 BEST Curncy
17265,2023-02-17,US_HY,7Y,476.995,39,CDXHY739 BEST Curncy
17266,2023-02-17,US_HY,10Y,479.942,39,CDXHY039 BEST Curncy
17278,2023-02-20,US_HY,7Y,470.305,39,CDXHY739 BEST Curncy
17277,2023-02-20,US_HY,5Y,444.9185,39,CDXHY539 BEST Curncy
17279,2023-02-20,US_HY,10Y,473.701,39,CDXHY039 BEST Curncy
17275,2023-02-20,US_IG,5Y,72.81,39,CDXIG539 Curncy
17276,2023-02-20,US_HY,3Y,467.246,39,CDXHY339 BEST Curncy
17292,2023-02-21,US_HY,10Y,490.652,39,CDXHY039 BEST Curncy
17291,2023-02-21,US_HY,7Y,488.849,39,CDXHY739 BEST Curncy
17288,2023-02-21,US_IG,5Y,75.64,39,CDXIG539 Curncy
17289,2023-02-21,US_HY,3Y,467.22,39,CDXHY339 BEST Curncy
17290,2023-02-21,US_HY,5Y,466.183,39,CDXHY539 BEST Curncy
17304,2023-02-22,US_HY,7Y,487.154,39,CDXHY739 BEST Curncy
17303,2023-02-22,US_HY,5Y,465.2982,39,CDXHY539 BEST Curncy
17305,2023-02-22,US_HY,10Y,489.29,39,CDXHY039 BEST Curncy
17301,2023-02-22,US_IG,5Y,77.165,39,CDXIG539 Curncy
17302,2023-02-22,US_HY,3Y,467.154,39,CDXHY339 BEST Curncy
17314,2023-02-23,US_IG,5Y,74.634,39,CDXIG539 Curncy
17315,2023-02-23,US_HY,3Y,467.125,39,CDXHY339 BEST Curncy
17317,2023-02-23,US_HY,7Y,485.506,39,CDXHY739 BEST Curncy
17318,2023-02-23,US_HY,10Y,487.986,39,CDXHY039 BEST Curncy
17316,2023-02-23,US_HY,5Y,451.9744,39,CDXHY539 BEST Curncy
17327,2023-02-24,US_IG,5Y,76.621,39,CDXIG539 Curncy
17328,2023-02-24,US_HY,3Y,467.107,39,CDXHY339 BEST Curncy
17329,2023-02-24,US_HY,5Y,462.9394,39,CDXHY539 BEST Curncy
17330,2023-02-24,US_HY,7Y,485.726,39,CDXHY739 BEST Curncy
17331,2023-02-24,US_HY,10Y,488.497,39,CDXHY039 BEST Curncy
17343,2023-02-27,US_HY,7Y,483.804,39,CDXHY739 BEST Curncy
17344,2023-02-27,US_HY,10Y,486.965,39,CDXHY039 BEST Curncy
17342,2023-02-27,US_HY,5Y,457.2742,39,CDXHY539 BEST Curncy
17340,2023-02-27,US_IG,5Y,75.422,39,CDXIG539 Curncy
17341,2023-02-27,US_HY,3Y,466.966,39,CDXHY339 BEST Curncy
17353,2023-02-28,US_IG,5Y,76.412,39,CDXIG539 Curncy
17354,2023-02-28,US_HY,3Y,466.945,39,CDXHY339 BEST Curncy
17355,2023-02-28,US_HY,5Y,459.3799,39,CDXHY539 BEST Curncy
17356,2023-02-28,US_HY,7Y,481.348,39,CDXHY739 BEST Curncy
17357,2023-02-28,US_HY,10Y,485.675,39,CDXHY039 BEST Curncy
17370,2023-03-01,US_HY,10Y,483.232,39,CDXHY039 BEST Curncy
17369,2023-03-01,US_HY,7Y,479.292,39,CDXHY739 BEST Curncy
17368,2023-03-01,US_HY,5Y,462.2537,39,CDXHY539 BEST Curncy
17367,2023-03-01,US_HY,3Y,466.923,39,CDXHY339 BEST Curncy
17366,2023-03-01,US_IG,5Y,75.993,39,CDXIG539 Curncy
17379,2023-03-02,US_IG,5Y,76.992,39,CDXIG539 Curncy
17380,2023-03-02,US_HY,3Y,466.861,39,CDXHY339 BEST Curncy
17381,2023-03-02,US_HY,5Y,456.6429,39,CDXHY539 BEST Curncy
17382,2023-03-02,US_HY,7Y,485.835,39,CDXHY739 BEST Curncy
17383,2023-03-02,US_HY,10Y,488.904,39,CDXHY039 BEST Curncy
17395,2023-03-03,US_HY,7Y,458.964,39,CDXHY739 BEST Curncy
17394,2023-03-03,US_HY,5Y,430.5504,39,CDXHY539 BEST Curncy
17396,2023-03-03,US_HY,10Y,463.216,39,CDXHY039 BEST Curncy
17392,2023-03-03,US_IG,5Y,73.693,39,CDXIG539 Curncy
17393,2023-03-03,US_HY,3Y,466.833,39,CDXHY339 BEST Curncy
17405,2023-03-06,US_IG,5Y,70.247,39,CDXIG539 Curncy
17406,2023-03-06,US_HY,3Y,466.752,39,CDXHY339 BEST Curncy
17407,2023-03-06,US_HY,5Y,431.5479,39,CDXHY539 BEST Curncy
17408,2023-03-06,US_HY,7Y,446.91,39,CDXHY739 BEST Curncy
17409,2023-03-06,US_HY,10Y,452.199,39,CDXHY039 BEST Curncy
17421,2023-03-07,US_HY,7Y,459.583,39,CDXHY739 BEST Curncy
17420,2023-03-07,US_HY,5Y,443.7177,39,CDXHY539 BEST Curncy
17422,2023-03-07,US_HY,10Y,464.401,39,CDXHY039 BEST Curncy
17418,2023-03-07,US_IG,5Y,70.503,39,CDXIG539 Curncy
17419,2023-03-07,US_HY,3Y,466.718,39,CDXHY339 BEST Curncy
17431,2023-03-08,US_IG,5Y,73.557,39,CDXIG539 Curncy
17432,2023-03-08,US_HY,3Y,466.641,39,CDXHY339 BEST Curncy
17433,2023-03-08,US_HY,5Y,457.5077,39,CDXHY539 BEST Curncy
17434,2023-03-08,US_HY,7Y,472.573,39,CDXHY739 BEST Curncy
17435,2023-03-08,US_HY,10Y,476.45,39,CDXHY039 BEST Curncy
17444,2023-03-09,US_IG,5Y,73.783,39,CDXIG539 Curncy
17445,2023-03-09,US_HY,3Y,466.597,39,CDXHY339 BEST Curncy
17446,2023-03-09,US_HY,5Y,469.3892,39,CDXHY539 BEST Curncy
17447,2023-03-09,US_HY,7Y,472.346,39,CDXHY739 BEST Curncy
17448,2023-03-09,US_HY,10Y,476.271,39,CDXHY039 BEST Curncy
17461,2023-03-10,US_HY,10Y,507.689,39,CDXHY039 BEST Curncy
17460,2023-03-10,US_HY,7Y,505.464,39,CDXHY739 BEST Curncy
17458,2023-03-10,US_HY,3Y,466.646,39,CDXHY339 BEST Curncy
17459,2023-03-10,US_HY,5Y,494.0644,39,CDXHY539 BEST Curncy
17457,2023-03-10,US_IG,5Y,80.575,39,CDXIG539 Curncy
17470,2023-03-13,US_IG,5Y,87.992,39,CDXIG539 Curncy
17471,2023-03-13,US_HY,3Y,466.7,39,CDXHY339 BEST Curncy
17472,2023-03-13,US_HY,5Y,523.8385,39,CDXHY539 BEST Curncy
17473,2023-03-13,US_HY,7Y,535.484,39,CDXHY739 BEST Curncy
17474,2023-03-13,US_HY,10Y,534.611,39,CDXHY039 BEST Curncy
17487,2023-03-14,US_HY,10Y,518.816,39,CDXHY039 BEST Curncy
17486,2023-03-14,US_HY,7Y,520.354,39,CDXHY739 BEST Curncy
17485,2023-03-14,US_HY,5Y,517.0225,39,CDXHY539 BEST Curncy
17484,2023-03-14,US_HY,3Y,466.736,39,CDXHY339 BEST Curncy
17483,2023-03-14,US_IG,5Y,84.033,39,CDXIG539 Curncy
17496,2023-03-15,US_IG,5Y,91.218,39,CDXIG539 Curncy
17497,2023-03-15,US_HY,3Y,466.824,39,CDXHY339 BEST Curncy
17498,2023-03-15,US_HY,5Y,528.3525,39,CDXHY539 BEST Curncy
17499,2023-03-15,US_HY,7Y,562.33,39,CDXHY739 BEST Curncy
17500,2023-03-15,US_HY,10Y,558.767,39,CDXHY039 BEST Curncy
17513,2023-03-16,US_HY,10Y,530.143,39,CDXHY039 BEST Curncy
17512,2023-03-16,US_HY,7Y,533.386,39,CDXHY739 BEST Curncy
17511,2023-03-16,US_HY,5Y,503.7308,39,CDXHY539 BEST Curncy
17510,2023-03-16,US_HY,3Y,466.937,39,CDXHY339 BEST Curncy
17509,2023-03-16,US_IG,5Y,89.869,39,CDXIG539 Curncy
17522,2023-03-17,US_IG,5Y,87.082,39,CDXIG539 Curncy
17523,2023-03-17,US_HY,3Y,466.788,39,CDXHY339 BEST Curncy
17524,2023-03-17,US_HY,5Y,533.2338,39,CDXHY539 BEST Curncy
17525,2023-03-17,US_HY,7Y,537.15,39,CDXHY739 BEST Curncy
17526,2023-03-17,US_HY,10Y,533.47,39,CDXHY039 BEST Curncy
17535,2023-03-20,US_IG,5Y,88.504,40,CDXIG540 Curncy
17536,2023-03-20,US_IG,10Y,123.776,40,CDXIG040 Curncy
17546,2023-03-21,US_IG,10Y,116.656,40,CDXIG040 Curncy
17545,2023-03-21,US_IG,5Y,80.229,40,CDXIG540 Curncy
17555,2023-03-22,US_IG,5Y,83.25,40,CDXIG540 Curncy
17556,2023-03-22,US_IG,10Y,117.897,40,CDXIG040 Curncy
17565,2023-03-23,US_IG,5Y,86.153,40,CDXIG540 Curncy
17566,2023-03-23,US_IG,10Y,120.977,40,CDXIG040 Curncy
17575,2023-03-24,US_IG,5Y,84.817,40,CDXIG540 Curncy
17576,2023-03-24,US_IG,10Y,120.819,40,CDXIG040 Curncy
17588,2023-03-27,US_HY,7Y,520.319,40,CDXHY740 BEST Curncy
17587,2023-03-27,US_HY,5Y,502.7169,40,CDXHY540 BEST Curncy
17589,2023-03-27,US_HY,10Y,520.062,40,CDXHY040 BEST Curncy
17585,2023-03-27,US_IG,5Y,83.093,40,CDXIG540 Curncy
17586,2023-03-27,US_IG,10Y,118.152,40,CDXIG040 Curncy
17598,2023-03-28,US_IG,5Y,83.866,40,CDXIG540 Curncy
17599,2023-03-28,US_IG,10Y,118.56,40,CDXIG040 Curncy
17600,2023-03-28,US_HY,5Y,511.7049,40,CDXHY540 BEST Curncy
17601,2023-03-28,US_HY,7Y,521.047,40,CDXHY740 BEST Curncy
17602,2023-03-28,US_HY,10Y,520.376,40,CDXHY040 BEST Curncy
17615,2023-03-29,US_HY,10Y,506.531,40,CDXHY040 BEST Curncy
17614,2023-03-29,US_HY,7Y,506.319,40,CDXHY740 BEST Curncy
17613,2023-03-29,US_HY,5Y,486.8966,40,CDXHY540 BEST Curncy
17612,2023-03-29,US_IG,10Y,114.979,40,CDXIG040 Curncy
17611,2023-03-29,US_IG,5Y,79.307,40,CDXIG540 Curncy
17624,2023-03-30,US_IG,5Y,77.75,40,CDXIG540 Curncy
17625,2023-03-30,US_IG,10Y,113.643,40,CDXIG040 Curncy
17626,2023-03-30,US_HY,5Y,481.711,40,CDXHY540 BEST Curncy
17627,2023-03-30,US_HY,7Y,495.278,40,CDXHY740 BEST Curncy
17628,2023-03-30,US_HY,10Y,495.405,40,CDXHY040 BEST Curncy
17640,2023-03-31,US_HY,7Y,473.694,40,CDXHY740 BEST Curncy
17639,2023-03-31,US_HY,5Y,465.574,40,CDXHY540 BEST Curncy
17641,2023-03-31,US_HY,10Y,474.352,40,CDXHY040 BEST Curncy
17637,2023-03-31,US_IG,5Y,75.858,40,CDXIG540 Curncy
17638,2023-03-31,US_IG,10Y,112.103,40,CDXIG040 Curncy
17650,2023-04-03,US_IG,5Y,76.286,40,CDXIG540 Curncy
17651,2023-04-03,US_IG,10Y,112.308,40,CDXIG040 Curncy
17652,2023-04-03,US_HY,5Y,470.6953,40,CDXHY540 BEST Curncy
17653,2023-04-03,US_HY,7Y,483.967,40,CDXHY740 BEST Curncy
17654,2023-04-03,US_HY,10Y,484.767,40,CDXHY040 BEST Curncy
17666,2023-04-04,US_HY,7Y,496.859,40,CDXHY740 BEST Curncy
17665,2023-04-04,US_HY,5Y,485.4126,40,CDXHY540 BEST Curncy
17667,2023-04-04,US_HY,10Y,496.529,40,CDXHY040 BEST Curncy
17663,2023-04-04,US_IG,5Y,78.344,40,CDXIG540 Curncy
17664,2023-04-04,US_IG,10Y,114.185,40,CDXIG040 Curncy
17676,2023-04-05,US_IG,5Y,80.716,40,CDXIG540 Curncy
17677,2023-04-05,US_IG,10Y,116.097,40,CDXIG040 Curncy
17678,2023-04-05,US_HY,5Y,493.3263,40,CDXHY540 BEST Curncy
17679,2023-04-05,US_HY,7Y,507.666,40,CDXHY740 BEST Curncy
17680,2023-04-05,US_HY,10Y,506.638,40,CDXHY040 BEST Curncy
17689,2023-04-06,US_IG,5Y,79.294,40,CDXIG540 Curncy
17690,2023-04-06,US_IG,10Y,115.627,40,CDXIG040 Curncy
17691,2023-04-06,US_HY,5Y,487.6687,40,CDXHY540 BEST Curncy
17692,2023-04-06,US_HY,7Y,500.196,40,CDXHY740 BEST Curncy
17693,2023-04-06,US_HY,10Y,498.9,40,CDXHY040 BEST Curncy
17704,2023-04-07,US_HY,10Y,491.084,40,CDXHY040 BEST Curncy
17703,2023-04-07,US_HY,7Y,492.193,40,CDXHY740 BEST Curncy
17701,2023-04-07,US_IG,10Y,114.184,40,CDXIG040 Curncy
17702,2023-04-07,US_HY,5Y,480.0577,40,CDXHY540 BEST Curncy
17700,2023-04-07,US_IG,5Y,77.906,40,CDXIG540 Curncy
17706,2023-04-10,US_IG,5Y,78.282,40,CDXIG540 Curncy
17707,2023-04-10,US_IG,10Y,114.676,40,CDXIG040 Curncy
17708,2023-04-10,US_HY,5Y,479.9631,40,CDXHY540 BEST Curncy
17709,2023-04-10,US_HY,7Y,499.606,40,CDXHY740 BEST Curncy
17710,2023-04-10,US_HY,10Y,497.946,40,CDXHY040 BEST Curncy
17723,2023-04-11,US_HY,10Y,485.245,40,CDXHY040 BEST Curncy
17722,2023-04-11,US_HY,7Y,486.482,40,CDXHY740 BEST Curncy
17721,2023-04-11,US_HY,5Y,470.8669,40,CDXHY540 BEST Curncy
17720,2023-04-11,US_IG,10Y,113.39,40,CDXIG040 Curncy
17719,2023-04-11,US_IG,5Y,76.63,40,CDXIG540 Curncy
17732,2023-04-12,US_IG,5Y,77.395,40,CDXIG540 Curncy
17733,2023-04-12,US_IG,10Y,113.666,40,CDXIG040 Curncy
17734,2023-04-12,US_HY,5Y,470.1187,40,CDXHY540 BEST Curncy
17735,2023-04-12,US_HY,7Y,483.753,40,CDXHY740 BEST Curncy
17736,2023-04-12,US_HY,10Y,482.445,40,CDXHY040 BEST Curncy
17749,2023-04-13,US_HY,10Y,477.847,40,CDXHY040 BEST Curncy
17748,2023-04-13,US_HY,7Y,478.939,40,CDXHY740 BEST Curncy
17747,2023-04-13,US_HY,5Y,461.8721,40,CDXHY540 BEST Curncy
17746,2023-04-13,US_IG,10Y,112.214,40,CDXIG040 Curncy
17745,2023-04-13,US_IG,5Y,74.988,40,CDXIG540 Curncy
17758,2023-04-14,US_IG,5Y,73.964,40,CDXIG540 Curncy
17759,2023-04-14,US_IG,10Y,111.19,40,CDXIG040 Curncy
17760,2023-04-14,US_HY,5Y,459.9059,40,CDXHY540 BEST Curncy
17761,2023-04-14,US_HY,7Y,473.329,40,CDXHY740 BEST Curncy
17762,2023-04-14,US_HY,10Y,472.442,40,CDXHY040 BEST Curncy
17771,2023-04-17,US_IG,5Y,73.604,40,CDXIG540 Curncy
17772,2023-04-17,US_IG,10Y,110.874,40,CDXIG040 Curncy
17773,2023-04-17,US_HY,5Y,460.235,40,CDXHY540 BEST Curncy
17774,2023-04-17,US_HY,7Y,477.091,40,CDXHY740 BEST Curncy
17775,2023-04-17,US_HY,10Y,475.715,40,CDXHY040 BEST Curncy
17784,2023-04-18,US_IG,5Y,73.565,40,CDXIG540 Curncy
17785,2023-04-18,US_IG,10Y,110.946,40,CDXIG040 Curncy
17786,2023-04-18,US_HY,5Y,460.8584,40,CDXHY540 BEST Curncy
17787,2023-04-18,US_HY,7Y,473.325,40,CDXHY740 BEST Curncy
17788,2023-04-18,US_HY,10Y,472.52,40,CDXHY040 BEST Curncy
17801,2023-04-19,US_HY,10Y,476.397,40,CDXHY040 BEST Curncy
17800,2023-04-19,US_HY,7Y,477.597,40,CDXHY740 BEST Curncy
17799,2023-04-19,US_HY,5Y,462.0727,40,CDXHY540 BEST Curncy
17798,2023-04-19,US_IG,10Y,111.995,40,CDXIG040 Curncy
17797,2023-04-19,US_IG,5Y,75.22,40,CDXIG540 Curncy
17810,2023-04-20,US_IG,5Y,76.991,40,CDXIG540 Curncy
17811,2023-04-20,US_IG,10Y,113.805,40,CDXIG040 Curncy
17812,2023-04-20,US_HY,5Y,476.3025,40,CDXHY540 BEST Curncy
17813,2023-04-20,US_HY,7Y,488.331,40,CDXHY740 BEST Curncy
17814,2023-04-20,US_HY,10Y,486.204,40,CDXHY040 BEST Curncy
17827,2023-04-21,US_HY,10Y,482.97,40,CDXHY040 BEST Curncy
17826,2023-04-21,US_HY,7Y,484.838,40,CDXHY740 BEST Curncy
17825,2023-04-21,US_HY,5Y,468.4702,40,CDXHY540 BEST Curncy
17824,2023-04-21,US_IG,10Y,113.407,40,CDXIG040 Curncy
17823,2023-04-21,US_IG,5Y,76.051,40,CDXIG540 Curncy
17836,2023-04-24,US_IG,5Y,75.583,40,CDXIG540 Curncy
17837,2023-04-24,US_IG,10Y,113.015,40,CDXIG040 Curncy
17838,2023-04-24,US_HY,5Y,469.1408,40,CDXHY540 BEST Curncy
17839,2023-04-24,US_HY,7Y,484.612,40,CDXHY740 BEST Curncy
17840,2023-04-24,US_HY,10Y,482.465,40,CDXHY040 BEST Curncy
17853,2023-04-25,US_HY,10Y,486.571,40,CDXHY040 BEST Curncy
17852,2023-04-25,US_HY,7Y,489.341,40,CDXHY740 BEST Curncy
17851,2023-04-25,US_HY,5Y,487.4909,40,CDXHY540 BEST Curncy
17850,2023-04-25,US_IG,10Y,114.787,40,CDXIG040 Curncy
17849,2023-04-25,US_IG,5Y,78.06,40,CDXIG540 Curncy
17862,2023-04-26,US_IG,5Y,79.046,40,CDXIG540 Curncy
17863,2023-04-26,US_IG,10Y,115.809,40,CDXIG040 Curncy
17864,2023-04-26,US_HY,5Y,487.5511,40,CDXHY540 BEST Curncy
17865,2023-04-26,US_HY,7Y,494.886,40,CDXHY740 BEST Curncy
17866,2023-04-26,US_HY,10Y,491.818,40,CDXHY040 BEST Curncy
17879,2023-04-27,US_HY,10Y,484.291,40,CDXHY040 BEST Curncy
17878,2023-04-27,US_HY,7Y,486.838,40,CDXHY740 BEST Curncy
17877,2023-04-27,US_HY,5Y,469.7465,40,CDXHY540 BEST Curncy
17876,2023-04-27,US_IG,10Y,113.557,40,CDXIG040 Curncy
17875,2023-04-27,US_IG,5Y,76.143,40,CDXIG540 Curncy
17888,2023-04-28,US_IG,5Y,75.765,40,CDXIG540 Curncy
17889,2023-04-28,US_IG,10Y,112.819,40,CDXIG040 Curncy
17890,2023-04-28,US_HY,5Y,464.2364,40,CDXHY540 BEST Curncy
17891,2023-04-28,US_HY,7Y,477.222,40,CDXHY740 BEST Curncy
17892,2023-04-28,US_HY,10Y,475.359,40,CDXHY040 BEST Curncy
17901,2023-05-01,US_HY,7Y,482.313,40,CDXHY740 BEST Curncy
17900,2023-05-01,US_HY,5Y,471.6252,40,CDXHY540 BEST Curncy
17902,2023-05-01,US_HY,10Y,479.912,40,CDXHY040 BEST Curncy
17898,2023-05-01,US_IG,5Y,77.533,40,CDXIG540 Curncy
17899,2023-05-01,US_IG,10Y,114.103,40,CDXIG040 Curncy
17913,2023-05-02,US_HY,5Y,489.4452,40,CDXHY540 BEST Curncy
17914,2023-05-02,US_HY,7Y,502.591,40,CDXHY740 BEST Curncy
17911,2023-05-02,US_IG,5Y,79.763,40,CDXIG540 Curncy
17912,2023-05-02,US_IG,10Y,116.027,40,CDXIG040 Curncy
17915,2023-05-02,US_HY,10Y,498.562,40,CDXHY040 BEST Curncy
17927,2023-05-03,US_HY,7Y,501.585,40,CDXHY740 BEST Curncy
17926,2023-05-03,US_HY,5Y,487.2474,40,CDXHY540 BEST Curncy
17928,2023-05-03,US_HY,10Y,497.622,40,CDXHY040 BEST Curncy
17924,2023-05-03,US_IG,5Y,81.619,40,CDXIG540 Curncy
17925,2023-05-03,US_IG,10Y,118.032,40,CDXIG040 Curncy
17937,2023-05-04,US_IG,5Y,83.231,40,CDXIG540 Curncy
17938,2023-05-04,US_IG,10Y,118.889,40,CDXIG040 Curncy
17939,2023-05-04,US_HY,5Y,511.5717,40,CDXHY540 BEST Curncy
17940,2023-05-04,US_HY,7Y,526.563,40,CDXHY740 BEST Curncy
17941,2023-05-04,US_HY,10Y,520.992,40,CDXHY040 BEST Curncy
17950,2023-05-05,US_IG,5Y,80.551,40,CDXIG540 Curncy
17951,2023-05-05,US_IG,10Y,117.117,40,CDXIG040 Curncy
17952,2023-05-05,US_HY,5Y,490.2696,40,CDXHY540 BEST Curncy
17953,2023-05-05,US_HY,7Y,506.921,40,CDXHY740 BEST Curncy
17954,2023-05-05,US_HY,10Y,502.057,40,CDXHY040 BEST Curncy
17964,2023-05-08,US_HY,10Y,501.748,40,CDXHY040 BEST Curncy
17963,2023-05-08,US_HY,7Y,506.552,40,CDXHY740 BEST Curncy
17960,2023-05-08,US_IG,5Y,81.378,40,CDXIG540 Curncy
17961,2023-05-08,US_IG,10Y,117.256,40,CDXIG040 Curncy
17962,2023-05-08,US_HY,5Y,493.9795,40,CDXHY540 BEST Curncy
17973,2023-05-09,US_IG,5Y,82.32,40,CDXIG540 Curncy
17974,2023-05-09,US_IG,10Y,118.162,40,CDXIG040 Curncy
17975,2023-05-09,US_HY,5Y,500.0,40,CDXHY540 BEST Curncy
17976,2023-05-09,US_HY,7Y,513.579,40,CDXHY740 BEST Curncy
17977,2023-05-09,US_HY,10Y,508.162,40,CDXHY040 BEST Curncy
17990,2023-05-10,US_HY,10Y,502.553,40,CDXHY040 BEST Curncy
17989,2023-05-10,US_HY,7Y,507.971,40,CDXHY740 BEST Curncy
17986,2023-05-10,US_IG,5Y,80.535,40,CDXIG540 Curncy
17987,2023-05-10,US_IG,10Y,117.122,40,CDXIG040 Curncy
17988,2023-05-10,US_HY,5Y,496.4758,40,CDXHY540 BEST Curncy
17999,2023-05-11,US_IG,5Y,80.92,40,CDXIG540 Curncy
18000,2023-05-11,US_IG,10Y,116.989,40,CDXIG040 Curncy
18001,2023-05-11,US_HY,5Y,496.9869,40,CDXHY540 BEST Curncy
18002,2023-05-11,US_HY,7Y,509.337,40,CDXHY740 BEST Curncy
18003,2023-05-11,US_HY,10Y,504.612,40,CDXHY040 BEST Curncy
18016,2023-05-12,US_HY,10Y,504.607,40,CDXHY040 BEST Curncy
18015,2023-05-12,US_HY,7Y,509.532,40,CDXHY740 BEST Curncy
18013,2023-05-12,US_IG,10Y,116.98,40,CDXIG040 Curncy
18012,2023-05-12,US_IG,5Y,80.985,40,CDXIG540 Curncy
18014,2023-05-12,US_HY,5Y,497.7394,40,CDXHY540 BEST Curncy
18029,2023-05-15,US_HY,10Y,503.027,40,CDXHY040 BEST Curncy
18025,2023-05-15,US_IG,5Y,80.899,40,CDXIG540 Curncy
18026,2023-05-15,US_IG,10Y,117.283,40,CDXIG040 Curncy
18027,2023-05-15,US_HY,5Y,496.4732,40,CDXHY540 BEST Curncy
18028,2023-05-15,US_HY,7Y,507.766,40,CDXHY740 BEST Curncy
18042,2023-05-16,US_HY,10Y,509.443,40,CDXHY040 BEST Curncy
18041,2023-05-16,US_HY,7Y,513.986,40,CDXHY740 BEST Curncy
18040,2023-05-16,US_HY,5Y,506.3223,40,CDXHY540 BEST Curncy
18039,2023-05-16,US_IG,10Y,118.952,40,CDXIG040 Curncy
18038,2023-05-16,US_IG,5Y,83.52,40,CDXIG540 Curncy
18051,2023-05-17,US_IG,5Y,80.431,40,CDXIG540 Curncy
18052,2023-05-17,US_IG,10Y,117.35,40,CDXIG040 Curncy
18053,2023-05-17,US_HY,5Y,498.2322,40,CDXHY540 BEST Curncy
18054,2023-05-17,US_HY,7Y,510.991,40,CDXHY740 BEST Curncy
18055,2023-05-17,US_HY,10Y,505.278,40,CDXHY040 BEST Curncy
18068,2023-05-18,US_HY,10Y,499.042,40,CDXHY040 BEST Curncy
18067,2023-05-18,US_HY,7Y,504.593,40,CDXHY740 BEST Curncy
18065,2023-05-18,US_IG,10Y,116.445,40,CDXIG040 Curncy
18064,2023-05-18,US_IG,5Y,79.618,40,CDXIG540 Curncy
18066,2023-05-18,US_HY,5Y,494.44,40,CDXHY540 BEST Curncy
18077,2023-05-19,US_IG,5Y,79.492,40,CDXIG540 Curncy
18078,2023-05-19,US_IG,10Y,116.17,40,CDXIG040 Curncy
18079,2023-05-19,US_HY,5Y,494.1689,40,CDXHY540 BEST Curncy
18080,2023-05-19,US_HY,7Y,504.008,40,CDXHY740 BEST Curncy
18081,2023-05-19,US_HY,10Y,498.396,40,CDXHY040 BEST Curncy
18093,2023-05-22,US_HY,7Y,494.199,40,CDXHY740 BEST Curncy
18092,2023-05-22,US_HY,5Y,481.2732,40,CDXHY540 BEST Curncy
18094,2023-05-22,US_HY,10Y,489.284,40,CDXHY040 BEST Curncy
18090,2023-05-22,US_IG,5Y,76.816,40,CDXIG540 Curncy
18091,2023-05-22,US_IG,10Y,114.248,40,CDXIG040 Curncy
18103,2023-05-23,US_IG,5Y,78.484,40,CDXIG540 Curncy
18104,2023-05-23,US_IG,10Y,114.958,40,CDXIG040 Curncy
18105,2023-05-23,US_HY,5Y,487.5622,40,CDXHY540 BEST Curncy
18106,2023-05-23,US_HY,7Y,489.013,40,CDXHY740 BEST Curncy
18107,2023-05-23,US_HY,10Y,484.354,40,CDXHY040 BEST Curncy
18119,2023-05-24,US_HY,7Y,505.433,40,CDXHY740 BEST Curncy
18118,2023-05-24,US_HY,5Y,500.5099,40,CDXHY540 BEST Curncy
18120,2023-05-24,US_HY,10Y,500.161,40,CDXHY040 BEST Curncy
18116,2023-05-24,US_IG,5Y,79.523,40,CDXIG540 Curncy
18117,2023-05-24,US_IG,10Y,116.102,40,CDXIG040 Curncy
18129,2023-05-25,US_IG,5Y,77.268,40,CDXIG540 Curncy
18130,2023-05-25,US_IG,10Y,114.903,40,CDXIG040 Curncy
18131,2023-05-25,US_HY,5Y,487.2867,40,CDXHY540 BEST Curncy
18132,2023-05-25,US_HY,7Y,496.387,40,CDXHY740 BEST Curncy
18133,2023-05-25,US_HY,10Y,490.213,40,CDXHY040 BEST Curncy
18142,2023-05-26,US_IG,5Y,75.375,40,CDXIG540 Curncy
18143,2023-05-26,US_IG,10Y,113.117,40,CDXIG040 Curncy
18144,2023-05-26,US_HY,5Y,475.0922,40,CDXHY540 BEST Curncy
18145,2023-05-26,US_HY,7Y,484.956,40,CDXHY740 BEST Curncy
18146,2023-05-26,US_HY,10Y,479.653,40,CDXHY040 BEST Curncy
18155,2023-05-29,US_HY,10Y,477.895,40,CDXHY040 BEST Curncy
18154,2023-05-29,US_HY,7Y,483.34,40,CDXHY740 BEST Curncy
18153,2023-05-29,US_HY,5Y,475.0447,40,CDXHY540 BEST Curncy
18152,2023-05-29,US_IG,10Y,112.614,40,CDXIG040 Curncy
18164,2023-05-30,US_IG,5Y,74.355,40,CDXIG540 Curncy
18165,2023-05-30,US_IG,10Y,112.214,40,CDXIG040 Curncy
18166,2023-05-30,US_HY,5Y,467.9762,40,CDXHY540 BEST Curncy
18167,2023-05-30,US_HY,7Y,479.158,40,CDXHY740 BEST Curncy
18168,2023-05-30,US_HY,10Y,473.948,40,CDXHY040 BEST Curncy
18177,2023-05-31,US_IG,5Y,75.632,40,CDXIG540 Curncy
18178,2023-05-31,US_IG,10Y,113.229,40,CDXIG040 Curncy
18179,2023-05-31,US_HY,5Y,470.0768,40,CDXHY540 BEST Curncy
18180,2023-05-31,US_HY,7Y,482.015,40,CDXHY740 BEST Curncy
18181,2023-05-31,US_HY,10Y,476.281,40,CDXHY040 BEST Curncy
18194,2023-06-01,US_HY,10Y,470.705,40,CDXHY040 BEST Curncy
18193,2023-06-01,US_HY,7Y,475.722,40,CDXHY740 BEST Curncy
18190,2023-06-01,US_IG,5Y,73.752,40,CDXIG540 Curncy
18191,2023-06-01,US_IG,10Y,112.106,40,CDXIG040 Curncy
18192,2023-06-01,US_HY,5Y,464.3424,40,CDXHY540 BEST Curncy
18203,2023-06-02,US_IG,5Y,71.288,40,CDXIG540 Curncy
18204,2023-06-02,US_IG,10Y,110.083,40,CDXIG040 Curncy
18205,2023-06-02,US_HY,5Y,449.713,40,CDXHY540 BEST Curncy
18206,2023-06-02,US_HY,7Y,461.104,40,CDXHY740 BEST Curncy
18207,2023-06-02,US_HY,10Y,457.193,40,CDXHY040 BEST Curncy
18220,2023-06-05,US_HY,10Y,460.789,40,CDXHY040 BEST Curncy
18219,2023-06-05,US_HY,7Y,464.607,40,CDXHY740 BEST Curncy
18216,2023-06-05,US_IG,5Y,71.943,40,CDXIG540 Curncy
18217,2023-06-05,US_IG,10Y,110.79,40,CDXIG040 Curncy
18218,2023-06-05,US_HY,5Y,455.1898,40,CDXHY540 BEST Curncy
18229,2023-06-06,US_IG,5Y,71.204,40,CDXIG540 Curncy
18230,2023-06-06,US_IG,10Y,110.404,40,CDXIG040 Curncy
18231,2023-06-06,US_HY,5Y,449.2281,40,CDXHY540 BEST Curncy
18232,2023-06-06,US_HY,7Y,460.722,40,CDXHY740 BEST Curncy
18233,2023-06-06,US_HY,10Y,456.97,40,CDXHY040 BEST Curncy
18246,2023-06-07,US_HY,10Y,454.202,40,CDXHY040 BEST Curncy
18245,2023-06-07,US_HY,7Y,457.583,40,CDXHY740 BEST Curncy
18244,2023-06-07,US_HY,5Y,449.1891,40,CDXHY540 BEST Curncy
18242,2023-06-07,US_IG,5Y,71.89,40,CDXIG540 Curncy
18243,2023-06-07,US_IG,10Y,110.879,40,CDXIG040 Curncy
18255,2023-06-08,US_IG,5Y,70.706,40,CDXIG540 Curncy
18256,2023-06-08,US_IG,10Y,110.135,40,CDXIG040 Curncy
18257,2023-06-08,US_HY,5Y,442.8633,40,CDXHY540 BEST Curncy
18258,2023-06-08,US_HY,7Y,457.465,40,CDXHY740 BEST Curncy
18259,2023-06-08,US_HY,10Y,454.647,40,CDXHY040 BEST Curncy
18271,2023-06-09,US_HY,7Y,451.142,40,CDXHY740 BEST Curncy
18272,2023-06-09,US_HY,10Y,448.513,40,CDXHY040 BEST Curncy
18270,2023-06-09,US_HY,5Y,438.2254,40,CDXHY540 BEST Curncy
18269,2023-06-09,US_IG,10Y,109.937,40,CDXIG040 Curncy
18268,2023-06-09,US_IG,5Y,70.628,40,CDXIG540 Curncy
18281,2023-06-12,US_IG,5Y,70.586,40,CDXIG540 Curncy
18282,2023-06-12,US_IG,10Y,110.025,40,CDXIG040 Curncy
18283,2023-06-12,US_HY,5Y,442.2376,40,CDXHY540 BEST Curncy
18284,2023-06-12,US_HY,7Y,454.094,40,CDXHY740 BEST Curncy
18285,2023-06-12,US_HY,10Y,451.102,40,CDXHY040 BEST Curncy
18298,2023-06-13,US_HY,10Y,448.714,40,CDXHY040 BEST Curncy
18297,2023-06-13,US_HY,7Y,450.827,40,CDXHY740 BEST Curncy
18296,2023-06-13,US_HY,5Y,439.5301,40,CDXHY540 BEST Curncy
18295,2023-06-13,US_IG,10Y,109.662,40,CDXIG040 Curncy
18294,2023-06-13,US_IG,5Y,70.045,40,CDXIG540 Curncy
18307,2023-06-14,US_IG,5Y,71.205,40,CDXIG540 Curncy
18308,2023-06-14,US_IG,10Y,110.314,40,CDXIG040 Curncy
18309,2023-06-14,US_HY,5Y,441.8618,40,CDXHY540 BEST Curncy
18310,2023-06-14,US_HY,7Y,450.667,40,CDXHY740 BEST Curncy
18311,2023-06-14,US_HY,10Y,448.508,40,CDXHY040 BEST Curncy
18324,2023-06-15,US_HY,10Y,450.788,40,CDXHY040 BEST Curncy
18322,2023-06-15,US_HY,5Y,438.0621,40,CDXHY540 BEST Curncy
18323,2023-06-15,US_HY,7Y,452.965,40,CDXHY740 BEST Curncy
18320,2023-06-15,US_IG,5Y,70.395,40,CDXIG540 Curncy
18321,2023-06-15,US_IG,10Y,110.02,40,CDXIG040 Curncy
18333,2023-06-16,US_IG,5Y,69.369,40,CDXIG540 Curncy
18334,2023-06-16,US_IG,10Y,109.196,40,CDXIG040 Curncy
18335,2023-06-16,US_HY,5Y,437.6567,40,CDXHY540 BEST Curncy
18336,2023-06-16,US_HY,7Y,449.188,40,CDXHY740 BEST Curncy
18337,2023-06-16,US_HY,10Y,447.739,40,CDXHY040 BEST Curncy
18349,2023-06-19,US_HY,10Y,448.026,40,CDXHY040 BEST Curncy
18348,2023-06-19,US_HY,7Y,449.607,40,CDXHY740 BEST Curncy
18347,2023-06-19,US_HY,5Y,436.4578,40,CDXHY540 BEST Curncy
18346,2023-06-19,US_IG,10Y,108.982,40,CDXIG040 Curncy
18358,2023-06-20,US_IG,5Y,70.053,40,CDXIG540 Curncy
18359,2023-06-20,US_IG,10Y,109.332,40,CDXIG040 Curncy
18360,2023-06-20,US_HY,5Y,438.9237,40,CDXHY540 BEST Curncy
18361,2023-06-20,US_HY,7Y,452.129,40,CDXHY740 BEST Curncy
18362,2023-06-20,US_HY,10Y,449.704,40,CDXHY040 BEST Curncy
18373,2023-06-21,US_HY,5Y,444.6936,40,CDXHY540 BEST Curncy
18374,2023-06-21,US_HY,7Y,457.254,40,CDXHY740 BEST Curncy
18371,2023-06-21,US_IG,5Y,70.993,40,CDXIG540 Curncy
18372,2023-06-21,US_IG,10Y,110.199,40,CDXIG040 Curncy
18375,2023-06-21,US_HY,10Y,454.076,40,CDXHY040 BEST Curncy
18388,2023-06-22,US_HY,10Y,458.091,40,CDXHY040 BEST Curncy
18387,2023-06-22,US_HY,7Y,462.353,40,CDXHY740 BEST Curncy
18384,2023-06-22,US_IG,5Y,71.16,40,CDXIG540 Curncy
18385,2023-06-22,US_IG,10Y,110.504,40,CDXIG040 Curncy
18386,2023-06-22,US_HY,5Y,452.9548,40,CDXHY540 BEST Curncy
18397,2023-06-23,US_IG,5Y,72.468,40,CDXIG540 Curncy
18398,2023-06-23,US_IG,10Y,111.433,40,CDXIG040 Curncy
18399,2023-06-23,US_HY,5Y,462.4714,40,CDXHY540 BEST Curncy
18400,2023-06-23,US_HY,7Y,471.573,40,CDXHY740 BEST Curncy
18401,2023-06-23,US_HY,10Y,466.228,40,CDXHY040 BEST Curncy
18414,2023-06-26,US_HY,10Y,470.981,40,CDXHY040 BEST Curncy
18412,2023-06-26,US_HY,5Y,466.2685,40,CDXHY540 BEST Curncy
18413,2023-06-26,US_HY,7Y,476.169,40,CDXHY740 BEST Curncy
18410,2023-06-26,US_IG,5Y,73.913,40,CDXIG540 Curncy
18411,2023-06-26,US_IG,10Y,112.53,40,CDXIG040 Curncy
18423,2023-06-27,US_IG,5Y,71.111,40,CDXIG540 Curncy
18424,2023-06-27,US_IG,10Y,110.924,40,CDXIG040 Curncy
18425,2023-06-27,US_HY,5Y,458.1538,40,CDXHY540 BEST Curncy
18426,2023-06-27,US_HY,7Y,469.615,40,CDXHY740 BEST Curncy
18427,2023-06-27,US_HY,10Y,464.739,40,CDXHY040 BEST Curncy
18439,2023-06-28,US_HY,7Y,464.793,40,CDXHY740 BEST Curncy
18438,2023-06-28,US_HY,5Y,455.7981,40,CDXHY540 BEST Curncy
18440,2023-06-28,US_HY,10Y,460.138,40,CDXHY040 BEST Curncy
18436,2023-06-28,US_IG,5Y,69.619,40,CDXIG540 Curncy
18437,2023-06-28,US_IG,10Y,109.413,40,CDXIG040 Curncy
18453,2023-06-29,US_HY,10Y,457.723,40,CDXHY040 BEST Curncy
18452,2023-06-29,US_HY,7Y,462.068,40,CDXHY740 BEST Curncy
18449,2023-06-29,US_IG,5Y,68.994,40,CDXIG540 Curncy
18450,2023-06-29,US_IG,10Y,108.802,40,CDXIG040 Curncy
18451,2023-06-29,US_HY,5Y,448.2501,40,CDXHY540 BEST Curncy
18465,2023-06-30,US_HY,7Y,445.547,40,CDXHY740 BEST Curncy
18464,2023-06-30,US_HY,5Y,426.9635,40,CDXHY540 BEST Curncy
18466,2023-06-30,US_HY,10Y,442.796,40,CDXHY040 BEST Curncy
18462,2023-06-30,US_IG,5Y,66.22,40,CDXIG540 Curncy
18463,2023-06-30,US_IG,10Y,106.588,40,CDXIG040 Curncy
18475,2023-07-03,US_IG,5Y,66.446,40,CDXIG540 Curncy
18477,2023-07-03,US_HY,5Y,433.3629,40,CDXHY540 BEST Curncy
18478,2023-07-03,US_HY,7Y,447.65,40,CDXHY740 BEST Curncy
18479,2023-07-03,US_HY,10Y,444.617,40,CDXHY040 BEST Curncy
18476,2023-07-03,US_IG,10Y,106.383,40,CDXIG040 Curncy
18488,2023-07-04,US_IG,10Y,106.337,40,CDXIG040 Curncy
18489,2023-07-04,US_HY,5Y,433.9773,40,CDXHY540 BEST Curncy
18490,2023-07-04,US_HY,7Y,446.346,40,CDXHY740 BEST Curncy
18491,2023-07-04,US_HY,10Y,443.545,40,CDXHY040 BEST Curncy
18503,2023-07-05,US_HY,7Y,452.842,40,CDXHY740 BEST Curncy
18504,2023-07-05,US_HY,10Y,449.88,40,CDXHY040 BEST Curncy
18502,2023-07-05,US_HY,5Y,439.7636,40,CDXHY540 BEST Curncy
18500,2023-07-05,US_IG,5Y,68.821,40,CDXIG540 Curncy
18501,2023-07-05,US_IG,10Y,108.191,40,CDXIG040 Curncy
18513,2023-07-06,US_IG,5Y,70.803,40,CDXIG540 Curncy
18514,2023-07-06,US_IG,10Y,110.042,40,CDXIG040 Curncy
18515,2023-07-06,US_HY,5Y,453.1573,40,CDXHY540 BEST Curncy
18516,2023-07-06,US_HY,7Y,467.901,40,CDXHY740 BEST Curncy
18517,2023-07-06,US_HY,10Y,464.339,40,CDXHY040 BEST Curncy
18530,2023-07-07,US_HY,10Y,457.376,40,CDXHY040 BEST Curncy
18529,2023-07-07,US_HY,7Y,460.577,40,CDXHY740 BEST Curncy
18528,2023-07-07,US_HY,5Y,446.6657,40,CDXHY540 BEST Curncy
18527,2023-07-07,US_IG,10Y,109.461,40,CDXIG040 Curncy
18526,2023-07-07,US_IG,5Y,70.031,40,CDXIG540 Curncy
18539,2023-07-10,US_IG,5Y,68.054,40,CDXIG540 Curncy
18540,2023-07-10,US_IG,10Y,107.947,40,CDXIG040 Curncy
18541,2023-07-10,US_HY,5Y,443.8094,40,CDXHY540 BEST Curncy
18542,2023-07-10,US_HY,7Y,457.351,40,CDXHY740 BEST Curncy
18543,2023-07-10,US_HY,10Y,454.033,40,CDXHY040 BEST Curncy
18555,2023-07-11,US_HY,7Y,445.002,40,CDXHY740 BEST Curncy
18554,2023-07-11,US_HY,5Y,432.2699,40,CDXHY540 BEST Curncy
18556,2023-07-11,US_HY,10Y,442.528,40,CDXHY040 BEST Curncy
18552,2023-07-11,US_IG,5Y,65.898,40,CDXIG540 Curncy
18553,2023-07-11,US_IG,10Y,106.586,40,CDXIG040 Curncy
18565,2023-07-12,US_IG,5Y,63.565,40,CDXIG540 Curncy
18566,2023-07-12,US_IG,10Y,103.872,40,CDXIG040 Curncy
18567,2023-07-12,US_HY,5Y,417.465,40,CDXHY540 BEST Curncy
18568,2023-07-12,US_HY,7Y,435.231,40,CDXHY740 BEST Curncy
18569,2023-07-12,US_HY,10Y,433.531,40,CDXHY040 BEST Curncy
18581,2023-07-13,US_HY,7Y,427.564,40,CDXHY740 BEST Curncy
18580,2023-07-13,US_HY,5Y,415.9607,40,CDXHY540 BEST Curncy
18582,2023-07-13,US_HY,10Y,426.026,40,CDXHY040 BEST Curncy
18578,2023-07-13,US_IG,5Y,65.008,40,CDXIG540 Curncy
18579,2023-07-13,US_IG,10Y,104.576,40,CDXIG040 Curncy
18591,2023-07-14,US_IG,5Y,67.114,40,CDXIG540 Curncy
18592,2023-07-14,US_IG,10Y,106.684,40,CDXIG040 Curncy
18593,2023-07-14,US_HY,5Y,430.1383,40,CDXHY540 BEST Curncy
18594,2023-07-14,US_HY,7Y,440.006,40,CDXHY740 BEST Curncy
18595,2023-07-14,US_HY,10Y,437.535,40,CDXHY040 BEST Curncy
18604,2023-07-17,US_IG,5Y,66.169,40,CDXIG540 Curncy
18605,2023-07-17,US_IG,10Y,106.404,40,CDXIG040 Curncy
18606,2023-07-17,US_HY,5Y,422.0801,40,CDXHY540 BEST Curncy
18607,2023-07-17,US_HY,7Y,438.389,40,CDXHY740 BEST Curncy
18608,2023-07-17,US_HY,10Y,435.589,40,CDXHY040 BEST Curncy
18621,2023-07-18,US_HY,10Y,427.18,40,CDXHY040 BEST Curncy
18620,2023-07-18,US_HY,7Y,430.271,40,CDXHY740 BEST Curncy
18617,2023-07-18,US_IG,5Y,65.345,40,CDXIG540 Curncy
18618,2023-07-18,US_IG,10Y,105.648,40,CDXIG040 Curncy
18619,2023-07-18,US_HY,5Y,418.3412,40,CDXHY540 BEST Curncy
18630,2023-07-19,US_IG,5Y,65.738,40,CDXIG540 Curncy
18631,2023-07-19,US_IG,10Y,105.856,40,CDXIG040 Curncy
18632,2023-07-19,US_HY,5Y,420.8238,40,CDXHY540 BEST Curncy
18633,2023-07-19,US_HY,7Y,428.351,40,CDXHY740 BEST Curncy
18634,2023-07-19,US_HY,10Y,425.417,40,CDXHY040 BEST Curncy
18647,2023-07-20,US_HY,10Y,430.755,40,CDXHY040 BEST Curncy
18646,2023-07-20,US_HY,7Y,434.176,40,CDXHY740 BEST Curncy
18645,2023-07-20,US_HY,5Y,424.0605,40,CDXHY540 BEST Curncy
18644,2023-07-20,US_IG,10Y,106.101,40,CDXIG040 Curncy
18643,2023-07-20,US_IG,5Y,65.73,40,CDXIG540 Curncy
18656,2023-07-21,US_IG,5Y,65.16,40,CDXIG540 Curncy
18657,2023-07-21,US_IG,10Y,105.671,40,CDXIG040 Curncy
18658,2023-07-21,US_HY,5Y,417.364,40,CDXHY540 BEST Curncy
18659,2023-07-21,US_HY,7Y,430.849,40,CDXHY740 BEST Curncy
18660,2023-07-21,US_HY,10Y,427.576,40,CDXHY040 BEST Curncy
18673,2023-07-24,US_HY,10Y,427.064,40,CDXHY040 BEST Curncy
18672,2023-07-24,US_HY,7Y,430.182,40,CDXHY740 BEST Curncy
18671,2023-07-24,US_HY,5Y,416.9713,40,CDXHY540 BEST Curncy
18670,2023-07-24,US_IG,10Y,105.426,40,CDXIG040 Curncy
18669,2023-07-24,US_IG,5Y,64.815,40,CDXIG540 Curncy
18682,2023-07-25,US_IG,5Y,64.694,40,CDXIG540 Curncy
18683,2023-07-25,US_IG,10Y,105.441,40,CDXIG040 Curncy
18684,2023-07-25,US_HY,5Y,419.3356,40,CDXHY540 BEST Curncy
18685,2023-07-25,US_HY,7Y,432.578,40,CDXHY740 BEST Curncy
18686,2023-07-25,US_HY,10Y,429.484,40,CDXHY040 BEST Curncy
18699,2023-07-26,US_HY,10Y,427.929,40,CDXHY040 BEST Curncy
18698,2023-07-26,US_HY,7Y,430.99,40,CDXHY740 BEST Curncy
18697,2023-07-26,US_HY,5Y,414.2873,40,CDXHY540 BEST Curncy
18696,2023-07-26,US_IG,10Y,104.661,40,CDXIG040 Curncy
18695,2023-07-26,US_IG,5Y,63.559,40,CDXIG540 Curncy
18708,2023-07-27,US_IG,5Y,64.96,40,CDXIG540 Curncy
18709,2023-07-27,US_IG,10Y,105.561,40,CDXIG040 Curncy
18710,2023-07-27,US_HY,5Y,422.6195,40,CDXHY540 BEST Curncy
18711,2023-07-27,US_HY,7Y,422.351,40,CDXHY740 BEST Curncy
18712,2023-07-27,US_HY,10Y,419.459,40,CDXHY040 BEST Curncy
18724,2023-07-28,US_HY,7Y,423.793,40,CDXHY740 BEST Curncy
18723,2023-07-28,US_HY,5Y,408.8262,40,CDXHY540 BEST Curncy
18725,2023-07-28,US_HY,10Y,420.695,40,CDXHY040 BEST Curncy
18721,2023-07-28,US_IG,5Y,62.571,40,CDXIG540 Curncy
18722,2023-07-28,US_IG,10Y,103.802,40,CDXIG040 Curncy
18734,2023-07-31,US_IG,5Y,62.901,40,CDXIG540 Curncy
18735,2023-07-31,US_IG,10Y,103.767,40,CDXIG040 Curncy
18736,2023-07-31,US_HY,5Y,408.2858,40,CDXHY540 BEST Curncy
18737,2023-07-31,US_HY,7Y,421.305,40,CDXHY740 BEST Curncy
18738,2023-07-31,US_HY,10Y,418.526,40,CDXHY040 BEST Curncy
18751,2023-08-01,US_HY,10Y,426.407,40,CDXHY040 BEST Curncy
18750,2023-08-01,US_HY,7Y,430.455,40,CDXHY740 BEST Curncy
18749,2023-08-01,US_HY,5Y,416.0619,40,CDXHY540 BEST Curncy
18748,2023-08-01,US_IG,10Y,104.692,40,CDXIG040 Curncy
18747,2023-08-01,US_IG,5Y,64.351,40,CDXIG540 Curncy
18760,2023-08-02,US_IG,5Y,66.484,40,CDXIG540 Curncy
18761,2023-08-02,US_IG,10Y,106.708,40,CDXIG040 Curncy
18762,2023-08-02,US_HY,5Y,428.8645,40,CDXHY540 BEST Curncy
18763,2023-08-02,US_HY,7Y,443.514,40,CDXHY740 BEST Curncy
18764,2023-08-02,US_HY,10Y,438.793,40,CDXHY040 BEST Curncy
18776,2023-08-03,US_HY,7Y,445.103,40,CDXHY740 BEST Curncy
18775,2023-08-03,US_HY,5Y,429.89,40,CDXHY540 BEST Curncy
18777,2023-08-03,US_HY,10Y,440.018,40,CDXHY040 BEST Curncy
18773,2023-08-03,US_IG,5Y,67.144,40,CDXIG540 Curncy
18774,2023-08-03,US_IG,10Y,107.579,40,CDXIG040 Curncy
18786,2023-08-04,US_IG,5Y,68.173,40,CDXIG540 Curncy
18787,2023-08-04,US_IG,10Y,108.068,40,CDXIG040 Curncy
18788,2023-08-04,US_HY,5Y,432.5865,40,CDXHY540 BEST Curncy
18789,2023-08-04,US_HY,7Y,437.272,40,CDXHY740 BEST Curncy
18790,2023-08-04,US_HY,10Y,432.698,40,CDXHY040 BEST Curncy
18802,2023-08-07,US_HY,7Y,445.336,40,CDXHY740 BEST Curncy
18801,2023-08-07,US_HY,5Y,428.5954,40,CDXHY540 BEST Curncy
18803,2023-08-07,US_HY,10Y,439.778,40,CDXHY040 BEST Curncy
18799,2023-08-07,US_IG,5Y,66.723,40,CDXIG540 Curncy
18800,2023-08-07,US_IG,10Y,107.425,40,CDXIG040 Curncy
18812,2023-08-08,US_IG,5Y,67.718,40,CDXIG540 Curncy
18813,2023-08-08,US_IG,10Y,107.842,40,CDXIG040 Curncy
18814,2023-08-08,US_HY,5Y,433.1436,40,CDXHY540 BEST Curncy
18815,2023-08-08,US_HY,7Y,453.45,40,CDXHY740 BEST Curncy
18816,2023-08-08,US_HY,10Y,447.485,40,CDXHY040 BEST Curncy
18825,2023-08-09,US_IG,5Y,67.358,40,CDXIG540 Curncy
18826,2023-08-09,US_IG,10Y,107.859,40,CDXIG040 Curncy
18827,2023-08-09,US_HY,5Y,432.1696,40,CDXHY540 BEST Curncy
18828,2023-08-09,US_HY,7Y,451.526,40,CDXHY740 BEST Curncy
18829,2023-08-09,US_HY,10Y,445.435,40,CDXHY040 BEST Curncy
18842,2023-08-10,US_HY,10Y,438.611,40,CDXHY040 BEST Curncy
18841,2023-08-10,US_HY,7Y,443.363,40,CDXHY740 BEST Curncy
18838,2023-08-10,US_IG,5Y,66.798,40,CDXIG540 Curncy
18839,2023-08-10,US_IG,10Y,107.135,40,CDXIG040 Curncy
18840,2023-08-10,US_HY,5Y,431.335,40,CDXHY540 BEST Curncy
18851,2023-08-11,US_IG,5Y,66.096,40,CDXIG540 Curncy
18852,2023-08-11,US_IG,10Y,106.694,40,CDXIG040 Curncy
18853,2023-08-11,US_HY,5Y,430.1858,40,CDXHY540 BEST Curncy
18854,2023-08-11,US_HY,7Y,449.761,40,CDXHY740 BEST Curncy
18855,2023-08-11,US_HY,10Y,444.264,40,CDXHY040 BEST Curncy
18868,2023-08-14,US_HY,10Y,442.977,40,CDXHY040 BEST Curncy
18866,2023-08-14,US_HY,5Y,430.4866,40,CDXHY540 BEST Curncy
18867,2023-08-14,US_HY,7Y,448.403,40,CDXHY740 BEST Curncy
18864,2023-08-14,US_IG,5Y,65.69,40,CDXIG540 Curncy
18865,2023-08-14,US_IG,10Y,106.296,40,CDXIG040 Curncy
18877,2023-08-15,US_IG,5Y,67.563,40,CDXIG540 Curncy
18878,2023-08-15,US_IG,10Y,107.452,40,CDXIG040 Curncy
18879,2023-08-15,US_HY,5Y,436.0191,40,CDXHY540 BEST Curncy
18880,2023-08-15,US_HY,7Y,450.919,40,CDXHY740 BEST Curncy
18881,2023-08-15,US_HY,10Y,445.54,40,CDXHY040 BEST Curncy
18893,2023-08-16,US_HY,7Y,456.529,40,CDXHY740 BEST Curncy
18892,2023-08-16,US_HY,5Y,441.6744,40,CDXHY540 BEST Curncy
18894,2023-08-16,US_HY,10Y,450.696,40,CDXHY040 BEST Curncy
18890,2023-08-16,US_IG,5Y,69.009,40,CDXIG540 Curncy
18891,2023-08-16,US_IG,10Y,108.85,40,CDXIG040 Curncy
18907,2023-08-17,US_HY,10Y,460.279,40,CDXHY040 BEST Curncy
18906,2023-08-17,US_HY,7Y,466.782,40,CDXHY740 BEST Curncy
18903,2023-08-17,US_IG,5Y,70.436,40,CDXIG540 Curncy
18904,2023-08-17,US_IG,10Y,110.278,40,CDXIG040 Curncy
18905,2023-08-17,US_HY,5Y,455.8608,40,CDXHY540 BEST Curncy
18919,2023-08-18,US_HY,7Y,471.666,40,CDXHY740 BEST Curncy
18918,2023-08-18,US_HY,5Y,457.1592,40,CDXHY540 BEST Curncy
18920,2023-08-18,US_HY,10Y,464.42,40,CDXHY040 BEST Curncy
18916,2023-08-18,US_IG,5Y,70.621,40,CDXIG540 Curncy
18917,2023-08-18,US_IG,10Y,110.889,40,CDXIG040 Curncy
18929,2023-08-21,US_IG,5Y,69.556,40,CDXIG540 Curncy
18930,2023-08-21,US_IG,10Y,109.909,40,CDXIG040 Curncy
18932,2023-08-21,US_HY,7Y,474.114,40,CDXHY740 BEST Curncy
18933,2023-08-21,US_HY,10Y,466.689,40,CDXHY040 BEST Curncy
18931,2023-08-21,US_HY,5Y,451.6385,40,CDXHY540 BEST Curncy
18942,2023-08-22,US_IG,5Y,69.069,40,CDXIG540 Curncy
18943,2023-08-22,US_IG,10Y,109.333,40,CDXIG040 Curncy
18944,2023-08-22,US_HY,5Y,450.2393,40,CDXHY540 BEST Curncy
18945,2023-08-22,US_HY,7Y,467.291,40,CDXHY740 BEST Curncy
18946,2023-08-22,US_HY,10Y,460.298,40,CDXHY040 BEST Curncy
18958,2023-08-23,US_HY,7Y,453.472,40,CDXHY740 BEST Curncy
18959,2023-08-23,US_HY,10Y,446.932,40,CDXHY040 BEST Curncy
18957,2023-08-23,US_HY,5Y,435.155,40,CDXHY540 BEST Curncy
18955,2023-08-23,US_IG,5Y,65.188,40,CDXIG540 Curncy
18956,2023-08-23,US_IG,10Y,107.005,40,CDXIG040 Curncy
18968,2023-08-24,US_IG,5Y,67.643,40,CDXIG540 Curncy
18969,2023-08-24,US_IG,10Y,108.051,40,CDXIG040 Curncy
18970,2023-08-24,US_HY,5Y,445.3535,40,CDXHY540 BEST Curncy
18971,2023-08-24,US_HY,7Y,456.636,40,CDXHY740 BEST Curncy
18972,2023-08-24,US_HY,10Y,450.016,40,CDXHY040 BEST Curncy
18985,2023-08-25,US_HY,10Y,453.244,40,CDXHY040 BEST Curncy
18984,2023-08-25,US_HY,7Y,459.604,40,CDXHY740 BEST Curncy
18983,2023-08-25,US_HY,5Y,437.2451,40,CDXHY540 BEST Curncy
18982,2023-08-25,US_IG,10Y,106.361,40,CDXIG040 Curncy
18981,2023-08-25,US_IG,5Y,65.205,40,CDXIG540 Curncy
18991,2023-08-28,US_IG,5Y,64.011,40,CDXIG540 Curncy
18992,2023-08-28,US_IG,10Y,104.93,40,CDXIG040 Curncy
18993,2023-08-28,US_HY,5Y,432.7002,40,CDXHY540 BEST Curncy
18994,2023-08-28,US_HY,7Y,448.42,40,CDXHY740 BEST Curncy
18995,2023-08-28,US_HY,10Y,442.141,40,CDXHY040 BEST Curncy
19007,2023-08-29,US_HY,7Y,439.056,40,CDXHY740 BEST Curncy
19006,2023-08-29,US_HY,5Y,423.1872,40,CDXHY540 BEST Curncy
19008,2023-08-29,US_HY,10Y,433.178,40,CDXHY040 BEST Curncy
19004,2023-08-29,US_IG,5Y,62.703,40,CDXIG540 Curncy
19005,2023-08-29,US_IG,10Y,103.872,40,CDXIG040 Curncy
19017,2023-08-30,US_IG,5Y,62.611,40,CDXIG540 Curncy
19018,2023-08-30,US_IG,10Y,103.708,40,CDXIG040 Curncy
19019,2023-08-30,US_HY,5Y,419.5335,40,CDXHY540 BEST Curncy
19020,2023-08-30,US_HY,7Y,431.938,40,CDXHY740 BEST Curncy
19021,2023-08-30,US_HY,10Y,426.25,40,CDXHY040 BEST Curncy
19033,2023-08-31,US_HY,7Y,438.244,40,CDXHY740 BEST Curncy
19032,2023-08-31,US_HY,5Y,425.8978,40,CDXHY540 BEST Curncy
19034,2023-08-31,US_HY,10Y,432.057,40,CDXHY040 BEST Curncy
19030,2023-08-31,US_IG,5Y,63.523,40,CDXIG540 Curncy
19031,2023-08-31,US_IG,10Y,104.624,40,CDXIG040 Curncy
19043,2023-09-01,US_IG,5Y,63.29,40,CDXIG540 Curncy
19044,2023-09-01,US_IG,10Y,104.69,40,CDXIG040 Curncy
19045,2023-09-01,US_HY,5Y,423.6201,40,CDXHY540 BEST Curncy
19046,2023-09-01,US_HY,7Y,437.895,40,CDXHY740 BEST Curncy
19047,2023-09-01,US_HY,10Y,431.823,40,CDXHY040 BEST Curncy
19056,2023-09-04,US_IG,10Y,104.676,40,CDXIG040 Curncy
19057,2023-09-04,US_HY,5Y,423.6953,40,CDXHY540 BEST Curncy
19058,2023-09-04,US_HY,7Y,436.749,40,CDXHY740 BEST Curncy
19059,2023-09-04,US_HY,10Y,430.539,40,CDXHY040 BEST Curncy
19073,2023-09-05,US_HY,10Y,432.534,40,CDXHY040 BEST Curncy
19072,2023-09-05,US_HY,7Y,438.919,40,CDXHY740 BEST Curncy
19071,2023-09-05,US_HY,5Y,427.2643,40,CDXHY540 BEST Curncy
19069,2023-09-05,US_IG,10Y,105.509,40,CDXIG040 Curncy
19068,2023-09-05,US_IG,5Y,64.29,40,CDXIG540 Curncy
19070,2023-09-05,US_HY,3Y,383.087,40,CDXHY340 BEST Curncy
19082,2023-09-06,US_IG,5Y,64.637,40,CDXIG540 Curncy
19083,2023-09-06,US_IG,10Y,105.892,40,CDXIG040 Curncy
19084,2023-09-06,US_HY,3Y,382.922,40,CDXHY340 BEST Curncy
19085,2023-09-06,US_HY,5Y,433.8683,40,CDXHY540 BEST Curncy
19086,2023-09-06,US_HY,7Y,449.613,40,CDXHY740 BEST Curncy
19087,2023-09-06,US_HY,10Y,442.793,40,CDXHY040 BEST Curncy
19096,2023-09-07,US_IG,5Y,64.233,40,CDXIG540 Curncy
19097,2023-09-07,US_IG,10Y,105.688,40,CDXIG040 Curncy
19098,2023-09-07,US_HY,3Y,382.732,40,CDXHY340 BEST Curncy
19099,2023-09-07,US_HY,5Y,431.6638,40,CDXHY540 BEST Curncy
19100,2023-09-07,US_HY,7Y,446.479,40,CDXHY740 BEST Curncy
19101,2023-09-07,US_HY,10Y,439.99,40,CDXHY040 BEST Curncy
19114,2023-09-08,US_HY,7Y,442.54,40,CDXHY740 BEST Curncy
19113,2023-09-08,US_HY,5Y,431.7251,40,CDXHY540 BEST Curncy
19115,2023-09-08,US_HY,10Y,436.346,40,CDXHY040 BEST Curncy
19111,2023-09-08,US_IG,10Y,105.7,40,CDXIG040 Curncy
19110,2023-09-08,US_IG,5Y,64.335,40,CDXIG540 Curncy
19112,2023-09-08,US_HY,3Y,382.729,40,CDXHY340 BEST Curncy
19124,2023-09-11,US_IG,5Y,63.343,40,CDXIG540 Curncy
19125,2023-09-11,US_IG,10Y,104.985,40,CDXIG040 Curncy
19126,2023-09-11,US_HY,3Y,382.353,40,CDXHY340 BEST Curncy
19127,2023-09-11,US_HY,5Y,424.0708,40,CDXHY540 BEST Curncy
19128,2023-09-11,US_HY,7Y,440.246,40,CDXHY740 BEST Curncy
19129,2023-09-11,US_HY,10Y,434.256,40,CDXHY040 BEST Curncy
19143,2023-09-12,US_HY,10Y,437.008,40,CDXHY040 BEST Curncy
19142,2023-09-12,US_HY,7Y,443.219,40,CDXHY740 BEST Curncy
19141,2023-09-12,US_HY,5Y,428.6893,40,CDXHY540 BEST Curncy
19140,2023-09-12,US_HY,3Y,382.254,40,CDXHY340 BEST Curncy
19138,2023-09-12,US_IG,5Y,64.292,40,CDXIG540 Curncy
19139,2023-09-12,US_IG,10Y,105.676,40,CDXIG040 Curncy
19152,2023-09-13,US_IG,5Y,63.414,40,CDXIG540 Curncy
19153,2023-09-13,US_IG,10Y,105.231,40,CDXIG040 Curncy
19154,2023-09-13,US_HY,3Y,382.162,40,CDXHY340 BEST Curncy
19155,2023-09-13,US_HY,5Y,423.9924,40,CDXHY540 BEST Curncy
19156,2023-09-13,US_HY,7Y,438.398,40,CDXHY740 BEST Curncy
19157,2023-09-13,US_HY,10Y,432.976,40,CDXHY040 BEST Curncy
19171,2023-09-14,US_HY,10Y,430.99,40,CDXHY040 BEST Curncy
19169,2023-09-14,US_HY,5Y,420.1203,40,CDXHY540 BEST Curncy
19170,2023-09-14,US_HY,7Y,436.018,40,CDXHY740 BEST Curncy
19167,2023-09-14,US_IG,10Y,104.587,40,CDXIG040 Curncy
19166,2023-09-14,US_IG,5Y,62.29,40,CDXIG540 Curncy
19168,2023-09-14,US_HY,3Y,382.094,40,CDXHY340 BEST Curncy
19180,2023-09-15,US_IG,5Y,63.009,40,CDXIG540 Curncy
19181,2023-09-15,US_IG,10Y,105.018,40,CDXIG040 Curncy
19182,2023-09-15,US_HY,3Y,381.952,40,CDXHY340 BEST Curncy
19183,2023-09-15,US_HY,5Y,425.2098,40,CDXHY540 BEST Curncy
19184,2023-09-15,US_HY,7Y,439.148,40,CDXHY740 BEST Curncy
19185,2023-09-15,US_HY,10Y,433.695,40,CDXHY040 BEST Curncy
19199,2023-09-18,US_HY,10Y,433.402,40,CDXHY040 BEST Curncy
19198,2023-09-18,US_HY,7Y,438.624,40,CDXHY740 BEST Curncy
19197,2023-09-18,US_HY,5Y,424.5271,40,CDXHY540 BEST Curncy
19196,2023-09-18,US_HY,3Y,381.586,40,CDXHY340 BEST Curncy
19194,2023-09-18,US_IG,5Y,63.101,40,CDXIG540 Curncy
19195,2023-09-18,US_IG,10Y,105.258,40,CDXIG040 Curncy
19208,2023-09-19,US_IG,5Y,63.203,40,CDXIG540 Curncy
19209,2023-09-19,US_IG,10Y,105.465,40,CDXIG040 Curncy
19210,2023-09-19,US_HY,3Y,381.453,40,CDXHY340 BEST Curncy
19211,2023-09-19,US_HY,5Y,428.1127,40,CDXHY540 BEST Curncy
19212,2023-09-19,US_HY,7Y,444.231,40,CDXHY740 BEST Curncy
19213,2023-09-19,US_HY,10Y,438.559,40,CDXHY040 BEST Curncy
19224,2023-09-20,US_IG,10Y,109.889,41,CDXIG041 Curncy
19223,2023-09-20,US_IG,7Y,90.517,41,CDXIG741 Curncy
19221,2023-09-20,US_IG,3Y,45.682,41,CDXIG341 Curncy
19222,2023-09-20,US_IG,5Y,70.27,41,CDXIG541 Curncy
19232,2023-09-21,US_IG,3Y,47.764,41,CDXIG341 Curncy
19233,2023-09-21,US_IG,5Y,72.785,41,CDXIG541 Curncy
19234,2023-09-21,US_IG,7Y,93.369,41,CDXIG741 Curncy
19235,2023-09-21,US_IG,10Y,111.899,41,CDXIG041 Curncy
19246,2023-09-22,US_IG,10Y,112.108,41,CDXIG041 Curncy
19243,2023-09-22,US_IG,3Y,48.438,41,CDXIG341 Curncy
19244,2023-09-22,US_IG,5Y,72.541,41,CDXIG541 Curncy
19245,2023-09-22,US_IG,7Y,93.732,41,CDXIG741 Curncy
19256,2023-09-25,US_IG,10Y,112.5,41,CDXIG041 Curncy
19255,2023-09-25,US_IG,7Y,94.046,41,CDXIG741 Curncy
19253,2023-09-25,US_IG,3Y,46.891,41,CDXIG341 Curncy
19254,2023-09-25,US_IG,5Y,73.015,41,CDXIG541 Curncy
19266,2023-09-26,US_IG,7Y,95.547,41,CDXIG741 Curncy
19264,2023-09-26,US_IG,3Y,50.346,41,CDXIG341 Curncy
19265,2023-09-26,US_IG,5Y,74.485,41,CDXIG541 Curncy
19267,2023-09-26,US_IG,10Y,113.665,41,CDXIG041 Curncy
19281,2023-09-27,US_HY,10Y,488.513,41,CDXHY041 BEST Curncy
19280,2023-09-27,US_HY,7Y,491.308,41,CDXHY741 BEST Curncy
19279,2023-09-27,US_HY,5Y,478.5714,41,CDXHY541 BEST Curncy
19276,2023-09-27,US_IG,5Y,73.945,41,CDXIG541 Curncy
19277,2023-09-27,US_IG,7Y,94.882,41,CDXIG741 Curncy
19275,2023-09-27,US_IG,3Y,50.263,41,CDXIG341 Curncy
19278,2023-09-27,US_IG,10Y,113.296,41,CDXIG041 Curncy
19294,2023-09-28,US_HY,7Y,494.119,41,CDXHY741 BEST Curncy
19293,2023-09-28,US_HY,5Y,475.7793,41,CDXHY541 BEST Curncy
19292,2023-09-28,US_IG,10Y,112.289,41,CDXIG041 Curncy
19295,2023-09-28,US_HY,10Y,491.431,41,CDXHY041 BEST Curncy
19290,2023-09-28,US_IG,5Y,72.975,41,CDXIG541 Curncy
19289,2023-09-28,US_IG,3Y,49.421,41,CDXIG341 Curncy
19291,2023-09-28,US_IG,7Y,93.74,41,CDXIG741 Curncy
19303,2023-09-29,US_IG,3Y,49.712,41,CDXIG341 Curncy
19304,2023-09-29,US_IG,5Y,73.927,41,CDXIG541 Curncy
19305,2023-09-29,US_IG,7Y,94.7,41,CDXIG741 Curncy
19306,2023-09-29,US_IG,10Y,112.852,41,CDXIG041 Curncy
19307,2023-09-29,US_HY,5Y,473.3102,41,CDXHY541 BEST Curncy
19308,2023-09-29,US_HY,7Y,484.876,41,CDXHY741 BEST Curncy
19309,2023-09-29,US_HY,10Y,482.493,41,CDXHY041 BEST Curncy
19322,2023-10-02,US_HY,7Y,503.459,41,CDXHY741 BEST Curncy
19323,2023-10-02,US_HY,10Y,500.165,41,CDXHY041 BEST Curncy
19321,2023-10-02,US_HY,5Y,489.6079,41,CDXHY541 BEST Curncy
19320,2023-10-02,US_IG,10Y,113.533,41,CDXIG041 Curncy
19319,2023-10-02,US_IG,7Y,95.495,41,CDXIG741 Curncy
19318,2023-10-02,US_IG,5Y,74.704,41,CDXIG541 Curncy
19317,2023-10-02,US_IG,3Y,50.297,41,CDXIG341 Curncy
19336,2023-10-03,US_HY,7Y,517.252,41,CDXHY741 BEST Curncy
19335,2023-10-03,US_HY,5Y,505.1082,41,CDXHY541 BEST Curncy
19334,2023-10-03,US_IG,10Y,116.17,41,CDXIG041 Curncy
19337,2023-10-03,US_HY,10Y,513.225,41,CDXHY041 BEST Curncy
19332,2023-10-03,US_IG,5Y,77.957,41,CDXIG541 Curncy
19331,2023-10-03,US_IG,3Y,53.376,41,CDXIG341 Curncy
19333,2023-10-03,US_IG,7Y,98.776,41,CDXIG741 Curncy
19345,2023-10-04,US_IG,3Y,53.38,41,CDXIG341 Curncy
19346,2023-10-04,US_IG,5Y,76.921,41,CDXIG541 Curncy
19347,2023-10-04,US_IG,7Y,97.95,41,CDXIG741 Curncy
19348,2023-10-04,US_IG,10Y,115.993,41,CDXIG041 Curncy
19349,2023-10-04,US_HY,5Y,506.91,41,CDXHY541 BEST Curncy
19350,2023-10-04,US_HY,7Y,518.743,41,CDXHY741 BEST Curncy
19351,2023-10-04,US_HY,10Y,514.287,41,CDXHY041 BEST Curncy
19364,2023-10-05,US_HY,5Y,501.0201,41,CDXHY541 BEST Curncy
19366,2023-10-05,US_HY,10Y,517.291,41,CDXHY041 BEST Curncy
19363,2023-10-05,US_IG,10Y,116.844,41,CDXIG041 Curncy
19365,2023-10-05,US_HY,7Y,521.606,41,CDXHY741 BEST Curncy
19361,2023-10-05,US_IG,5Y,78.359,41,CDXIG541 Curncy
19362,2023-10-05,US_IG,7Y,99.331,41,CDXIG741 Curncy
19360,2023-10-05,US_IG,3Y,54.265,41,CDXIG341 Curncy
19375,2023-10-06,US_IG,3Y,54.132,41,CDXIG341 Curncy
19376,2023-10-06,US_IG,5Y,75.28,41,CDXIG541 Curncy
19377,2023-10-06,US_IG,7Y,96.254,41,CDXIG741 Curncy
19378,2023-10-06,US_IG,10Y,114.897,41,CDXIG041 Curncy
19379,2023-10-06,US_HY,5Y,492.1228,41,CDXHY541 BEST Curncy
19380,2023-10-06,US_HY,7Y,514.55,41,CDXHY741 BEST Curncy
19381,2023-10-06,US_HY,10Y,510.522,41,CDXHY041 BEST Curncy
19394,2023-10-09,US_HY,10Y,501.334,41,CDXHY041 BEST Curncy
19393,2023-10-09,US_HY,7Y,505.118,41,CDXHY741 BEST Curncy
19392,2023-10-09,US_HY,5Y,491.5907,41,CDXHY541 BEST Curncy
19391,2023-10-09,US_IG,10Y,114.521,41,CDXIG041 Curncy
19390,2023-10-09,US_IG,3Y,52.893,41,CDXIG341 Curncy
19403,2023-10-10,US_IG,3Y,51.165,41,CDXIG341 Curncy
19404,2023-10-10,US_IG,5Y,74.343,41,CDXIG541 Curncy
19405,2023-10-10,US_IG,7Y,95.337,41,CDXIG741 Curncy
19406,2023-10-10,US_IG,10Y,113.347,41,CDXIG041 Curncy
19407,2023-10-10,US_HY,5Y,484.4867,41,CDXHY541 BEST Curncy
19408,2023-10-10,US_HY,7Y,495.311,41,CDXHY741 BEST Curncy
19409,2023-10-10,US_HY,10Y,492.04,41,CDXHY041 BEST Curncy
19424,2023-10-11,US_HY,10Y,494.391,41,CDXHY041 BEST Curncy
19423,2023-10-11,US_HY,7Y,497.969,41,CDXHY741 BEST Curncy
19422,2023-10-11,US_HY,5Y,484.0329,41,CDXHY541 BEST Curncy
19418,2023-10-11,US_IG,3Y,50.412,41,CDXIG341 Curncy
19420,2023-10-11,US_IG,7Y,94.827,41,CDXIG741 Curncy
19419,2023-10-11,US_IG,5Y,73.548,41,CDXIG541 Curncy
19421,2023-10-11,US_IG,10Y,113.094,41,CDXIG041 Curncy
19438,2023-10-12,US_HY,7Y,492.299,41,CDXHY741 BEST Curncy
19437,2023-10-12,US_HY,5Y,489.3294,41,CDXHY541 BEST Curncy
19436,2023-10-12,US_IG,10Y,113.763,41,CDXIG041 Curncy
19439,2023-10-12,US_HY,10Y,488.991,41,CDXHY041 BEST Curncy
19434,2023-10-12,US_IG,5Y,74.841,41,CDXIG541 Curncy
19433,2023-10-12,US_IG,3Y,51.006,41,CDXIG341 Curncy
19435,2023-10-12,US_IG,7Y,96.152,41,CDXIG741 Curncy
19448,2023-10-13,US_IG,3Y,52.635,41,CDXIG341 Curncy
19449,2023-10-13,US_IG,5Y,76.88,41,CDXIG541 Curncy
19450,2023-10-13,US_IG,7Y,97.72,41,CDXIG741 Curncy
19451,2023-10-13,US_IG,10Y,114.978,41,CDXIG041 Curncy
19452,2023-10-13,US_HY,5Y,497.7012,41,CDXHY541 BEST Curncy
19453,2023-10-13,US_HY,7Y,507.576,41,CDXHY741 BEST Curncy
19454,2023-10-13,US_HY,10Y,503.998,41,CDXHY041 BEST Curncy
19468,2023-10-16,US_HY,7Y,503.882,41,CDXHY741 BEST Curncy
19469,2023-10-16,US_HY,10Y,500.332,41,CDXHY041 BEST Curncy
19467,2023-10-16,US_HY,5Y,491.33,41,CDXHY541 BEST Curncy
19463,2023-10-16,US_IG,3Y,51.716,41,CDXIG341 Curncy
19465,2023-10-16,US_IG,7Y,95.529,41,CDXIG741 Curncy
19466,2023-10-16,US_IG,10Y,113.997,41,CDXIG041 Curncy
19464,2023-10-16,US_IG,5Y,74.674,41,CDXIG541 Curncy
19478,2023-10-17,US_IG,3Y,51.338,41,CDXIG341 Curncy
19479,2023-10-17,US_IG,5Y,75.404,41,CDXIG541 Curncy
19480,2023-10-17,US_IG,7Y,96.312,41,CDXIG741 Curncy
19481,2023-10-17,US_IG,10Y,113.972,41,CDXIG041 Curncy
19482,2023-10-17,US_HY,5Y,494.6298,41,CDXHY541 BEST Curncy
19483,2023-10-17,US_HY,7Y,501.636,41,CDXHY741 BEST Curncy
19484,2023-10-17,US_HY,10Y,498.172,41,CDXHY041 BEST Curncy
19499,2023-10-18,US_HY,10Y,509.08,41,CDXHY041 BEST Curncy
19498,2023-10-18,US_HY,7Y,513.421,41,CDXHY741 BEST Curncy
19497,2023-10-18,US_HY,5Y,504.8912,41,CDXHY541 BEST Curncy
19493,2023-10-18,US_IG,3Y,53.561,41,CDXIG341 Curncy
19495,2023-10-18,US_IG,7Y,98.823,41,CDXIG741 Curncy
19494,2023-10-18,US_IG,5Y,78.155,41,CDXIG541 Curncy
19496,2023-10-18,US_IG,10Y,115.732,41,CDXIG041 Curncy
19513,2023-10-19,US_HY,7Y,521.588,41,CDXHY741 BEST Curncy
19514,2023-10-19,US_HY,10Y,517.104,41,CDXHY041 BEST Curncy
19512,2023-10-19,US_HY,5Y,520.4688,41,CDXHY541 BEST Curncy
19511,2023-10-19,US_IG,10Y,118.933,41,CDXIG041 Curncy
19510,2023-10-19,US_IG,7Y,102.019,41,CDXIG741 Curncy
19509,2023-10-19,US_IG,5Y,81.56,41,CDXIG541 Curncy
19508,2023-10-19,US_IG,3Y,56.671,41,CDXIG341 Curncy
19528,2023-10-20,US_HY,7Y,538.923,41,CDXHY741 BEST Curncy
19527,2023-10-20,US_HY,5Y,521.7739,41,CDXHY541 BEST Curncy
19526,2023-10-20,US_IG,10Y,119.582,41,CDXIG041 Curncy
19529,2023-10-20,US_HY,10Y,533.383,41,CDXHY041 BEST Curncy
19524,2023-10-20,US_IG,5Y,81.326,41,CDXIG541 Curncy
19523,2023-10-20,US_IG,3Y,57.633,41,CDXIG341 Curncy
19525,2023-10-20,US_IG,7Y,102.507,41,CDXIG741 Curncy
19538,2023-10-23,US_IG,3Y,55.599,41,CDXIG341 Curncy
19539,2023-10-23,US_IG,5Y,79.128,41,CDXIG541 Curncy
19540,2023-10-23,US_IG,7Y,100.337,41,CDXIG741 Curncy
19541,2023-10-23,US_IG,10Y,117.545,41,CDXIG041 Curncy
19542,2023-10-23,US_HY,5Y,514.7281,41,CDXHY541 BEST Curncy
19543,2023-10-23,US_HY,7Y,523.23,41,CDXHY741 BEST Curncy
19544,2023-10-23,US_HY,10Y,516.223,41,CDXHY041 BEST Curncy
19557,2023-10-24,US_HY,5Y,509.2802,41,CDXHY541 BEST Curncy
19558,2023-10-24,US_HY,7Y,519.65,41,CDXHY741 BEST Curncy
19559,2023-10-24,US_HY,10Y,513.132,41,CDXHY041 BEST Curncy
19556,2023-10-24,US_IG,10Y,116.003,41,CDXIG041 Curncy
19554,2023-10-24,US_IG,5Y,77.342,41,CDXIG541 Curncy
19555,2023-10-24,US_IG,7Y,98.223,41,CDXIG741 Curncy
19553,2023-10-24,US_IG,3Y,53.831,41,CDXIG341 Curncy
19574,2023-10-25,US_HY,10Y,520.451,41,CDXHY041 BEST Curncy
19568,2023-10-25,US_IG,3Y,56.295,41,CDXIG341 Curncy
19569,2023-10-25,US_IG,5Y,80.87,41,CDXIG541 Curncy
19570,2023-10-25,US_IG,7Y,101.787,41,CDXIG741 Curncy
19571,2023-10-25,US_IG,10Y,118.138,41,CDXIG041 Curncy
19572,2023-10-25,US_HY,5Y,522.0167,41,CDXHY541 BEST Curncy
19573,2023-10-25,US_HY,7Y,526.352,41,CDXHY741 BEST Curncy
19589,2023-10-26,US_HY,10Y,528.993,41,CDXHY041 BEST Curncy
19588,2023-10-26,US_HY,7Y,535.305,41,CDXHY741 BEST Curncy
19587,2023-10-26,US_HY,5Y,520.7549,41,CDXHY541 BEST Curncy
19583,2023-10-26,US_IG,3Y,56.602,41,CDXIG341 Curncy
19585,2023-10-26,US_IG,7Y,102.137,41,CDXIG741 Curncy
19584,2023-10-26,US_IG,5Y,80.911,41,CDXIG541 Curncy
19586,2023-10-26,US_IG,10Y,118.326,41,CDXIG041 Curncy
19602,2023-10-27,US_HY,5Y,531.9735,41,CDXHY541 BEST Curncy
19603,2023-10-27,US_HY,7Y,532.038,41,CDXHY741 BEST Curncy
19604,2023-10-27,US_HY,10Y,526.466,41,CDXHY041 BEST Curncy
19601,2023-10-27,US_IG,10Y,118.909,41,CDXIG041 Curncy
19599,2023-10-27,US_IG,5Y,81.732,41,CDXIG541 Curncy
19598,2023-10-27,US_IG,3Y,57.403,41,CDXIG341 Curncy
19600,2023-10-27,US_IG,7Y,103.358,41,CDXIG741 Curncy
19618,2023-10-30,US_HY,7Y,530.338,41,CDXHY741 BEST Curncy
19617,2023-10-30,US_HY,5Y,520.2029,41,CDXHY541 BEST Curncy
19616,2023-10-30,US_IG,10Y,118.602,41,CDXIG041 Curncy
19619,2023-10-30,US_HY,10Y,524.722,41,CDXHY041 BEST Curncy
19614,2023-10-30,US_IG,5Y,81.22,41,CDXIG541 Curncy
19613,2023-10-30,US_IG,3Y,56.938,41,CDXIG341 Curncy
19615,2023-10-30,US_IG,7Y,102.603,41,CDXIG741 Curncy
19628,2023-10-31,US_IG,3Y,55.403,41,CDXIG341 Curncy
19629,2023-10-31,US_IG,5Y,79.509,41,CDXIG541 Curncy
19630,2023-10-31,US_IG,7Y,100.772,41,CDXIG741 Curncy
19631,2023-10-31,US_IG,10Y,117.255,41,CDXIG041 Curncy
19632,2023-10-31,US_HY,5Y,512.1563,41,CDXHY541 BEST Curncy
19633,2023-10-31,US_HY,7Y,523.443,41,CDXHY741 BEST Curncy
19634,2023-10-31,US_HY,10Y,517.396,41,CDXHY041 BEST Curncy
19649,2023-11-01,US_HY,10Y,508.07,41,CDXHY041 BEST Curncy
19648,2023-11-01,US_HY,7Y,514.683,41,CDXHY741 BEST Curncy
19646,2023-11-01,US_IG,10Y,114.944,41,CDXIG041 Curncy
19647,2023-11-01,US_HY,5Y,503.3548,41,CDXHY541 BEST Curncy
19644,2023-11-01,US_IG,5Y,75.937,41,CDXIG541 Curncy
19643,2023-11-01,US_IG,3Y,53.264,41,CDXIG341 Curncy
19645,2023-11-01,US_IG,7Y,97.497,41,CDXIG741 Curncy
19663,2023-11-02,US_HY,7Y,487.179,41,CDXHY741 BEST Curncy
19662,2023-11-02,US_HY,5Y,479.0623,41,CDXHY541 BEST Curncy
19661,2023-11-02,US_IG,10Y,111.488,41,CDXIG041 Curncy
19664,2023-11-02,US_HY,10Y,481.727,41,CDXHY041 BEST Curncy
19659,2023-11-02,US_IG,5Y,72.164,41,CDXIG541 Curncy
19658,2023-11-02,US_IG,3Y,49.501,41,CDXIG341 Curncy
19660,2023-11-02,US_IG,7Y,93.445,41,CDXIG741 Curncy
19673,2023-11-03,US_IG,3Y,46.774,41,CDXIG341 Curncy
19674,2023-11-03,US_IG,5Y,69.978,41,CDXIG541 Curncy
19675,2023-11-03,US_IG,7Y,91.665,41,CDXIG741 Curncy
19676,2023-11-03,US_IG,10Y,110.033,41,CDXIG041 Curncy
19677,2023-11-03,US_HY,5Y,463.9143,41,CDXHY541 BEST Curncy
19678,2023-11-03,US_HY,7Y,474.113,41,CDXHY741 BEST Curncy
19679,2023-11-03,US_HY,10Y,469.01,41,CDXHY041 BEST Curncy
19693,2023-11-06,US_HY,7Y,472.204,41,CDXHY741 BEST Curncy
19694,2023-11-06,US_HY,10Y,466.912,41,CDXHY041 BEST Curncy
19692,2023-11-06,US_HY,5Y,470.01,41,CDXHY541 BEST Curncy
19691,2023-11-06,US_IG,10Y,110.727,41,CDXIG041 Curncy
19690,2023-11-06,US_IG,7Y,92.993,41,CDXIG741 Curncy
19689,2023-11-06,US_IG,5Y,71.31,41,CDXIG541 Curncy
19688,2023-11-06,US_IG,3Y,47.338,41,CDXIG341 Curncy
19708,2023-11-07,US_HY,7Y,475.526,41,CDXHY741 BEST Curncy
19707,2023-11-07,US_HY,5Y,467.6728,41,CDXHY541 BEST Curncy
19706,2023-11-07,US_IG,10Y,109.674,41,CDXIG041 Curncy
19709,2023-11-07,US_HY,10Y,470.807,41,CDXHY041 BEST Curncy
19704,2023-11-07,US_IG,5Y,69.636,41,CDXIG541 Curncy
19703,2023-11-07,US_IG,3Y,46.467,41,CDXIG341 Curncy
19705,2023-11-07,US_IG,7Y,91.493,41,CDXIG741 Curncy
19718,2023-11-08,US_IG,3Y,45.87,41,CDXIG341 Curncy
19719,2023-11-08,US_IG,5Y,69.478,41,CDXIG541 Curncy
19720,2023-11-08,US_IG,7Y,91.479,41,CDXIG741 Curncy
19721,2023-11-08,US_IG,10Y,109.158,41,CDXIG041 Curncy
19722,2023-11-08,US_HY,5Y,467.7105,41,CDXHY541 BEST Curncy
19723,2023-11-08,US_HY,7Y,473.184,41,CDXHY741 BEST Curncy
19724,2023-11-08,US_HY,10Y,468.034,41,CDXHY041 BEST Curncy
19738,2023-11-09,US_HY,7Y,453.428,41,CDXHY741 BEST Curncy
19739,2023-11-09,US_HY,10Y,452.134,41,CDXHY041 BEST Curncy
19737,2023-11-09,US_HY,5Y,449.4295,41,CDXHY541 BEST Curncy
19736,2023-11-09,US_IG,10Y,109.986,41,CDXIG041 Curncy
19735,2023-11-09,US_IG,7Y,92.343,41,CDXIG741 Curncy
19734,2023-11-09,US_IG,5Y,70.445,41,CDXIG541 Curncy
19733,2023-11-09,US_IG,3Y,46.545,41,CDXIG341 Curncy
19753,2023-11-10,US_HY,7Y,453.245,41,CDXHY741 BEST Curncy
19752,2023-11-10,US_HY,5Y,437.6072,41,CDXHY541 BEST Curncy
19751,2023-11-10,US_IG,10Y,108.303,41,CDXIG041 Curncy
19754,2023-11-10,US_HY,10Y,451.879,41,CDXHY041 BEST Curncy
19749,2023-11-10,US_IG,5Y,68.019,41,CDXIG541 Curncy
19748,2023-11-10,US_IG,3Y,44.965,41,CDXIG341 Curncy
19750,2023-11-10,US_IG,7Y,90.107,41,CDXIG741 Curncy
19763,2023-11-13,US_IG,3Y,43.751,41,CDXIG341 Curncy
19764,2023-11-13,US_IG,5Y,67.418,41,CDXIG541 Curncy
19765,2023-11-13,US_IG,7Y,89.404,41,CDXIG741 Curncy
19766,2023-11-13,US_IG,10Y,107.381,41,CDXIG041 Curncy
19767,2023-11-13,US_HY,5Y,436.0206,41,CDXHY541 BEST Curncy
19768,2023-11-13,US_HY,7Y,444.569,41,CDXHY741 BEST Curncy
19769,2023-11-13,US_HY,10Y,442.947,41,CDXHY041 BEST Curncy
19783,2023-11-14,US_HY,7Y,428.085,41,CDXHY741 BEST Curncy
19784,2023-11-14,US_HY,10Y,427.382,41,CDXHY041 BEST Curncy
19782,2023-11-14,US_HY,5Y,417.3064,41,CDXHY541 BEST Curncy
19781,2023-11-14,US_IG,10Y,105.335,41,CDXIG041 Curncy
19780,2023-11-14,US_IG,7Y,86.709,41,CDXIG741 Curncy
19779,2023-11-14,US_IG,5Y,64.698,41,CDXIG541 Curncy
19778,2023-11-14,US_IG,3Y,41.663,41,CDXIG341 Curncy
19798,2023-11-15,US_HY,7Y,430.838,41,CDXHY741 BEST Curncy
19797,2023-11-15,US_HY,5Y,418.4285,41,CDXHY541 BEST Curncy
19796,2023-11-15,US_IG,10Y,105.572,41,CDXIG041 Curncy
19799,2023-11-15,US_HY,10Y,430.39,41,CDXHY041 BEST Curncy
19794,2023-11-15,US_IG,5Y,65.376,41,CDXIG541 Curncy
19793,2023-11-15,US_IG,3Y,41.099,41,CDXIG341 Curncy
19795,2023-11-15,US_IG,7Y,87.03,41,CDXIG741 Curncy
19808,2023-11-16,US_IG,3Y,41.569,41,CDXIG341 Curncy
19809,2023-11-16,US_IG,5Y,65.329,41,CDXIG541 Curncy
19810,2023-11-16,US_IG,7Y,87.623,41,CDXIG741 Curncy
19811,2023-11-16,US_IG,10Y,105.811,41,CDXIG041 Curncy
19812,2023-11-16,US_HY,5Y,421.6256,41,CDXHY541 BEST Curncy
19813,2023-11-16,US_HY,7Y,435.422,41,CDXHY741 BEST Curncy
19814,2023-11-16,US_HY,10Y,435.452,41,CDXHY041 BEST Curncy
19827,2023-11-17,US_HY,5Y,414.6826,41,CDXHY541 BEST Curncy
19829,2023-11-17,US_HY,10Y,428.676,41,CDXHY041 BEST Curncy
19826,2023-11-17,US_IG,10Y,104.978,41,CDXIG041 Curncy
19828,2023-11-17,US_HY,7Y,428.48,41,CDXHY741 BEST Curncy
19824,2023-11-17,US_IG,5Y,64.4,41,CDXIG541 Curncy
19825,2023-11-17,US_IG,7Y,86.727,41,CDXIG741 Curncy
19823,2023-11-17,US_IG,3Y,40.611,41,CDXIG341 Curncy
19843,2023-11-20,US_HY,7Y,420.349,41,CDXHY741 BEST Curncy
19842,2023-11-20,US_HY,5Y,407.2118,41,CDXHY541 BEST Curncy
19841,2023-11-20,US_IG,10Y,104.344,41,CDXIG041 Curncy
19844,2023-11-20,US_HY,10Y,420.906,41,CDXHY041 BEST Curncy
19839,2023-11-20,US_IG,5Y,63.733,41,CDXIG541 Curncy
19838,2023-11-20,US_IG,3Y,39.791,41,CDXIG341 Curncy
19840,2023-11-20,US_IG,7Y,86.07,41,CDXIG741 Curncy
19853,2023-11-21,US_IG,3Y,40.031,41,CDXIG341 Curncy
19854,2023-11-21,US_IG,5Y,63.88,41,CDXIG541 Curncy
19855,2023-11-21,US_IG,7Y,86.213,41,CDXIG741 Curncy
19856,2023-11-21,US_IG,10Y,104.538,41,CDXIG041 Curncy
19857,2023-11-21,US_HY,5Y,409.8557,41,CDXHY541 BEST Curncy
19858,2023-11-21,US_HY,7Y,421.877,41,CDXHY741 BEST Curncy
19859,2023-11-21,US_HY,10Y,422.3,41,CDXHY041 BEST Curncy
19872,2023-11-22,US_HY,5Y,403.8292,41,CDXHY541 BEST Curncy
19874,2023-11-22,US_HY,10Y,414.423,41,CDXHY041 BEST Curncy
19871,2023-11-22,US_IG,10Y,103.678,41,CDXIG041 Curncy
19873,2023-11-22,US_HY,7Y,413.576,41,CDXHY741 BEST Curncy
19869,2023-11-22,US_IG,5Y,62.611,41,CDXIG541 Curncy
19868,2023-11-22,US_IG,3Y,39.318,41,CDXIG341 Curncy
19870,2023-11-22,US_IG,7Y,85.12,41,CDXIG741 Curncy
19883,2023-11-23,US_IG,3Y,38.895,41,CDXIG341 Curncy
19884,2023-11-23,US_IG,10Y,103.548,41,CDXIG041 Curncy
19885,2023-11-23,US_HY,5Y,402.7869,41,CDXHY541 BEST Curncy
19886,2023-11-23,US_HY,7Y,413.326,41,CDXHY741 BEST Curncy
19887,2023-11-23,US_HY,10Y,413.924,41,CDXHY041 BEST Curncy
19902,2023-11-24,US_HY,10Y,415.253,41,CDXHY041 BEST Curncy
19901,2023-11-24,US_HY,7Y,414.628,41,CDXHY741 BEST Curncy
19899,2023-11-24,US_IG,10Y,103.873,41,CDXIG041 Curncy
19900,2023-11-24,US_HY,5Y,403.9583,41,CDXHY541 BEST Curncy
19897,2023-11-24,US_IG,5Y,63.178,41,CDXIG541 Curncy
19896,2023-11-24,US_IG,3Y,39.196,41,CDXIG341 Curncy
19898,2023-11-24,US_IG,7Y,85.63,41,CDXIG741 Curncy
19911,2023-11-27,US_IG,3Y,39.843,41,CDXIG341 Curncy
19912,2023-11-27,US_IG,5Y,63.791,41,CDXIG541 Curncy
19913,2023-11-27,US_IG,7Y,86.238,41,CDXIG741 Curncy
19914,2023-11-27,US_IG,10Y,104.512,41,CDXIG041 Curncy
19915,2023-11-27,US_HY,5Y,409.5655,41,CDXHY541 BEST Curncy
19916,2023-11-27,US_HY,7Y,419.182,41,CDXHY741 BEST Curncy
19917,2023-11-27,US_HY,10Y,419.384,41,CDXHY041 BEST Curncy
19931,2023-11-28,US_HY,7Y,418.389,41,CDXHY741 BEST Curncy
19932,2023-11-28,US_HY,10Y,418.431,41,CDXHY041 BEST Curncy
19930,2023-11-28,US_HY,5Y,406.5016,41,CDXHY541 BEST Curncy
19926,2023-11-28,US_IG,3Y,39.723,41,CDXIG341 Curncy
19928,2023-11-28,US_IG,7Y,85.711,41,CDXIG741 Curncy
19929,2023-11-28,US_IG,10Y,104.23,41,CDXIG041 Curncy
19927,2023-11-28,US_IG,5Y,63.058,41,CDXIG541 Curncy
19947,2023-11-29,US_HY,10Y,416.32,41,CDXHY041 BEST Curncy
19941,2023-11-29,US_IG,3Y,39.121,41,CDXIG341 Curncy
19942,2023-11-29,US_IG,5Y,62.995,41,CDXIG541 Curncy
19943,2023-11-29,US_IG,7Y,85.453,41,CDXIG741 Curncy
19944,2023-11-29,US_IG,10Y,103.869,41,CDXIG041 Curncy
19945,2023-11-29,US_HY,5Y,402.3406,41,CDXHY541 BEST Curncy
19946,2023-11-29,US_HY,7Y,415.4,41,CDXHY741 BEST Curncy
19962,2023-11-30,US_HY,10Y,422.832,41,CDXHY041 BEST Curncy
19961,2023-11-30,US_HY,7Y,421.64,41,CDXHY741 BEST Curncy
19960,2023-11-30,US_HY,5Y,404.6628,41,CDXHY541 BEST Curncy
19956,2023-11-30,US_IG,3Y,38.999,41,CDXIG341 Curncy
19958,2023-11-30,US_IG,7Y,84.563,41,CDXIG741 Curncy
19957,2023-11-30,US_IG,5Y,62.413,41,CDXIG541 Curncy
19959,2023-11-30,US_IG,10Y,103.557,41,CDXIG041 Curncy
19975,2023-12-01,US_HY,5Y,396.5301,41,CDXHY541 BEST Curncy
19976,2023-12-01,US_HY,7Y,412.186,41,CDXHY741 BEST Curncy
19977,2023-12-01,US_HY,10Y,414.236,41,CDXHY041 BEST Curncy
19974,2023-12-01,US_IG,10Y,102.52,41,CDXIG041 Curncy
19972,2023-12-01,US_IG,5Y,61.214,41,CDXIG541 Curncy
19971,2023-12-01,US_IG,3Y,37.673,41,CDXIG341 Curncy
19973,2023-12-01,US_IG,7Y,83.472,41,CDXIG741 Curncy
19991,2023-12-04,US_HY,7Y,414.73,41,CDXHY741 BEST Curncy
19990,2023-12-04,US_HY,5Y,400.3281,41,CDXHY541 BEST Curncy
19989,2023-12-04,US_IG,10Y,102.943,41,CDXIG041 Curncy
19992,2023-12-04,US_HY,10Y,416.561,41,CDXHY041 BEST Curncy
19987,2023-12-04,US_IG,5Y,62.17,41,CDXIG541 Curncy
19986,2023-12-04,US_IG,3Y,38.076,41,CDXIG341 Curncy
19988,2023-12-04,US_IG,7Y,84.419,41,CDXIG741 Curncy
20001,2023-12-05,US_IG,3Y,38.523,41,CDXIG341 Curncy
20002,2023-12-05,US_IG,5Y,62.76,41,CDXIG541 Curncy
20003,2023-12-05,US_IG,7Y,84.611,41,CDXIG741 Curncy
20004,2023-12-05,US_IG,10Y,103.487,41,CDXIG041 Curncy
20005,2023-12-05,US_HY,5Y,402.0935,41,CDXHY541 BEST Curncy
20006,2023-12-05,US_HY,7Y,416.837,41,CDXHY741 BEST Curncy
20007,2023-12-05,US_HY,10Y,418.619,41,CDXHY041 BEST Curncy
20020,2023-12-06,US_HY,5Y,405.3599,41,CDXHY541 BEST Curncy
20022,2023-12-06,US_HY,10Y,420.966,41,CDXHY041 BEST Curncy
20019,2023-12-06,US_IG,10Y,103.648,41,CDXIG041 Curncy
20021,2023-12-06,US_HY,7Y,419.28,41,CDXHY741 BEST Curncy
20017,2023-12-06,US_IG,5Y,62.989,41,CDXIG541 Curncy
20018,2023-12-06,US_IG,7Y,85.035,41,CDXIG741 Curncy
20016,2023-12-06,US_IG,3Y,38.885,41,CDXIG341 Curncy
20031,2023-12-07,US_IG,3Y,38.838,41,CDXIG341 Curncy
20032,2023-12-07,US_IG,5Y,62.378,41,CDXIG541 Curncy
20033,2023-12-07,US_IG,7Y,84.483,41,CDXIG741 Curncy
20034,2023-12-07,US_IG,10Y,103.279,41,CDXIG041 Curncy
20035,2023-12-07,US_HY,5Y,404.8376,41,CDXHY541 BEST Curncy
20036,2023-12-07,US_HY,7Y,419.674,41,CDXHY741 BEST Curncy
20037,2023-12-07,US_HY,10Y,421.348,41,CDXHY041 BEST Curncy
20050,2023-12-08,US_HY,5Y,400.457,41,CDXHY541 BEST Curncy
20052,2023-12-08,US_HY,10Y,422.344,41,CDXHY041 BEST Curncy
20051,2023-12-08,US_HY,7Y,420.593,41,CDXHY741 BEST Curncy
20046,2023-12-08,US_IG,3Y,37.947,41,CDXIG341 Curncy
20048,2023-12-08,US_IG,7Y,83.635,41,CDXIG741 Curncy
20047,2023-12-08,US_IG,5Y,61.55,41,CDXIG541 Curncy
20049,2023-12-08,US_IG,10Y,102.603,41,CDXIG041 Curncy
20066,2023-12-11,US_HY,7Y,417.765,41,CDXHY741 BEST Curncy
20067,2023-12-11,US_HY,10Y,419.72,41,CDXHY041 BEST Curncy
20064,2023-12-11,US_IG,10Y,102.364,41,CDXIG041 Curncy
20065,2023-12-11,US_HY,5Y,401.7375,41,CDXHY541 BEST Curncy
20062,2023-12-11,US_IG,5Y,61.393,41,CDXIG541 Curncy
20061,2023-12-11,US_IG,3Y,37.715,41,CDXIG341 Curncy
20063,2023-12-11,US_IG,7Y,83.492,41,CDXIG741 Curncy
20082,2023-12-12,US_HY,10Y,417.91,41,CDXHY041 BEST Curncy
20081,2023-12-12,US_HY,7Y,415.648,41,CDXHY741 BEST Curncy
20080,2023-12-12,US_HY,5Y,392.9679,41,CDXHY541 BEST Curncy
20076,2023-12-12,US_IG,3Y,36.686,41,CDXIG341 Curncy
20078,2023-12-12,US_IG,7Y,81.918,41,CDXIG741 Curncy
20077,2023-12-12,US_IG,5Y,59.842,41,CDXIG541 Curncy
20079,2023-12-12,US_IG,10Y,101.14,41,CDXIG041 Curncy
20091,2023-12-13,US_IG,3Y,33.908,41,CDXIG341 Curncy
20092,2023-12-13,US_IG,5Y,55.554,41,CDXIG541 Curncy
20093,2023-12-13,US_IG,7Y,78.349,41,CDXIG741 Curncy
20094,2023-12-13,US_IG,10Y,98.249,41,CDXIG041 Curncy
20095,2023-12-13,US_HY,5Y,372.1289,41,CDXHY541 BEST Curncy
20096,2023-12-13,US_HY,7Y,405.893,41,CDXHY741 BEST Curncy
20097,2023-12-13,US_HY,10Y,408.522,41,CDXHY041 BEST Curncy
20110,2023-12-14,US_HY,5Y,368.2505,41,CDXHY541 BEST Curncy
20111,2023-12-14,US_HY,7Y,377.044,41,CDXHY741 BEST Curncy
20109,2023-12-14,US_IG,10Y,98.42,41,CDXIG041 Curncy
20112,2023-12-14,US_HY,10Y,381.275,41,CDXHY041 BEST Curncy
20107,2023-12-14,US_IG,5Y,56.704,41,CDXIG541 Curncy
20106,2023-12-14,US_IG,3Y,34.117,41,CDXIG341 Curncy
20108,2023-12-14,US_IG,7Y,79.466,41,CDXIG741 Curncy
20127,2023-12-15,US_HY,10Y,390.187,41,CDXHY041 BEST Curncy
20126,2023-12-15,US_HY,7Y,386.234,41,CDXHY741 BEST Curncy
20125,2023-12-15,US_HY,5Y,367.9421,41,CDXHY541 BEST Curncy
20121,2023-12-15,US_IG,3Y,33.992,41,CDXIG341 Curncy
20123,2023-12-15,US_IG,7Y,79.82,41,CDXIG741 Curncy
20124,2023-12-15,US_IG,10Y,98.717,41,CDXIG041 Curncy
20122,2023-12-15,US_IG,5Y,57.504,41,CDXIG541 Curncy
20142,2023-12-18,US_HY,10Y,387.327,41,CDXHY041 BEST Curncy
20136,2023-12-18,US_IG,3Y,34.6,41,CDXIG341 Curncy
20137,2023-12-18,US_IG,5Y,57.833,41,CDXIG541 Curncy
20138,2023-12-18,US_IG,7Y,80.279,41,CDXIG741 Curncy
20139,2023-12-18,US_IG,10Y,99.022,41,CDXIG041 Curncy
20140,2023-12-18,US_HY,5Y,367.8625,41,CDXHY541 BEST Curncy
20141,2023-12-18,US_HY,7Y,383.639,41,CDXHY741 BEST Curncy
20157,2023-12-19,US_HY,10Y,384.916,41,CDXHY041 BEST Curncy
20156,2023-12-19,US_HY,7Y,380.972,41,CDXHY741 BEST Curncy
20155,2023-12-19,US_HY,5Y,363.2707,41,CDXHY541 BEST Curncy
20151,2023-12-19,US_IG,3Y,34.195,41,CDXIG341 Curncy
20153,2023-12-19,US_IG,7Y,78.809,41,CDXIG741 Curncy
20152,2023-12-19,US_IG,5Y,56.898,41,CDXIG541 Curncy
20154,2023-12-19,US_IG,10Y,98.104,41,CDXIG041 Curncy
20170,2023-12-20,US_HY,5Y,365.4392,41,CDXHY541 BEST Curncy
20171,2023-12-20,US_HY,7Y,380.498,41,CDXHY741 BEST Curncy
20172,2023-12-20,US_HY,10Y,385.172,41,CDXHY041 BEST Curncy
20168,2023-12-20,US_IG,7Y,80.519,41,CDXIG741 Curncy
20167,2023-12-20,US_IG,5Y,58.685,41,CDXIG541 Curncy
20166,2023-12-20,US_IG,3Y,34.674,41,CDXIG341 Curncy
20169,2023-12-20,US_IG,10Y,99.444,41,CDXIG041 Curncy
20186,2023-12-21,US_HY,7Y,381.281,41,CDXHY741 BEST Curncy
20185,2023-12-21,US_HY,5Y,359.9536,41,CDXHY541 BEST Curncy
20184,2023-12-21,US_IG,10Y,96.961,41,CDXIG041 Curncy
20187,2023-12-21,US_HY,10Y,385.911,41,CDXHY041 BEST Curncy
20182,2023-12-21,US_IG,5Y,55.422,41,CDXIG541 Curncy
20181,2023-12-21,US_IG,3Y,31.792,41,CDXIG341 Curncy
20183,2023-12-21,US_IG,7Y,78.031,41,CDXIG741 Curncy
20196,2023-12-22,US_IG,3Y,32.543,41,CDXIG341 Curncy
20197,2023-12-22,US_IG,5Y,56.127,41,CDXIG541 Curncy
20198,2023-12-22,US_IG,7Y,77.68,41,CDXIG741 Curncy
20199,2023-12-22,US_IG,10Y,96.809,41,CDXIG041 Curncy
20200,2023-12-22,US_HY,5Y,357.1216,41,CDXHY541 BEST Curncy
20201,2023-12-22,US_HY,7Y,375.637,41,CDXHY741 BEST Curncy
20202,2023-12-22,US_HY,10Y,380.658,41,CDXHY041 BEST Curncy
20210,2023-12-25,US_HY,7Y,375.353,41,CDXHY741 BEST Curncy
20211,2023-12-25,US_HY,10Y,380.42,41,CDXHY041 BEST Curncy
20208,2023-12-25,US_IG,10Y,96.514,41,CDXIG041 Curncy
20207,2023-12-25,US_IG,3Y,32.982,41,CDXIG341 Curncy
20209,2023-12-25,US_HY,5Y,357.4304,41,CDXHY541 BEST Curncy
20213,2023-12-26,US_IG,3Y,32.819,41,CDXIG341 Curncy
20214,2023-12-26,US_IG,5Y,55.838,41,CDXIG541 Curncy
20215,2023-12-26,US_IG,7Y,78.002,41,CDXIG741 Curncy
20216,2023-12-26,US_IG,10Y,97.025,41,CDXIG041 Curncy
20217,2023-12-26,US_HY,5Y,353.6126,41,CDXHY541 BEST Curncy
20218,2023-12-26,US_HY,7Y,372.422,41,CDXHY741 BEST Curncy
20219,2023-12-26,US_HY,10Y,377.737,41,CDXHY041 BEST Curncy
20234,2023-12-27,US_HY,10Y,376.718,41,CDXHY041 BEST Curncy
20233,2023-12-27,US_HY,7Y,371.452,41,CDXHY741 BEST Curncy
20232,2023-12-27,US_HY,5Y,353.5179,41,CDXHY541 BEST Curncy
20228,2023-12-27,US_IG,3Y,32.714,41,CDXIG341 Curncy
20230,2023-12-27,US_IG,7Y,77.409,41,CDXIG741 Curncy
20229,2023-12-27,US_IG,5Y,55.242,41,CDXIG541 Curncy
20231,2023-12-27,US_IG,10Y,96.593,41,CDXIG041 Curncy
20245,2023-12-28,US_HY,5Y,353.7004,41,CDXHY541 BEST Curncy
20246,2023-12-28,US_HY,7Y,373.364,41,CDXHY741 BEST Curncy
20244,2023-12-28,US_IG,10Y,97.223,41,CDXIG041 Curncy
20247,2023-12-28,US_HY,10Y,378.954,41,CDXHY041 BEST Curncy
20242,2023-12-28,US_IG,5Y,55.881,41,CDXIG541 Curncy
20241,2023-12-28,US_IG,3Y,32.877,41,CDXIG341 Curncy
20243,2023-12-28,US_IG,7Y,78.141,41,CDXIG741 Curncy
20256,2023-12-29,US_IG,3Y,33.638,41,CDXIG341 Curncy
20257,2023-12-29,US_IG,5Y,56.696,41,CDXIG541 Curncy
20258,2023-12-29,US_IG,7Y,78.737,41,CDXIG741 Curncy
20259,2023-12-29,US_IG,10Y,98.187,41,CDXIG041 Curncy
20260,2023-12-29,US_HY,5Y,356.3549,41,CDXHY541 BEST Curncy
20261,2023-12-29,US_HY,7Y,375.364,41,CDXHY741 BEST Curncy
20262,2023-12-29,US_HY,10Y,380.704,41,CDXHY041 BEST Curncy
20271,2024-01-01,US_HY,10Y,381.995,41,CDXHY041 BEST Curncy
20270,2024-01-01,US_HY,7Y,376.886,41,CDXHY741 BEST Curncy
20269,2024-01-01,US_HY,5Y,357.1312,41,CDXHY541 BEST Curncy
20267,2024-01-01,US_IG,3Y,33.451,41,CDXIG341 Curncy
20268,2024-01-01,US_IG,10Y,98.359,41,CDXIG041 Curncy
20280,2024-01-02,US_IG,3Y,34.858,41,CDXIG341 Curncy
20281,2024-01-02,US_IG,5Y,58.46,41,CDXIG541 Curncy
20282,2024-01-02,US_IG,7Y,80.708,41,CDXIG741 Curncy
20283,2024-01-02,US_IG,10Y,99.627,41,CDXIG041 Curncy
20284,2024-01-02,US_HY,5Y,366.5252,41,CDXHY541 BEST Curncy
20285,2024-01-02,US_HY,7Y,380.857,41,CDXHY741 BEST Curncy
20286,2024-01-02,US_HY,10Y,385.643,41,CDXHY041 BEST Curncy
20301,2024-01-03,US_HY,10Y,397.515,41,CDXHY041 BEST Curncy
20300,2024-01-03,US_HY,7Y,393.481,41,CDXHY741 BEST Curncy
20299,2024-01-03,US_HY,5Y,370.567,41,CDXHY541 BEST Curncy
20296,2024-01-03,US_IG,5Y,60.56,41,CDXIG541 Curncy
20297,2024-01-03,US_IG,7Y,82.908,41,CDXIG741 Curncy
20298,2024-01-03,US_IG,10Y,101.454,41,CDXIG041 Curncy
20295,2024-01-03,US_IG,3Y,36.425,41,CDXIG341 Curncy
20316,2024-01-04,US_HY,10Y,394.38,41,CDXHY041 BEST Curncy
20310,2024-01-04,US_IG,3Y,37.071,41,CDXIG341 Curncy
20311,2024-01-04,US_IG,5Y,59.971,41,CDXIG541 Curncy
20312,2024-01-04,US_IG,7Y,82.049,41,CDXIG741 Curncy
20313,2024-01-04,US_IG,10Y,101.014,41,CDXIG041 Curncy
20314,2024-01-04,US_HY,5Y,373.3659,41,CDXHY541 BEST Curncy
20315,2024-01-04,US_HY,7Y,390.328,41,CDXHY741 BEST Curncy
20331,2024-01-05,US_HY,10Y,392.697,41,CDXHY041 BEST Curncy
20330,2024-01-05,US_HY,7Y,388.917,41,CDXHY741 BEST Curncy
20329,2024-01-05,US_HY,5Y,372.6207,41,CDXHY541 BEST Curncy
20325,2024-01-05,US_IG,3Y,36.553,41,CDXIG341 Curncy
20327,2024-01-05,US_IG,7Y,81.554,41,CDXIG741 Curncy
20326,2024-01-05,US_IG,5Y,59.397,41,CDXIG541 Curncy
20328,2024-01-05,US_IG,10Y,100.63,41,CDXIG041 Curncy
20344,2024-01-08,US_HY,5Y,360.1907,41,CDXHY541 BEST Curncy
20345,2024-01-08,US_HY,7Y,382.979,41,CDXHY741 BEST Curncy
20346,2024-01-08,US_HY,10Y,387.016,41,CDXHY041 BEST Curncy
20343,2024-01-08,US_IG,10Y,98.669,41,CDXIG041 Curncy
20341,2024-01-08,US_IG,5Y,56.908,41,CDXIG541 Curncy
20340,2024-01-08,US_IG,3Y,35.07,41,CDXIG341 Curncy
20342,2024-01-08,US_IG,7Y,79.178,41,CDXIG741 Curncy
20360,2024-01-09,US_HY,7Y,377.306,41,CDXHY741 BEST Curncy
20359,2024-01-09,US_HY,5Y,358.9846,41,CDXHY541 BEST Curncy
20358,2024-01-09,US_IG,10Y,97.931,41,CDXIG041 Curncy
20361,2024-01-09,US_HY,10Y,381.658,41,CDXHY041 BEST Curncy
20356,2024-01-09,US_IG,5Y,56.524,41,CDXIG541 Curncy
20355,2024-01-09,US_IG,3Y,34.013,41,CDXIG341 Curncy
20357,2024-01-09,US_IG,7Y,78.817,41,CDXIG741 Curncy
20370,2024-01-10,US_IG,3Y,33.033,41,CDXIG341 Curncy
20371,2024-01-10,US_IG,5Y,55.248,41,CDXIG541 Curncy
20372,2024-01-10,US_IG,7Y,77.463,41,CDXIG741 Curncy
20373,2024-01-10,US_IG,10Y,96.757,41,CDXIG041 Curncy
20374,2024-01-10,US_HY,5Y,352.3414,41,CDXHY541 BEST Curncy
20375,2024-01-10,US_HY,7Y,372.204,41,CDXHY741 BEST Curncy
20376,2024-01-10,US_HY,10Y,376.584,41,CDXHY041 BEST Curncy
20391,2024-01-11,US_HY,10Y,377.36,41,CDXHY041 BEST Curncy
20390,2024-01-11,US_HY,7Y,373.421,41,CDXHY741 BEST Curncy
20388,2024-01-11,US_IG,10Y,95.85,41,CDXIG041 Curncy
20389,2024-01-11,US_HY,5Y,350.844,41,CDXHY541 BEST Curncy
20386,2024-01-11,US_IG,5Y,54.491,41,CDXIG541 Curncy
20385,2024-01-11,US_IG,3Y,32.269,41,CDXIG341 Curncy
20387,2024-01-11,US_IG,7Y,76.645,41,CDXIG741 Curncy
20400,2024-01-12,US_IG,3Y,31.794,41,CDXIG341 Curncy
20401,2024-01-12,US_IG,5Y,54.757,41,CDXIG541 Curncy
20402,2024-01-12,US_IG,7Y,76.974,41,CDXIG741 Curncy
20403,2024-01-12,US_IG,10Y,96.036,41,CDXIG041 Curncy
20404,2024-01-12,US_HY,5Y,353.9466,41,CDXHY541 BEST Curncy
20405,2024-01-12,US_HY,7Y,369.724,41,CDXHY741 BEST Curncy
20406,2024-01-12,US_HY,10Y,374.205,41,CDXHY041 BEST Curncy
20419,2024-01-15,US_HY,10Y,376.171,41,CDXHY041 BEST Curncy
20418,2024-01-15,US_HY,7Y,371.629,41,CDXHY741 BEST Curncy
20417,2024-01-15,US_HY,5Y,353.7243,41,CDXHY541 BEST Curncy
20416,2024-01-15,US_IG,10Y,96.205,41,CDXIG041 Curncy
20415,2024-01-15,US_IG,3Y,31.967,41,CDXIG341 Curncy
20428,2024-01-16,US_IG,3Y,32.644,41,CDXIG341 Curncy
20429,2024-01-16,US_IG,5Y,56.026,41,CDXIG541 Curncy
20430,2024-01-16,US_IG,7Y,77.954,41,CDXIG741 Curncy
20431,2024-01-16,US_IG,10Y,97.174,41,CDXIG041 Curncy
20432,2024-01-16,US_HY,5Y,358.8767,41,CDXHY541 BEST Curncy
20433,2024-01-16,US_HY,7Y,376.702,41,CDXHY741 BEST Curncy
20434,2024-01-16,US_HY,10Y,381.383,41,CDXHY041 BEST Curncy
20449,2024-01-17,US_HY,10Y,389.475,41,CDXHY041 BEST Curncy
20448,2024-01-17,US_HY,7Y,385.363,41,CDXHY741 BEST Curncy
20447,2024-01-17,US_HY,5Y,366.4507,41,CDXHY541 BEST Curncy
20443,2024-01-17,US_IG,3Y,33.451,41,CDXIG341 Curncy
20445,2024-01-17,US_IG,7Y,78.587,41,CDXIG741 Curncy
20444,2024-01-17,US_IG,5Y,56.69,41,CDXIG541 Curncy
20446,2024-01-17,US_IG,10Y,97.697,41,CDXIG041 Curncy
20463,2024-01-18,US_HY,7Y,382.98,41,CDXHY741 BEST Curncy
20462,2024-01-18,US_HY,5Y,363.6791,41,CDXHY541 BEST Curncy
20461,2024-01-18,US_IG,10Y,96.807,41,CDXIG041 Curncy
20464,2024-01-18,US_HY,10Y,386.829,41,CDXHY041 BEST Curncy
20459,2024-01-18,US_IG,5Y,55.351,41,CDXIG541 Curncy
20458,2024-01-18,US_IG,3Y,32.813,41,CDXIG341 Curncy
20460,2024-01-18,US_IG,7Y,77.304,41,CDXIG741 Curncy
20473,2024-01-19,US_IG,3Y,31.977,41,CDXIG341 Curncy
20474,2024-01-19,US_IG,5Y,54.689,41,CDXIG541 Curncy
20475,2024-01-19,US_IG,7Y,76.375,41,CDXIG741 Curncy
20476,2024-01-19,US_IG,10Y,95.929,41,CDXIG041 Curncy
20477,2024-01-19,US_HY,5Y,355.2246,41,CDXHY541 BEST Curncy
20478,2024-01-19,US_HY,7Y,376.99,41,CDXHY741 BEST Curncy
20479,2024-01-19,US_HY,10Y,381.135,41,CDXHY041 BEST Curncy
20493,2024-01-22,US_HY,7Y,372.158,41,CDXHY741 BEST Curncy
20494,2024-01-22,US_HY,10Y,376.659,41,CDXHY041 BEST Curncy
20492,2024-01-22,US_HY,5Y,354.8962,41,CDXHY541 BEST Curncy
20488,2024-01-22,US_IG,3Y,31.952,41,CDXIG341 Curncy
20490,2024-01-22,US_IG,7Y,76.918,41,CDXIG741 Curncy
20491,2024-01-22,US_IG,10Y,96.362,41,CDXIG041 Curncy
20489,2024-01-22,US_IG,5Y,55.165,41,CDXIG541 Curncy
20509,2024-01-23,US_HY,10Y,380.195,41,CDXHY041 BEST Curncy
20503,2024-01-23,US_IG,3Y,32.526,41,CDXIG341 Curncy
20504,2024-01-23,US_IG,5Y,55.307,41,CDXIG541 Curncy
20505,2024-01-23,US_IG,7Y,77.355,41,CDXIG741 Curncy
20506,2024-01-23,US_IG,10Y,96.845,41,CDXIG041 Curncy
20507,2024-01-23,US_HY,5Y,356.3507,41,CDXHY541 BEST Curncy
20508,2024-01-23,US_HY,7Y,375.72,41,CDXHY741 BEST Curncy
20524,2024-01-24,US_HY,10Y,374.709,41,CDXHY041 BEST Curncy
20523,2024-01-24,US_HY,7Y,370.151,41,CDXHY741 BEST Curncy
20522,2024-01-24,US_HY,5Y,356.7773,41,CDXHY541 BEST Curncy
20518,2024-01-24,US_IG,3Y,32.711,41,CDXIG341 Curncy
20520,2024-01-24,US_IG,7Y,77.618,41,CDXIG741 Curncy
20519,2024-01-24,US_IG,5Y,55.753,41,CDXIG541 Curncy
20521,2024-01-24,US_IG,10Y,97.051,41,CDXIG041 Curncy
20537,2024-01-25,US_HY,5Y,352.0497,41,CDXHY541 BEST Curncy
20538,2024-01-25,US_HY,7Y,369.952,41,CDXHY741 BEST Curncy
20539,2024-01-25,US_HY,10Y,374.187,41,CDXHY041 BEST Curncy
20536,2024-01-25,US_IG,10Y,96.261,41,CDXIG041 Curncy
20534,2024-01-25,US_IG,5Y,54.598,41,CDXIG541 Curncy
20533,2024-01-25,US_IG,3Y,32.348,41,CDXIG341 Curncy
20535,2024-01-25,US_IG,7Y,76.534,41,CDXIG741 Curncy
20553,2024-01-26,US_HY,7Y,366.173,41,CDXHY741 BEST Curncy
20552,2024-01-26,US_HY,5Y,349.1429,41,CDXHY541 BEST Curncy
20551,2024-01-26,US_IG,10Y,95.7,41,CDXIG041 Curncy
20554,2024-01-26,US_HY,10Y,370.674,41,CDXHY041 BEST Curncy
20549,2024-01-26,US_IG,5Y,54.42,41,CDXIG541 Curncy
20548,2024-01-26,US_IG,3Y,31.411,41,CDXIG341 Curncy
20550,2024-01-26,US_IG,7Y,76.126,41,CDXIG741 Curncy
20563,2024-01-29,US_IG,3Y,31.291,41,CDXIG341 Curncy
20564,2024-01-29,US_IG,5Y,53.944,41,CDXIG541 Curncy
20565,2024-01-29,US_IG,7Y,75.763,41,CDXIG741 Curncy
20566,2024-01-29,US_IG,10Y,95.25,41,CDXIG041 Curncy
20567,2024-01-29,US_HY,5Y,349.4979,41,CDXHY541 BEST Curncy
20568,2024-01-29,US_HY,7Y,369.014,41,CDXHY741 BEST Curncy
20569,2024-01-29,US_HY,10Y,373.415,41,CDXHY041 BEST Curncy
20583,2024-01-30,US_HY,7Y,365.747,41,CDXHY741 BEST Curncy
20584,2024-01-30,US_HY,10Y,370.481,41,CDXHY041 BEST Curncy
20582,2024-01-30,US_HY,5Y,347.716,41,CDXHY541 BEST Curncy
20578,2024-01-30,US_IG,3Y,31.119,41,CDXIG341 Curncy
20580,2024-01-30,US_IG,7Y,75.941,41,CDXIG741 Curncy
20581,2024-01-30,US_IG,10Y,95.257,41,CDXIG041 Curncy
20579,2024-01-30,US_IG,5Y,54.318,41,CDXIG541 Curncy
20593,2024-01-31,US_IG,3Y,32.81,41,CDXIG341 Curncy
20594,2024-01-31,US_IG,5Y,56.614,41,CDXIG541 Curncy
20595,2024-01-31,US_IG,7Y,78.206,41,CDXIG741 Curncy
20596,2024-01-31,US_IG,10Y,96.956,41,CDXIG041 Curncy
20597,2024-01-31,US_HY,5Y,355.9446,41,CDXHY541 BEST Curncy
20598,2024-01-31,US_HY,7Y,372.81,41,CDXHY741 BEST Curncy
20599,2024-01-31,US_HY,10Y,376.401,41,CDXHY041 BEST Curncy
20614,2024-02-01,US_HY,10Y,376.493,41,CDXHY041 BEST Curncy
20613,2024-02-01,US_HY,7Y,373.213,41,CDXHY741 BEST Curncy
20612,2024-02-01,US_HY,5Y,355.304,41,CDXHY541 BEST Curncy
20608,2024-02-01,US_IG,3Y,32.964,41,CDXIG341 Curncy
20610,2024-02-01,US_IG,7Y,76.953,41,CDXIG741 Curncy
20609,2024-02-01,US_IG,5Y,55.079,41,CDXIG541 Curncy
20611,2024-02-01,US_IG,10Y,96.441,41,CDXIG041 Curncy
20628,2024-02-02,US_HY,7Y,368.849,41,CDXHY741 BEST Curncy
20629,2024-02-02,US_HY,10Y,372.615,41,CDXHY041 BEST Curncy
20627,2024-02-02,US_HY,5Y,351.1227,41,CDXHY541 BEST Curncy
20626,2024-02-02,US_IG,10Y,95.785,41,CDXIG041 Curncy
20625,2024-02-02,US_IG,7Y,76.418,41,CDXIG741 Curncy
20624,2024-02-02,US_IG,5Y,54.609,41,CDXIG541 Curncy
20623,2024-02-02,US_IG,3Y,31.803,41,CDXIG341 Curncy
20643,2024-02-05,US_HY,7Y,372.034,41,CDXHY741 BEST Curncy
20642,2024-02-05,US_HY,5Y,354.834,41,CDXHY541 BEST Curncy
20641,2024-02-05,US_IG,10Y,96.164,41,CDXIG041 Curncy
20644,2024-02-05,US_HY,10Y,375.585,41,CDXHY041 BEST Curncy
20639,2024-02-05,US_IG,5Y,55.323,41,CDXIG541 Curncy
20638,2024-02-05,US_IG,3Y,31.987,41,CDXIG341 Curncy
20640,2024-02-05,US_IG,7Y,76.98,41,CDXIG741 Curncy
20653,2024-02-06,US_IG,3Y,32.434,41,CDXIG341 Curncy
20654,2024-02-06,US_IG,5Y,55.659,41,CDXIG541 Curncy
20655,2024-02-06,US_IG,7Y,77.278,41,CDXIG741 Curncy
20656,2024-02-06,US_IG,10Y,96.558,41,CDXIG041 Curncy
20657,2024-02-06,US_HY,5Y,355.1475,41,CDXHY541 BEST Curncy
20658,2024-02-06,US_HY,7Y,369.898,41,CDXHY741 BEST Curncy
20659,2024-02-06,US_HY,10Y,373.268,41,CDXHY041 BEST Curncy
20672,2024-02-07,US_HY,5Y,354.66,41,CDXHY541 BEST Curncy
20673,2024-02-07,US_HY,7Y,372.428,41,CDXHY741 BEST Curncy
20674,2024-02-07,US_HY,10Y,375.819,41,CDXHY041 BEST Curncy
20671,2024-02-07,US_IG,10Y,96.65,41,CDXIG041 Curncy
20669,2024-02-07,US_IG,5Y,55.557,41,CDXIG541 Curncy
20670,2024-02-07,US_IG,7Y,77.186,41,CDXIG741 Curncy
20668,2024-02-07,US_IG,3Y,32.567,41,CDXIG341 Curncy
20689,2024-02-08,US_HY,10Y,374.939,41,CDXHY041 BEST Curncy
20683,2024-02-08,US_IG,3Y,32.303,41,CDXIG341 Curncy
20684,2024-02-08,US_IG,5Y,55.243,41,CDXIG541 Curncy
20685,2024-02-08,US_IG,7Y,77.053,41,CDXIG741 Curncy
20686,2024-02-08,US_IG,10Y,96.472,41,CDXIG041 Curncy
20687,2024-02-08,US_HY,5Y,353.7625,41,CDXHY541 BEST Curncy
20688,2024-02-08,US_HY,7Y,371.529,41,CDXHY741 BEST Curncy
20704,2024-02-09,US_HY,10Y,369.988,41,CDXHY041 BEST Curncy
20703,2024-02-09,US_HY,7Y,365.797,41,CDXHY741 BEST Curncy
20702,2024-02-09,US_HY,5Y,347.3228,41,CDXHY541 BEST Curncy
20698,2024-02-09,US_IG,3Y,31.432,41,CDXIG341 Curncy
20700,2024-02-09,US_IG,7Y,75.886,41,CDXIG741 Curncy
20699,2024-02-09,US_IG,5Y,54.136,41,CDXIG541 Curncy
20701,2024-02-09,US_IG,10Y,95.562,41,CDXIG041 Curncy
20717,2024-02-12,US_HY,5Y,345.8185,41,CDXHY541 BEST Curncy
20718,2024-02-12,US_HY,7Y,359.151,41,CDXHY741 BEST Curncy
20719,2024-02-12,US_HY,10Y,363.728,41,CDXHY041 BEST Curncy
20716,2024-02-12,US_IG,10Y,94.822,41,CDXIG041 Curncy
20714,2024-02-12,US_IG,5Y,53.619,41,CDXIG541 Curncy
20713,2024-02-12,US_IG,3Y,30.509,41,CDXIG341 Curncy
20715,2024-02-12,US_IG,7Y,75.288,41,CDXIG741 Curncy
20733,2024-02-13,US_HY,7Y,369.818,41,CDXHY741 BEST Curncy
20732,2024-02-13,US_HY,5Y,357.8429,41,CDXHY541 BEST Curncy
20731,2024-02-13,US_IG,10Y,95.873,41,CDXIG041 Curncy
20734,2024-02-13,US_HY,10Y,373.52,41,CDXHY041 BEST Curncy
20729,2024-02-13,US_IG,5Y,55.056,41,CDXIG541 Curncy
20728,2024-02-13,US_IG,3Y,31.337,41,CDXIG341 Curncy
20730,2024-02-13,US_IG,7Y,76.876,41,CDXIG741 Curncy
20743,2024-02-14,US_IG,3Y,31.245,41,CDXIG341 Curncy
20744,2024-02-14,US_IG,5Y,54.015,41,CDXIG541 Curncy
20745,2024-02-14,US_IG,7Y,75.753,41,CDXIG741 Curncy
20746,2024-02-14,US_IG,10Y,95.327,41,CDXIG041 Curncy
20747,2024-02-14,US_HY,5Y,350.1844,41,CDXHY541 BEST Curncy
20748,2024-02-14,US_HY,7Y,366.508,41,CDXHY741 BEST Curncy
20749,2024-02-14,US_HY,10Y,370.248,41,CDXHY041 BEST Curncy
20762,2024-02-15,US_HY,5Y,342.8275,41,CDXHY541 BEST Curncy
20763,2024-02-15,US_HY,7Y,362.63,41,CDXHY741 BEST Curncy
20761,2024-02-15,US_IG,10Y,93.813,41,CDXIG041 Curncy
20764,2024-02-15,US_HY,10Y,366.791,41,CDXHY041 BEST Curncy
20759,2024-02-15,US_IG,5Y,52.343,41,CDXIG541 Curncy
20758,2024-02-15,US_IG,3Y,29.966,41,CDXIG341 Curncy
20760,2024-02-15,US_IG,7Y,74.041,41,CDXIG741 Curncy
20773,2024-02-16,US_IG,3Y,30.023,41,CDXIG341 Curncy
20774,2024-02-16,US_IG,5Y,53.184,41,CDXIG541 Curncy
20775,2024-02-16,US_IG,7Y,74.781,41,CDXIG741 Curncy
20776,2024-02-16,US_IG,10Y,94.182,41,CDXIG041 Curncy
20777,2024-02-16,US_HY,5Y,345.4859,41,CDXHY541 BEST Curncy
20778,2024-02-16,US_HY,7Y,361.038,41,CDXHY741 BEST Curncy
20779,2024-02-16,US_HY,10Y,365.209,41,CDXHY041 BEST Curncy
20792,2024-02-19,US_HY,10Y,368.27,41,CDXHY041 BEST Curncy
20791,2024-02-19,US_HY,7Y,364.0,41,CDXHY741 BEST Curncy
20790,2024-02-19,US_HY,5Y,346.9977,41,CDXHY541 BEST Curncy
20789,2024-02-19,US_IG,10Y,94.194,41,CDXIG041 Curncy
20788,2024-02-19,US_IG,3Y,30.361,41,CDXIG341 Curncy
20801,2024-02-20,US_IG,3Y,29.912,41,CDXIG341 Curncy
20802,2024-02-20,US_IG,5Y,52.981,41,CDXIG541 Curncy
20803,2024-02-20,US_IG,7Y,74.905,41,CDXIG741 Curncy
20804,2024-02-20,US_IG,10Y,94.259,41,CDXIG041 Curncy
20805,2024-02-20,US_HY,5Y,347.4162,41,CDXHY541 BEST Curncy
20806,2024-02-20,US_HY,7Y,366.187,41,CDXHY741 BEST Curncy
20807,2024-02-20,US_HY,10Y,369.819,41,CDXHY041 BEST Curncy
20822,2024-02-21,US_HY,10Y,367.935,41,CDXHY041 BEST Curncy
20821,2024-02-21,US_HY,7Y,364.251,41,CDXHY741 BEST Curncy
20820,2024-02-21,US_HY,5Y,349.9161,41,CDXHY541 BEST Curncy
20816,2024-02-21,US_IG,3Y,29.748,41,CDXIG341 Curncy
20818,2024-02-21,US_IG,7Y,74.563,41,CDXIG741 Curncy
20817,2024-02-21,US_IG,5Y,52.524,41,CDXIG541 Curncy
20819,2024-02-21,US_IG,10Y,94.015,41,CDXIG041 Curncy
20836,2024-02-22,US_HY,7Y,355.159,41,CDXHY741 BEST Curncy
20835,2024-02-22,US_HY,5Y,335.9045,41,CDXHY541 BEST Curncy
20834,2024-02-22,US_IG,10Y,92.614,41,CDXIG041 Curncy
20837,2024-02-22,US_HY,10Y,359.588,41,CDXHY041 BEST Curncy
20832,2024-02-22,US_IG,5Y,50.878,41,CDXIG541 Curncy
20831,2024-02-22,US_IG,3Y,28.47,41,CDXIG341 Curncy
20833,2024-02-22,US_IG,7Y,72.608,41,CDXIG741 Curncy
20846,2024-02-23,US_IG,3Y,28.242,41,CDXIG341 Curncy
20847,2024-02-23,US_IG,5Y,51.569,41,CDXIG541 Curncy
20848,2024-02-23,US_IG,7Y,73.296,41,CDXIG741 Curncy
20849,2024-02-23,US_IG,10Y,92.767,41,CDXIG041 Curncy
20850,2024-02-23,US_HY,5Y,337.4249,41,CDXHY541 BEST Curncy
20851,2024-02-23,US_HY,7Y,353.744,41,CDXHY741 BEST Curncy
20852,2024-02-23,US_HY,10Y,358.647,41,CDXHY041 BEST Curncy
20866,2024-02-26,US_HY,7Y,355.789,41,CDXHY741 BEST Curncy
20867,2024-02-26,US_HY,10Y,359.691,41,CDXHY041 BEST Curncy
20865,2024-02-26,US_HY,5Y,341.3816,41,CDXHY541 BEST Curncy
20861,2024-02-26,US_IG,3Y,29.18,41,CDXIG341 Curncy
20863,2024-02-26,US_IG,7Y,74.265,41,CDXIG741 Curncy
20864,2024-02-26,US_IG,10Y,93.754,41,CDXIG041 Curncy
20862,2024-02-26,US_IG,5Y,52.48,41,CDXIG541 Curncy
20882,2024-02-27,US_HY,10Y,361.85,41,CDXHY041 BEST Curncy
20876,2024-02-27,US_IG,3Y,29.267,41,CDXIG341 Curncy
20877,2024-02-27,US_IG,5Y,51.865,41,CDXIG541 Curncy
20878,2024-02-27,US_IG,7Y,73.823,41,CDXIG741 Curncy
20879,2024-02-27,US_IG,10Y,93.499,41,CDXIG041 Curncy
20880,2024-02-27,US_HY,5Y,339.0703,41,CDXHY541 BEST Curncy
20881,2024-02-27,US_HY,7Y,356.971,41,CDXHY741 BEST Curncy
20897,2024-02-28,US_HY,10Y,361.894,41,CDXHY041 BEST Curncy
20896,2024-02-28,US_HY,7Y,356.897,41,CDXHY741 BEST Curncy
20895,2024-02-28,US_HY,5Y,339.9621,41,CDXHY541 BEST Curncy
20891,2024-02-28,US_IG,3Y,29.63,41,CDXIG341 Curncy
20893,2024-02-28,US_IG,7Y,74.809,41,CDXIG741 Curncy
20892,2024-02-28,US_IG,5Y,53.066,41,CDXIG541 Curncy
20894,2024-02-28,US_IG,10Y,94.345,41,CDXIG041 Curncy
20910,2024-02-29,US_HY,5Y,339.3168,41,CDXHY541 BEST Curncy
20911,2024-02-29,US_HY,7Y,357.215,41,CDXHY741 BEST Curncy
20912,2024-02-29,US_HY,10Y,362.502,41,CDXHY041 BEST Curncy
20909,2024-02-29,US_IG,10Y,94.093,41,CDXIG041 Curncy
20907,2024-02-29,US_IG,5Y,52.413,41,CDXIG541 Curncy
20906,2024-02-29,US_IG,3Y,29.599,41,CDXIG341 Curncy
20908,2024-02-29,US_IG,7Y,74.208,41,CDXIG741 Curncy
20926,2024-03-01,US_HY,7Y,352.805,41,CDXHY741 BEST Curncy
20925,2024-03-01,US_HY,5Y,335.168,41,CDXHY541 BEST Curncy
20924,2024-03-01,US_IG,10Y,93.525,41,CDXIG041 Curncy
20927,2024-03-01,US_HY,10Y,358.304,41,CDXHY041 BEST Curncy
20922,2024-03-01,US_IG,5Y,51.499,41,CDXIG541 Curncy
20921,2024-03-01,US_IG,3Y,28.792,41,CDXIG341 Curncy
20923,2024-03-01,US_IG,7Y,73.486,41,CDXIG741 Curncy
20936,2024-03-04,US_IG,3Y,28.06,41,CDXIG341 Curncy
20937,2024-03-04,US_IG,5Y,51.154,41,CDXIG541 Curncy
20938,2024-03-04,US_IG,7Y,73.074,41,CDXIG741 Curncy
20939,2024-03-04,US_IG,10Y,93.281,41,CDXIG041 Curncy
20940,2024-03-04,US_HY,5Y,329.6273,41,CDXHY541 BEST Curncy
20941,2024-03-04,US_HY,7Y,348.726,41,CDXHY741 BEST Curncy
20942,2024-03-04,US_HY,10Y,354.498,41,CDXHY041 BEST Curncy
20957,2024-03-05,US_HY,10Y,358.362,41,CDXHY041 BEST Curncy
20956,2024-03-05,US_HY,7Y,352.921,41,CDXHY741 BEST Curncy
20954,2024-03-05,US_IG,10Y,93.663,41,CDXIG041 Curncy
20955,2024-03-05,US_HY,5Y,339.0608,41,CDXHY541 BEST Curncy
20952,2024-03-05,US_IG,5Y,51.725,41,CDXIG541 Curncy
20951,2024-03-05,US_IG,3Y,28.647,41,CDXIG341 Curncy
20953,2024-03-05,US_IG,7Y,73.618,41,CDXIG741 Curncy
20971,2024-03-06,US_HY,7Y,349.186,41,CDXHY741 BEST Curncy
20970,2024-03-06,US_HY,5Y,335.3906,41,CDXHY541 BEST Curncy
20969,2024-03-06,US_IG,10Y,93.04,41,CDXIG041 Curncy
20972,2024-03-06,US_HY,10Y,354.297,41,CDXHY041 BEST Curncy
20967,2024-03-06,US_IG,5Y,50.607,41,CDXIG541 Curncy
20966,2024-03-06,US_IG,3Y,28.387,41,CDXIG341 Curncy
20968,2024-03-06,US_IG,7Y,72.623,41,CDXIG741 Curncy
20981,2024-03-07,US_IG,3Y,27.236,41,CDXIG341 Curncy
20982,2024-03-07,US_IG,5Y,50.074,41,CDXIG541 Curncy
20983,2024-03-07,US_IG,7Y,71.987,41,CDXIG741 Curncy
20984,2024-03-07,US_IG,10Y,92.33,41,CDXIG041 Curncy
20985,2024-03-07,US_HY,5Y,329.7643,41,CDXHY541 BEST Curncy
20986,2024-03-07,US_HY,7Y,346.43,41,CDXHY741 BEST Curncy
20987,2024-03-07,US_HY,10Y,351.557,41,CDXHY041 BEST Curncy
21001,2024-03-08,US_HY,7Y,344.899,41,CDXHY741 BEST Curncy
21002,2024-03-08,US_HY,10Y,350.02,41,CDXHY041 BEST Curncy
21000,2024-03-08,US_HY,5Y,327.6678,41,CDXHY541 BEST Curncy
20999,2024-03-08,US_IG,10Y,92.035,41,CDXIG041 Curncy
20998,2024-03-08,US_IG,7Y,71.612,41,CDXIG741 Curncy
20997,2024-03-08,US_IG,5Y,49.641,41,CDXIG541 Curncy
20996,2024-03-08,US_IG,3Y,26.846,41,CDXIG341 Curncy
21016,2024-03-11,US_HY,7Y,347.029,41,CDXHY741 BEST Curncy
21015,2024-03-11,US_HY,5Y,329.1898,41,CDXHY541 BEST Curncy
21014,2024-03-11,US_IG,10Y,91.889,41,CDXIG041 Curncy
21017,2024-03-11,US_HY,10Y,352.107,41,CDXHY041 BEST Curncy
21012,2024-03-11,US_IG,5Y,49.541,41,CDXIG541 Curncy
21011,2024-03-11,US_IG,3Y,26.84,41,CDXIG341 Curncy
21013,2024-03-11,US_IG,7Y,71.551,41,CDXIG741 Curncy
21026,2024-03-12,US_IG,3Y,25.911,41,CDXIG341 Curncy
21027,2024-03-12,US_IG,5Y,48.434,41,CDXIG541 Curncy
21028,2024-03-12,US_IG,7Y,70.471,41,CDXIG741 Curncy
21029,2024-03-12,US_IG,10Y,90.975,41,CDXIG041 Curncy
21030,2024-03-12,US_HY,5Y,324.4161,41,CDXHY541 BEST Curncy
21031,2024-03-12,US_HY,7Y,343.576,41,CDXHY741 BEST Curncy
21032,2024-03-12,US_HY,10Y,348.884,41,CDXHY041 BEST Curncy
21045,2024-03-13,US_HY,5Y,321.0426,41,CDXHY541 BEST Curncy
21046,2024-03-13,US_HY,7Y,338.393,41,CDXHY741 BEST Curncy
21044,2024-03-13,US_IG,10Y,90.561,41,CDXIG041 Curncy
21047,2024-03-13,US_HY,10Y,343.717,41,CDXHY041 BEST Curncy
21042,2024-03-13,US_IG,5Y,48.087,41,CDXIG541 Curncy
21041,2024-03-13,US_IG,3Y,25.61,41,CDXIG341 Curncy
21043,2024-03-13,US_IG,7Y,70.131,41,CDXIG741 Curncy
21061,2024-03-14,US_HY,7Y,343.097,41,CDXHY741 BEST Curncy
21060,2024-03-14,US_HY,5Y,328.777,41,CDXHY541 BEST Curncy
21059,2024-03-14,US_IG,10Y,91.283,41,CDXIG041 Curncy
21062,2024-03-14,US_HY,10Y,348.889,41,CDXHY041 BEST Curncy
21057,2024-03-14,US_IG,5Y,49.3,41,CDXIG541 Curncy
21056,2024-03-14,US_IG,3Y,25.939,41,CDXIG341 Curncy
21058,2024-03-14,US_IG,7Y,71.284,41,CDXIG741 Curncy
21071,2024-03-15,US_IG,3Y,26.838,41,CDXIG341 Curncy
21072,2024-03-15,US_IG,5Y,49.988,41,CDXIG541 Curncy
21073,2024-03-15,US_IG,7Y,71.849,41,CDXIG741 Curncy
21074,2024-03-15,US_IG,10Y,91.864,41,CDXIG041 Curncy
21075,2024-03-15,US_HY,5Y,332.528,41,CDXHY541 BEST Curncy
21076,2024-03-15,US_HY,7Y,350.0,41,CDXHY741 BEST Curncy
21077,2024-03-15,US_HY,10Y,355.062,41,CDXHY041 BEST Curncy
21090,2024-03-18,US_HY,5Y,329.688,41,CDXHY541 BEST Curncy
21091,2024-03-18,US_HY,7Y,344.889,41,CDXHY741 BEST Curncy
21089,2024-03-18,US_IG,10Y,91.204,41,CDXIG041 Curncy
21092,2024-03-18,US_HY,10Y,349.863,41,CDXHY041 BEST Curncy
21087,2024-03-18,US_IG,5Y,49.047,41,CDXIG541 Curncy
21086,2024-03-18,US_IG,3Y,26.526,41,CDXIG341 Curncy
21088,2024-03-18,US_IG,7Y,70.91,41,CDXIG741 Curncy
21101,2024-03-19,US_IG,3Y,25.966,41,CDXIG341 Curncy
21102,2024-03-19,US_IG,5Y,48.22,41,CDXIG541 Curncy
21103,2024-03-19,US_IG,7Y,70.417,41,CDXIG741 Curncy
21104,2024-03-19,US_IG,10Y,90.53,41,CDXIG041 Curncy
21105,2024-03-19,US_HY,5Y,325.1847,41,CDXHY541 BEST Curncy
21106,2024-03-19,US_HY,7Y,343.291,41,CDXHY741 BEST Curncy
21107,2024-03-19,US_HY,10Y,348.594,41,CDXHY041 BEST Curncy
21115,2024-03-20,US_IG,3Y,30.183,42,CDXIG342 Curncy
21116,2024-03-20,US_IG,5Y,51.363,42,CDXIG542 Curncy
21117,2024-03-20,US_IG,10Y,90.107,42,CDXIG042 Curncy
21127,2024-03-21,US_IG,10Y,91.12,42,CDXIG042 Curncy
21125,2024-03-21,US_IG,3Y,28.548,42,CDXIG342 Curncy
21126,2024-03-21,US_IG,5Y,50.911,42,CDXIG542 Curncy
21135,2024-03-22,US_IG,3Y,29.598,42,CDXIG342 Curncy
21136,2024-03-22,US_IG,5Y,52.34,42,CDXIG542 Curncy
21137,2024-03-22,US_IG,10Y,92.433,42,CDXIG042 Curncy
21145,2024-03-25,US_IG,3Y,29.856,42,CDXIG342 Curncy
21146,2024-03-25,US_IG,5Y,52.515,42,CDXIG542 Curncy
21147,2024-03-25,US_IG,10Y,92.65,42,CDXIG042 Curncy
21155,2024-03-26,US_IG,3Y,31.033,42,CDXIG342 Curncy
21156,2024-03-26,US_IG,5Y,53.246,42,CDXIG542 Curncy
21157,2024-03-26,US_IG,10Y,93.307,42,CDXIG042 Curncy
21169,2024-03-27,US_HY,5Y,332.7193,42,CDXHY542 BEST Curncy
21168,2024-03-27,US_IG,10Y,91.579,42,CDXIG042 Curncy
21165,2024-03-27,US_IG,3Y,29.335,42,CDXIG342 Curncy
21166,2024-03-27,US_IG,5Y,51.302,42,CDXIG542 Curncy
21167,2024-03-27,US_IG,7Y,73.465,42,CDXIG742 Curncy
21177,2024-03-28,US_IG,3Y,29.258,42,CDXIG342 Curncy
21178,2024-03-28,US_IG,5Y,51.489,42,CDXIG542 Curncy
21179,2024-03-28,US_IG,7Y,73.168,42,CDXIG742 Curncy
21180,2024-03-28,US_IG,10Y,91.509,42,CDXIG042 Curncy
21181,2024-03-28,US_HY,5Y,330.2844,42,CDXHY542 BEST Curncy
21182,2024-03-28,US_HY,7Y,346.647,42,CDXHY742 BEST Curncy
21183,2024-03-28,US_HY,10Y,353.054,42,CDXHY042 BEST Curncy
21192,2024-03-29,US_HY,10Y,352.906,42,CDXHY042 BEST Curncy
21190,2024-03-29,US_HY,5Y,330.0742,42,CDXHY542 BEST Curncy
21191,2024-03-29,US_HY,7Y,346.472,42,CDXHY742 BEST Curncy
21188,2024-03-29,US_IG,3Y,29.239,42,CDXIG342 Curncy
21189,2024-03-29,US_IG,10Y,91.508,42,CDXIG042 Curncy
21193,2024-04-01,US_IG,3Y,29.954,42,CDXIG342 Curncy
21194,2024-04-01,US_IG,5Y,52.031,42,CDXIG542 Curncy
21195,2024-04-01,US_IG,7Y,74.239,42,CDXIG742 Curncy
21196,2024-04-01,US_IG,10Y,92.327,42,CDXIG042 Curncy
21197,2024-04-01,US_HY,5Y,334.1077,42,CDXHY542 BEST Curncy
21198,2024-04-01,US_HY,7Y,352.274,42,CDXHY742 BEST Curncy
21199,2024-04-01,US_HY,10Y,358.136,42,CDXHY042 BEST Curncy
21212,2024-04-02,US_HY,7Y,358.477,42,CDXHY742 BEST Curncy
21213,2024-04-02,US_HY,10Y,364.401,42,CDXHY042 BEST Curncy
21211,2024-04-02,US_HY,5Y,340.2263,42,CDXHY542 BEST Curncy
21208,2024-04-02,US_IG,5Y,52.721,42,CDXIG542 Curncy
21209,2024-04-02,US_IG,7Y,74.972,42,CDXIG742 Curncy
21207,2024-04-02,US_IG,3Y,30.665,42,CDXIG342 Curncy
21210,2024-04-02,US_IG,10Y,92.979,42,CDXIG042 Curncy
21227,2024-04-03,US_HY,10Y,362.945,42,CDXHY042 BEST Curncy
21225,2024-04-03,US_HY,5Y,337.7246,42,CDXHY542 BEST Curncy
21224,2024-04-03,US_IG,10Y,92.373,42,CDXIG042 Curncy
21226,2024-04-03,US_HY,7Y,357.036,42,CDXHY742 BEST Curncy
21222,2024-04-03,US_IG,5Y,52.017,42,CDXIG542 Curncy
21221,2024-04-03,US_IG,3Y,29.937,42,CDXIG342 Curncy
21223,2024-04-03,US_IG,7Y,74.933,42,CDXIG742 Curncy
21235,2024-04-04,US_IG,3Y,30.878,42,CDXIG342 Curncy
21236,2024-04-04,US_IG,5Y,53.756,42,CDXIG542 Curncy
21237,2024-04-04,US_IG,10Y,93.335,42,CDXIG042 Curncy
21238,2024-04-04,US_HY,5Y,340.6612,42,CDXHY542 BEST Curncy
21239,2024-04-04,US_HY,7Y,349.13,42,CDXHY742 BEST Curncy
21240,2024-04-04,US_HY,10Y,355.547,42,CDXHY042 BEST Curncy
21253,2024-04-05,US_HY,10Y,362.886,42,CDXHY042 BEST Curncy
21252,2024-04-05,US_HY,7Y,357.18,42,CDXHY742 BEST Curncy
21251,2024-04-05,US_HY,5Y,340.7368,42,CDXHY542 BEST Curncy
21249,2024-04-05,US_IG,5Y,52.536,42,CDXIG542 Curncy
21248,2024-04-05,US_IG,3Y,30.614,42,CDXIG342 Curncy
21250,2024-04-05,US_IG,10Y,92.899,42,CDXIG042 Curncy
21266,2024-04-08,US_HY,10Y,360.508,42,CDXHY042 BEST Curncy
21261,2024-04-08,US_IG,3Y,29.395,42,CDXIG342 Curncy
21262,2024-04-08,US_IG,5Y,51.194,42,CDXIG542 Curncy
21263,2024-04-08,US_IG,10Y,91.602,42,CDXIG042 Curncy
21264,2024-04-08,US_HY,5Y,334.9401,42,CDXHY542 BEST Curncy
21265,2024-04-08,US_HY,7Y,354.688,42,CDXHY742 BEST Curncy
21279,2024-04-09,US_HY,10Y,358.633,42,CDXHY042 BEST Curncy
21278,2024-04-09,US_HY,7Y,353.407,42,CDXHY742 BEST Curncy
21277,2024-04-09,US_HY,5Y,335.3853,42,CDXHY542 BEST Curncy
21276,2024-04-09,US_IG,10Y,91.32,42,CDXIG042 Curncy
21274,2024-04-09,US_IG,3Y,29.068,42,CDXIG342 Curncy
21275,2024-04-09,US_IG,5Y,50.886,42,CDXIG542 Curncy
21292,2024-04-10,US_HY,10Y,368.147,42,CDXHY042 BEST Curncy
21290,2024-04-10,US_HY,5Y,349.4703,42,CDXHY542 BEST Curncy
21291,2024-04-10,US_HY,7Y,362.542,42,CDXHY742 BEST Curncy
21288,2024-04-10,US_IG,5Y,53.03,42,CDXIG542 Curncy
21287,2024-04-10,US_IG,3Y,30.787,42,CDXIG342 Curncy
21289,2024-04-10,US_IG,10Y,93.142,42,CDXIG042 Curncy
21305,2024-04-11,US_HY,10Y,375.908,42,CDXHY042 BEST Curncy
21304,2024-04-11,US_HY,7Y,370.564,42,CDXHY742 BEST Curncy
21303,2024-04-11,US_HY,5Y,349.2736,42,CDXHY542 BEST Curncy
21300,2024-04-11,US_IG,3Y,30.627,42,CDXIG342 Curncy
21301,2024-04-11,US_IG,5Y,52.78,42,CDXIG542 Curncy
21302,2024-04-11,US_IG,10Y,92.855,42,CDXIG042 Curncy
21313,2024-04-12,US_IG,3Y,32.785,42,CDXIG342 Curncy
21314,2024-04-12,US_IG,5Y,54.559,42,CDXIG542 Curncy
21315,2024-04-12,US_IG,10Y,94.65,42,CDXIG042 Curncy
21316,2024-04-12,US_HY,5Y,359.8688,42,CDXHY542 BEST Curncy
21317,2024-04-12,US_HY,7Y,376.139,42,CDXHY742 BEST Curncy
21318,2024-04-12,US_HY,10Y,380.535,42,CDXHY042 BEST Curncy
21331,2024-04-15,US_HY,7Y,379.882,42,CDXHY742 BEST Curncy
21326,2024-04-15,US_IG,3Y,35.063,42,CDXIG342 Curncy
21327,2024-04-15,US_IG,5Y,57.47,42,CDXIG542 Curncy
21328,2024-04-15,US_IG,7Y,77.471,42,CDXIG742 Curncy
21329,2024-04-15,US_IG,10Y,97.162,42,CDXIG042 Curncy
21330,2024-04-15,US_HY,5Y,367.2985,42,CDXHY542 BEST Curncy
21332,2024-04-15,US_HY,10Y,384.9,42,CDXHY042 BEST Curncy
21344,2024-04-16,US_HY,5Y,368.9647,42,CDXHY542 BEST Curncy
21346,2024-04-16,US_HY,10Y,392.805,42,CDXHY042 BEST Curncy
21343,2024-04-16,US_IG,10Y,97.73,42,CDXIG042 Curncy
21345,2024-04-16,US_HY,7Y,388.991,42,CDXHY742 BEST Curncy
21341,2024-04-16,US_IG,5Y,57.891,42,CDXIG542 Curncy
21342,2024-04-16,US_IG,7Y,78.075,42,CDXIG742 Curncy
21340,2024-04-16,US_IG,3Y,35.806,42,CDXIG342 Curncy
21359,2024-04-17,US_HY,7Y,393.081,42,CDXHY742 BEST Curncy
21358,2024-04-17,US_HY,5Y,371.6186,42,CDXHY542 BEST Curncy
21357,2024-04-17,US_IG,10Y,97.649,42,CDXIG042 Curncy
21360,2024-04-17,US_HY,10Y,396.7,42,CDXHY042 BEST Curncy
21355,2024-04-17,US_IG,5Y,57.877,42,CDXIG542 Curncy
21354,2024-04-17,US_IG,3Y,35.969,42,CDXIG342 Curncy
21356,2024-04-17,US_IG,7Y,77.485,42,CDXIG742 Curncy
21368,2024-04-18,US_IG,3Y,35.833,42,CDXIG342 Curncy
21369,2024-04-18,US_IG,5Y,57.432,42,CDXIG542 Curncy
21370,2024-04-18,US_IG,7Y,78.093,42,CDXIG742 Curncy
21371,2024-04-18,US_IG,10Y,97.311,42,CDXIG042 Curncy
21372,2024-04-18,US_HY,5Y,373.1418,42,CDXHY542 BEST Curncy
21373,2024-04-18,US_HY,7Y,387.349,42,CDXHY742 BEST Curncy
21374,2024-04-18,US_HY,10Y,390.84,42,CDXHY042 BEST Curncy
21387,2024-04-19,US_HY,7Y,385.47,42,CDXHY742 BEST Curncy
21388,2024-04-19,US_HY,10Y,389.431,42,CDXHY042 BEST Curncy
21386,2024-04-19,US_HY,5Y,370.1081,42,CDXHY542 BEST Curncy
21385,2024-04-19,US_IG,10Y,96.657,42,CDXIG042 Curncy
21384,2024-04-19,US_IG,7Y,77.415,42,CDXIG742 Curncy
21383,2024-04-19,US_IG,5Y,56.815,42,CDXIG542 Curncy
21382,2024-04-19,US_IG,3Y,35.283,42,CDXIG342 Curncy
21401,2024-04-22,US_HY,7Y,377.666,42,CDXHY742 BEST Curncy
21400,2024-04-22,US_HY,5Y,357.0764,42,CDXHY542 BEST Curncy
21399,2024-04-22,US_IG,10Y,94.061,42,CDXIG042 Curncy
21402,2024-04-22,US_HY,10Y,380.863,42,CDXHY042 BEST Curncy
21397,2024-04-22,US_IG,5Y,54.21,42,CDXIG542 Curncy
21396,2024-04-22,US_IG,3Y,32.937,42,CDXIG342 Curncy
21398,2024-04-22,US_IG,7Y,74.498,42,CDXIG742 Curncy
21410,2024-04-23,US_IG,3Y,30.895,42,CDXIG342 Curncy
21411,2024-04-23,US_IG,5Y,52.395,42,CDXIG542 Curncy
21412,2024-04-23,US_IG,7Y,73.008,42,CDXIG742 Curncy
21413,2024-04-23,US_IG,10Y,92.345,42,CDXIG042 Curncy
21414,2024-04-23,US_HY,5Y,349.6252,42,CDXHY542 BEST Curncy
21415,2024-04-23,US_HY,7Y,364.94,42,CDXHY742 BEST Curncy
21416,2024-04-23,US_HY,10Y,368.331,42,CDXHY042 BEST Curncy
21428,2024-04-24,US_HY,5Y,353.9041,42,CDXHY542 BEST Curncy
21429,2024-04-24,US_HY,7Y,369.412,42,CDXHY742 BEST Curncy
21427,2024-04-24,US_IG,10Y,93.263,42,CDXIG042 Curncy
21430,2024-04-24,US_HY,10Y,372.724,42,CDXHY042 BEST Curncy
21425,2024-04-24,US_IG,5Y,53.418,42,CDXIG542 Curncy
21424,2024-04-24,US_IG,3Y,31.496,42,CDXIG342 Curncy
21426,2024-04-24,US_IG,7Y,73.658,42,CDXIG742 Curncy
21438,2024-04-25,US_IG,3Y,31.777,42,CDXIG342 Curncy
21439,2024-04-25,US_IG,5Y,53.502,42,CDXIG542 Curncy
21440,2024-04-25,US_IG,7Y,74.134,42,CDXIG742 Curncy
21441,2024-04-25,US_IG,10Y,93.434,42,CDXIG042 Curncy
21442,2024-04-25,US_HY,5Y,359.1015,42,CDXHY542 BEST Curncy
21443,2024-04-25,US_HY,7Y,375.799,42,CDXHY742 BEST Curncy
21444,2024-04-25,US_HY,10Y,378.504,42,CDXHY042 BEST Curncy
21458,2024-04-26,US_HY,10Y,366.049,42,CDXHY042 BEST Curncy
21457,2024-04-26,US_HY,7Y,363.497,42,CDXHY742 BEST Curncy
21456,2024-04-26,US_HY,5Y,346.0261,42,CDXHY542 BEST Curncy
21454,2024-04-26,US_IG,7Y,72.364,42,CDXIG742 Curncy
21453,2024-04-26,US_IG,5Y,51.904,42,CDXIG542 Curncy
21452,2024-04-26,US_IG,3Y,30.441,42,CDXIG342 Curncy
21455,2024-04-26,US_IG,10Y,91.969,42,CDXIG042 Curncy
21466,2024-04-29,US_IG,3Y,30.228,42,CDXIG342 Curncy
21467,2024-04-29,US_IG,5Y,51.831,42,CDXIG542 Curncy
21468,2024-04-29,US_IG,10Y,91.841,42,CDXIG042 Curncy
21469,2024-04-29,US_HY,5Y,344.6779,42,CDXHY542 BEST Curncy
21470,2024-04-29,US_HY,7Y,360.353,42,CDXHY742 BEST Curncy
21471,2024-04-29,US_HY,10Y,363.115,42,CDXHY042 BEST Curncy
21484,2024-04-30,US_HY,7Y,366.839,42,CDXHY742 BEST Curncy
21485,2024-04-30,US_HY,10Y,369.291,42,CDXHY042 BEST Curncy
21483,2024-04-30,US_HY,5Y,354.5203,42,CDXHY542 BEST Curncy
21479,2024-04-30,US_IG,3Y,31.87,42,CDXIG342 Curncy
21481,2024-04-30,US_IG,7Y,74.037,42,CDXIG742 Curncy
21480,2024-04-30,US_IG,5Y,53.829,42,CDXIG542 Curncy
21482,2024-04-30,US_IG,10Y,93.52,42,CDXIG042 Curncy
21498,2024-05-01,US_HY,7Y,374.402,42,CDXHY742 BEST Curncy
21497,2024-05-01,US_HY,5Y,346.5693,42,CDXHY542 BEST Curncy
21496,2024-05-01,US_IG,10Y,93.041,42,CDXIG042 Curncy
21499,2024-05-01,US_HY,10Y,376.647,42,CDXHY042 BEST Curncy
21494,2024-05-01,US_IG,5Y,53.026,42,CDXIG542 Curncy
21493,2024-05-01,US_IG,3Y,31.43,42,CDXIG342 Curncy
21495,2024-05-01,US_IG,7Y,73.158,42,CDXIG742 Curncy
21507,2024-05-02,US_IG,3Y,30.106,42,CDXIG342 Curncy
21508,2024-05-02,US_IG,5Y,51.528,42,CDXIG542 Curncy
21509,2024-05-02,US_IG,7Y,72.205,42,CDXIG742 Curncy
21510,2024-05-02,US_IG,10Y,91.708,42,CDXIG042 Curncy
21511,2024-05-02,US_HY,5Y,345.33,42,CDXHY542 BEST Curncy
21512,2024-05-02,US_HY,7Y,363.67,42,CDXHY742 BEST Curncy
21513,2024-05-02,US_HY,10Y,365.661,42,CDXHY042 BEST Curncy
21526,2024-05-03,US_HY,7Y,352.95,42,CDXHY742 BEST Curncy
21527,2024-05-03,US_HY,10Y,355.328,42,CDXHY042 BEST Curncy
21525,2024-05-03,US_HY,5Y,338.1362,42,CDXHY542 BEST Curncy
21522,2024-05-03,US_IG,5Y,50.513,42,CDXIG542 Curncy
21523,2024-05-03,US_IG,7Y,70.852,42,CDXIG742 Curncy
21524,2024-05-03,US_IG,10Y,90.707,42,CDXIG042 Curncy
21521,2024-05-03,US_IG,3Y,29.083,42,CDXIG342 Curncy
21536,2024-05-06,US_HY,7Y,346.959,42,CDXHY742 BEST Curncy
21535,2024-05-06,US_HY,5Y,334.0917,42,CDXHY542 BEST Curncy
21534,2024-05-06,US_IG,10Y,90.445,42,CDXIG042 Curncy
21537,2024-05-06,US_HY,10Y,349.365,42,CDXHY042 BEST Curncy
21532,2024-05-06,US_IG,5Y,50.181,42,CDXIG542 Curncy
21531,2024-05-06,US_IG,3Y,28.771,42,CDXIG342 Curncy
21533,2024-05-06,US_IG,7Y,70.499,42,CDXIG742 Curncy
21545,2024-05-07,US_IG,3Y,28.597,42,CDXIG342 Curncy
21546,2024-05-07,US_IG,5Y,50.213,42,CDXIG542 Curncy
21547,2024-05-07,US_IG,7Y,70.798,42,CDXIG742 Curncy
21548,2024-05-07,US_IG,10Y,90.562,42,CDXIG042 Curncy
21549,2024-05-07,US_HY,5Y,335.3955,42,CDXHY542 BEST Curncy
21550,2024-05-07,US_HY,7Y,345.863,42,CDXHY742 BEST Curncy
21551,2024-05-07,US_HY,10Y,348.152,42,CDXHY042 BEST Curncy
21564,2024-05-08,US_HY,7Y,350.399,42,CDXHY742 BEST Curncy
21565,2024-05-08,US_HY,10Y,352.86,42,CDXHY042 BEST Curncy
21563,2024-05-08,US_HY,5Y,337.0359,42,CDXHY542 BEST Curncy
21562,2024-05-08,US_IG,10Y,90.794,42,CDXIG042 Curncy
21561,2024-05-08,US_IG,7Y,70.975,42,CDXIG742 Curncy
21560,2024-05-08,US_IG,5Y,50.375,42,CDXIG542 Curncy
21559,2024-05-08,US_IG,3Y,28.728,42,CDXIG342 Curncy
21578,2024-05-09,US_HY,7Y,351.652,42,CDXHY742 BEST Curncy
21577,2024-05-09,US_HY,5Y,335.9474,42,CDXHY542 BEST Curncy
21576,2024-05-09,US_IG,10Y,90.686,42,CDXIG042 Curncy
21579,2024-05-09,US_HY,10Y,354.299,42,CDXHY042 BEST Curncy
21574,2024-05-09,US_IG,5Y,50.178,42,CDXIG542 Curncy
21573,2024-05-09,US_IG,3Y,28.763,42,CDXIG342 Curncy
21575,2024-05-09,US_IG,7Y,70.801,42,CDXIG742 Curncy
21587,2024-05-10,US_IG,3Y,28.921,42,CDXIG342 Curncy
21588,2024-05-10,US_IG,5Y,50.617,42,CDXIG542 Curncy
21589,2024-05-10,US_IG,7Y,71.03,42,CDXIG742 Curncy
21590,2024-05-10,US_IG,10Y,91.045,42,CDXIG042 Curncy
21591,2024-05-10,US_HY,5Y,336.2029,42,CDXHY542 BEST Curncy
21592,2024-05-10,US_HY,7Y,350.828,42,CDXHY742 BEST Curncy
21593,2024-05-10,US_HY,10Y,353.45,42,CDXHY042 BEST Curncy
21606,2024-05-13,US_HY,7Y,349.949,42,CDXHY742 BEST Curncy
21607,2024-05-13,US_HY,10Y,352.414,42,CDXHY042 BEST Curncy
21605,2024-05-13,US_HY,5Y,336.7281,42,CDXHY542 BEST Curncy
21604,2024-05-13,US_IG,10Y,91.384,42,CDXIG042 Curncy
21603,2024-05-13,US_IG,7Y,71.308,42,CDXIG742 Curncy
21602,2024-05-13,US_IG,5Y,50.929,42,CDXIG542 Curncy
21601,2024-05-13,US_IG,3Y,29.205,42,CDXIG342 Curncy
21620,2024-05-14,US_HY,7Y,352.996,42,CDXHY742 BEST Curncy
21619,2024-05-14,US_HY,5Y,335.7669,42,CDXHY542 BEST Curncy
21618,2024-05-14,US_IG,10Y,90.907,42,CDXIG042 Curncy
21621,2024-05-14,US_HY,10Y,355.788,42,CDXHY042 BEST Curncy
21616,2024-05-14,US_IG,5Y,50.37,42,CDXIG542 Curncy
21615,2024-05-14,US_IG,3Y,28.805,42,CDXIG342 Curncy
21617,2024-05-14,US_IG,7Y,70.991,42,CDXIG742 Curncy
21629,2024-05-15,US_IG,3Y,27.751,42,CDXIG342 Curncy
21630,2024-05-15,US_IG,5Y,49.008,42,CDXIG542 Curncy
21631,2024-05-15,US_IG,7Y,69.648,42,CDXIG742 Curncy
21632,2024-05-15,US_IG,10Y,89.793,42,CDXIG042 Curncy
21633,2024-05-15,US_HY,5Y,328.7507,42,CDXHY542 BEST Curncy
21634,2024-05-15,US_HY,7Y,344.427,42,CDXHY742 BEST Curncy
21635,2024-05-15,US_HY,10Y,347.58,42,CDXHY042 BEST Curncy
21648,2024-05-16,US_HY,7Y,342.917,42,CDXHY742 BEST Curncy
21649,2024-05-16,US_HY,10Y,346.243,42,CDXHY042 BEST Curncy
21647,2024-05-16,US_HY,5Y,328.386,42,CDXHY542 BEST Curncy
21646,2024-05-16,US_IG,10Y,89.958,42,CDXIG042 Curncy
21645,2024-05-16,US_IG,7Y,69.788,42,CDXIG742 Curncy
21644,2024-05-16,US_IG,5Y,49.4,42,CDXIG542 Curncy
21643,2024-05-16,US_IG,3Y,27.945,42,CDXIG342 Curncy
21662,2024-05-17,US_HY,7Y,342.822,42,CDXHY742 BEST Curncy
21661,2024-05-17,US_HY,5Y,327.4191,42,CDXHY542 BEST Curncy
21660,2024-05-17,US_IG,10Y,89.527,42,CDXIG042 Curncy
21663,2024-05-17,US_HY,10Y,345.961,42,CDXHY042 BEST Curncy
21658,2024-05-17,US_IG,5Y,48.802,42,CDXIG542 Curncy
21657,2024-05-17,US_IG,3Y,27.685,42,CDXIG342 Curncy
21659,2024-05-17,US_IG,7Y,69.578,42,CDXIG742 Curncy
21671,2024-05-20,US_IG,3Y,27.253,42,CDXIG342 Curncy
21672,2024-05-20,US_IG,5Y,48.601,42,CDXIG542 Curncy
21673,2024-05-20,US_IG,7Y,69.052,42,CDXIG742 Curncy
21674,2024-05-20,US_IG,10Y,89.175,42,CDXIG042 Curncy
21675,2024-05-20,US_HY,5Y,324.9557,42,CDXHY542 BEST Curncy
21676,2024-05-20,US_HY,7Y,339.292,42,CDXHY742 BEST Curncy
21677,2024-05-20,US_HY,10Y,342.062,42,CDXHY042 BEST Curncy
21689,2024-05-21,US_HY,5Y,326.6588,42,CDXHY542 BEST Curncy
21691,2024-05-21,US_HY,10Y,344.378,42,CDXHY042 BEST Curncy
21688,2024-05-21,US_IG,10Y,89.587,42,CDXIG042 Curncy
21690,2024-05-21,US_HY,7Y,341.821,42,CDXHY742 BEST Curncy
21686,2024-05-21,US_IG,5Y,48.902,42,CDXIG542 Curncy
21685,2024-05-21,US_IG,3Y,27.325,42,CDXIG342 Curncy
21687,2024-05-21,US_IG,7Y,69.508,42,CDXIG742 Curncy
21704,2024-05-22,US_HY,7Y,343.206,42,CDXHY742 BEST Curncy
21703,2024-05-22,US_HY,5Y,329.7368,42,CDXHY542 BEST Curncy
21702,2024-05-22,US_IG,10Y,90.242,42,CDXIG042 Curncy
21705,2024-05-22,US_HY,10Y,346.224,42,CDXHY042 BEST Curncy
21700,2024-05-22,US_IG,5Y,49.684,42,CDXIG542 Curncy
21699,2024-05-22,US_IG,3Y,27.904,42,CDXIG342 Curncy
21701,2024-05-22,US_IG,7Y,70.215,42,CDXIG742 Curncy
21713,2024-05-23,US_IG,3Y,28.781,42,CDXIG342 Curncy
21714,2024-05-23,US_IG,5Y,50.463,42,CDXIG542 Curncy
21715,2024-05-23,US_IG,7Y,71.061,42,CDXIG742 Curncy
21716,2024-05-23,US_IG,10Y,90.998,42,CDXIG042 Curncy
21717,2024-05-23,US_HY,5Y,336.0034,42,CDXHY542 BEST Curncy
21718,2024-05-23,US_HY,7Y,345.153,42,CDXHY742 BEST Curncy
21719,2024-05-23,US_HY,10Y,348.112,42,CDXHY042 BEST Curncy
21731,2024-05-24,US_HY,5Y,328.2993,42,CDXHY542 BEST Curncy
21733,2024-05-24,US_HY,10Y,345.55,42,CDXHY042 BEST Curncy
21730,2024-05-24,US_IG,10Y,89.878,42,CDXIG042 Curncy
21732,2024-05-24,US_HY,7Y,343.057,42,CDXHY742 BEST Curncy
21728,2024-05-24,US_IG,5Y,49.225,42,CDXIG542 Curncy
21727,2024-05-24,US_IG,3Y,27.723,42,CDXIG342 Curncy
21729,2024-05-24,US_IG,7Y,69.642,42,CDXIG742 Curncy
21738,2024-05-27,US_IG,3Y,27.653,42,CDXIG342 Curncy
21739,2024-05-27,US_IG,10Y,89.891,42,CDXIG042 Curncy
21740,2024-05-27,US_HY,5Y,328.0535,42,CDXHY542 BEST Curncy
21741,2024-05-27,US_HY,7Y,342.563,42,CDXHY742 BEST Curncy
21742,2024-05-27,US_HY,10Y,344.949,42,CDXHY042 BEST Curncy
21756,2024-05-28,US_HY,10Y,346.857,42,CDXHY042 BEST Curncy
21755,2024-05-28,US_HY,7Y,344.667,42,CDXHY742 BEST Curncy
21753,2024-05-28,US_IG,10Y,90.572,42,CDXIG042 Curncy
21754,2024-05-28,US_HY,5Y,332.8563,42,CDXHY542 BEST Curncy
21751,2024-05-28,US_IG,5Y,49.898,42,CDXIG542 Curncy
21750,2024-05-28,US_IG,3Y,28.327,42,CDXIG342 Curncy
21752,2024-05-28,US_IG,7Y,70.607,42,CDXIG742 Curncy
21764,2024-05-29,US_IG,3Y,29.178,42,CDXIG342 Curncy
21765,2024-05-29,US_IG,5Y,50.79,42,CDXIG542 Curncy
21766,2024-05-29,US_IG,7Y,71.325,42,CDXIG742 Curncy
21767,2024-05-29,US_IG,10Y,91.41,42,CDXIG042 Curncy
21768,2024-05-29,US_HY,5Y,337.3372,42,CDXHY542 BEST Curncy
21769,2024-05-29,US_HY,7Y,351.081,42,CDXHY742 BEST Curncy
21770,2024-05-29,US_HY,10Y,353.178,42,CDXHY042 BEST Curncy
21783,2024-05-30,US_HY,7Y,348.122,42,CDXHY742 BEST Curncy
21784,2024-05-30,US_HY,10Y,350.166,42,CDXHY042 BEST Curncy
21782,2024-05-30,US_HY,5Y,334.0958,42,CDXHY542 BEST Curncy
21778,2024-05-30,US_IG,3Y,29.071,42,CDXIG342 Curncy
21780,2024-05-30,US_IG,7Y,70.929,42,CDXIG742 Curncy
21781,2024-05-30,US_IG,10Y,91.264,42,CDXIG042 Curncy
21779,2024-05-30,US_IG,5Y,50.657,42,CDXIG542 Curncy
21798,2024-05-31,US_HY,10Y,353.437,42,CDXHY042 BEST Curncy
21792,2024-05-31,US_IG,3Y,28.462,42,CDXIG342 Curncy
21793,2024-05-31,US_IG,5Y,49.845,42,CDXIG542 Curncy
21794,2024-05-31,US_IG,7Y,70.49,42,CDXIG742 Curncy
21795,2024-05-31,US_IG,10Y,90.752,42,CDXIG042 Curncy
21796,2024-05-31,US_HY,5Y,335.8667,42,CDXHY542 BEST Curncy
21797,2024-05-31,US_HY,7Y,351.414,42,CDXHY742 BEST Curncy
21812,2024-06-03,US_HY,10Y,350.267,42,CDXHY042 BEST Curncy
21811,2024-06-03,US_HY,7Y,348.6,42,CDXHY742 BEST Curncy
21810,2024-06-03,US_HY,5Y,333.4789,42,CDXHY542 BEST Curncy
21806,2024-06-03,US_IG,3Y,28.069,42,CDXIG342 Curncy
21808,2024-06-03,US_IG,7Y,70.61,42,CDXIG742 Curncy
21807,2024-06-03,US_IG,5Y,49.503,42,CDXIG542 Curncy
21809,2024-06-03,US_IG,10Y,90.257,42,CDXIG042 Curncy
21824,2024-06-04,US_HY,5Y,336.5103,42,CDXHY542 BEST Curncy
21825,2024-06-04,US_HY,7Y,351.477,42,CDXHY742 BEST Curncy
21826,2024-06-04,US_HY,10Y,353.162,42,CDXHY042 BEST Curncy
21823,2024-06-04,US_IG,10Y,91.31,42,CDXIG042 Curncy
21821,2024-06-04,US_IG,5Y,50.679,42,CDXIG542 Curncy
21820,2024-06-04,US_IG,3Y,29.182,42,CDXIG342 Curncy
21822,2024-06-04,US_IG,7Y,71.213,42,CDXIG742 Curncy
21839,2024-06-05,US_HY,7Y,346.943,42,CDXHY742 BEST Curncy
21838,2024-06-05,US_HY,5Y,331.8404,42,CDXHY542 BEST Curncy
21837,2024-06-05,US_IG,10Y,90.688,42,CDXIG042 Curncy
21840,2024-06-05,US_HY,10Y,348.889,42,CDXHY042 BEST Curncy
21835,2024-06-05,US_IG,5Y,49.894,42,CDXIG542 Curncy
21834,2024-06-05,US_IG,3Y,28.616,42,CDXIG342 Curncy
21836,2024-06-05,US_IG,7Y,70.283,42,CDXIG742 Curncy
21848,2024-06-06,US_IG,3Y,29.069,42,CDXIG342 Curncy
21849,2024-06-06,US_IG,5Y,50.326,42,CDXIG542 Curncy
21850,2024-06-06,US_IG,7Y,70.915,42,CDXIG742 Curncy
21851,2024-06-06,US_IG,10Y,90.979,42,CDXIG042 Curncy
21852,2024-06-06,US_HY,5Y,334.491,42,CDXHY542 BEST Curncy
21853,2024-06-06,US_HY,7Y,348.895,42,CDXHY742 BEST Curncy
21854,2024-06-06,US_HY,10Y,350.519,42,CDXHY042 BEST Curncy
21867,2024-06-07,US_HY,7Y,346.365,42,CDXHY742 BEST Curncy
21868,2024-06-07,US_HY,10Y,348.021,42,CDXHY042 BEST Curncy
21866,2024-06-07,US_HY,5Y,334.4389,42,CDXHY542 BEST Curncy
21865,2024-06-07,US_IG,10Y,90.647,42,CDXIG042 Curncy
21864,2024-06-07,US_IG,7Y,70.515,42,CDXIG742 Curncy
21863,2024-06-07,US_IG,5Y,50.013,42,CDXIG542 Curncy
21862,2024-06-07,US_IG,3Y,28.853,42,CDXIG342 Curncy
21881,2024-06-10,US_HY,7Y,348.039,42,CDXHY742 BEST Curncy
21880,2024-06-10,US_HY,5Y,334.3382,42,CDXHY542 BEST Curncy
21879,2024-06-10,US_IG,10Y,90.63,42,CDXIG042 Curncy
21882,2024-06-10,US_HY,10Y,349.536,42,CDXHY042 BEST Curncy
21877,2024-06-10,US_IG,5Y,50.107,42,CDXIG542 Curncy
21876,2024-06-10,US_IG,3Y,28.803,42,CDXIG342 Curncy
21878,2024-06-10,US_IG,7Y,70.408,42,CDXIG742 Curncy
21890,2024-06-11,US_IG,3Y,29.283,42,CDXIG342 Curncy
21891,2024-06-11,US_IG,5Y,50.566,42,CDXIG542 Curncy
21892,2024-06-11,US_IG,7Y,71.108,42,CDXIG742 Curncy
21893,2024-06-11,US_IG,10Y,91.08,42,CDXIG042 Curncy
21894,2024-06-11,US_HY,5Y,336.7893,42,CDXHY542 BEST Curncy
21895,2024-06-11,US_HY,7Y,351.325,42,CDXHY742 BEST Curncy
21896,2024-06-11,US_HY,10Y,352.823,42,CDXHY042 BEST Curncy
21909,2024-06-12,US_HY,7Y,341.222,42,CDXHY742 BEST Curncy
21910,2024-06-12,US_HY,10Y,342.742,42,CDXHY042 BEST Curncy
21908,2024-06-12,US_HY,5Y,328.1366,42,CDXHY542 BEST Curncy
21907,2024-06-12,US_IG,10Y,89.849,42,CDXIG042 Curncy
21906,2024-06-12,US_IG,7Y,69.805,42,CDXIG742 Curncy
21905,2024-06-12,US_IG,5Y,49.321,42,CDXIG542 Curncy
21904,2024-06-12,US_IG,3Y,28.283,42,CDXIG342 Curncy
21923,2024-06-13,US_HY,7Y,348.48,42,CDXHY742 BEST Curncy
21922,2024-06-13,US_HY,5Y,335.5523,42,CDXHY542 BEST Curncy
21921,2024-06-13,US_IG,10Y,91.503,42,CDXIG042 Curncy
21924,2024-06-13,US_HY,10Y,349.866,42,CDXHY042 BEST Curncy
21919,2024-06-13,US_IG,5Y,51.197,42,CDXIG542 Curncy
21918,2024-06-13,US_IG,3Y,29.474,42,CDXIG342 Curncy
21920,2024-06-13,US_IG,7Y,71.241,42,CDXIG742 Curncy
21932,2024-06-14,US_IG,3Y,31.799,42,CDXIG342 Curncy
21933,2024-06-14,US_IG,5Y,53.828,42,CDXIG542 Curncy
21934,2024-06-14,US_IG,7Y,74.22,42,CDXIG742 Curncy
21935,2024-06-14,US_IG,10Y,94.219,42,CDXIG042 Curncy
21936,2024-06-14,US_HY,5Y,346.3539,42,CDXHY542 BEST Curncy
21937,2024-06-14,US_HY,7Y,359.483,42,CDXHY742 BEST Curncy
21938,2024-06-14,US_HY,10Y,359.978,42,CDXHY042 BEST Curncy
21950,2024-06-17,US_HY,5Y,343.3628,42,CDXHY542 BEST Curncy
21952,2024-06-17,US_HY,10Y,358.793,42,CDXHY042 BEST Curncy
21949,2024-06-17,US_IG,10Y,93.354,42,CDXIG042 Curncy
21951,2024-06-17,US_HY,7Y,358.344,42,CDXHY742 BEST Curncy
21947,2024-06-17,US_IG,5Y,53.032,42,CDXIG542 Curncy
21948,2024-06-17,US_IG,7Y,73.652,42,CDXIG742 Curncy
21946,2024-06-17,US_IG,3Y,31.728,42,CDXIG342 Curncy
21960,2024-06-18,US_IG,3Y,31.024,42,CDXIG342 Curncy
21961,2024-06-18,US_IG,5Y,52.18,42,CDXIG542 Curncy
21962,2024-06-18,US_IG,7Y,72.851,42,CDXIG742 Curncy
21963,2024-06-18,US_IG,10Y,92.586,42,CDXIG042 Curncy
21964,2024-06-18,US_HY,5Y,339.7799,42,CDXHY542 BEST Curncy
21965,2024-06-18,US_HY,7Y,351.527,42,CDXHY742 BEST Curncy
21966,2024-06-18,US_HY,10Y,352.278,42,CDXHY042 BEST Curncy
21978,2024-06-19,US_HY,10Y,352.794,42,CDXHY042 BEST Curncy
21977,2024-06-19,US_HY,7Y,351.977,42,CDXHY742 BEST Curncy
21976,2024-06-19,US_HY,5Y,338.7962,42,CDXHY542 BEST Curncy
21975,2024-06-19,US_IG,7Y,72.851,42,CDXIG742 Curncy
21974,2024-06-19,US_IG,3Y,30.933,42,CDXIG342 Curncy
21986,2024-06-20,US_IG,3Y,31.754,42,CDXIG342 Curncy
21987,2024-06-20,US_IG,5Y,53.369,42,CDXIG542 Curncy
21988,2024-06-20,US_IG,7Y,74.043,42,CDXIG742 Curncy
21989,2024-06-20,US_IG,10Y,93.755,42,CDXIG042 Curncy
21990,2024-06-20,US_HY,5Y,343.1694,42,CDXHY542 BEST Curncy
21991,2024-06-20,US_HY,7Y,353.542,42,CDXHY742 BEST Curncy
21992,2024-06-20,US_HY,10Y,354.001,42,CDXHY042 BEST Curncy
22006,2024-06-21,US_HY,10Y,357.238,42,CDXHY042 BEST Curncy
22005,2024-06-21,US_HY,7Y,356.614,42,CDXHY742 BEST Curncy
22004,2024-06-21,US_HY,5Y,343.0126,42,CDXHY542 BEST Curncy
22000,2024-06-21,US_IG,3Y,31.904,42,CDXIG342 Curncy
22002,2024-06-21,US_IG,7Y,73.921,42,CDXIG742 Curncy
22001,2024-06-21,US_IG,5Y,53.196,42,CDXIG542 Curncy
22003,2024-06-21,US_IG,10Y,93.6,42,CDXIG042 Curncy
22019,2024-06-24,US_HY,7Y,350.363,42,CDXHY742 BEST Curncy
22018,2024-06-24,US_HY,5Y,340.688,42,CDXHY542 BEST Curncy
22017,2024-06-24,US_IG,10Y,93.473,42,CDXIG042 Curncy
22020,2024-06-24,US_HY,10Y,350.795,42,CDXHY042 BEST Curncy
22015,2024-06-24,US_IG,5Y,53.275,42,CDXIG542 Curncy
22014,2024-06-24,US_IG,3Y,31.914,42,CDXIG342 Curncy
22016,2024-06-24,US_IG,7Y,73.714,42,CDXIG742 Curncy
22029,2024-06-25,US_IG,3Y,32.487,42,CDXIG342 Curncy
22030,2024-06-25,US_IG,5Y,53.985,42,CDXIG542 Curncy
22031,2024-06-25,US_IG,7Y,74.458,42,CDXIG742 Curncy
22032,2024-06-25,US_IG,10Y,94.195,42,CDXIG042 Curncy
22033,2024-06-25,US_HY,5Y,343.2622,42,CDXHY542 BEST Curncy
22034,2024-06-25,US_HY,7Y,353.466,42,CDXHY742 BEST Curncy
22035,2024-06-25,US_HY,10Y,354.079,42,CDXHY042 BEST Curncy
22049,2024-06-26,US_HY,7Y,355.777,42,CDXHY742 BEST Curncy
22050,2024-06-26,US_HY,10Y,355.716,42,CDXHY042 BEST Curncy
22048,2024-06-26,US_HY,5Y,344.3857,42,CDXHY542 BEST Curncy
22044,2024-06-26,US_IG,3Y,32.827,42,CDXIG342 Curncy
22046,2024-06-26,US_IG,7Y,74.575,42,CDXIG742 Curncy
22047,2024-06-26,US_IG,10Y,94.449,42,CDXIG042 Curncy
22045,2024-06-26,US_IG,5Y,54.357,42,CDXIG542 Curncy
22065,2024-06-27,US_HY,10Y,355.832,42,CDXHY042 BEST Curncy
22059,2024-06-27,US_IG,3Y,32.336,42,CDXIG342 Curncy
22060,2024-06-27,US_IG,5Y,53.451,42,CDXIG542 Curncy
22061,2024-06-27,US_IG,7Y,74.033,42,CDXIG742 Curncy
22062,2024-06-27,US_IG,10Y,93.646,42,CDXIG042 Curncy
22063,2024-06-27,US_HY,5Y,344.0965,42,CDXHY542 BEST Curncy
22064,2024-06-27,US_HY,7Y,356.164,42,CDXHY742 BEST Curncy
22080,2024-06-28,US_HY,10Y,352.783,42,CDXHY042 BEST Curncy
22079,2024-06-28,US_HY,7Y,353.179,42,CDXHY742 BEST Curncy
22078,2024-06-28,US_HY,5Y,343.6625,42,CDXHY542 BEST Curncy
22074,2024-06-28,US_IG,3Y,32.421,42,CDXIG342 Curncy
22076,2024-06-28,US_IG,7Y,74.074,42,CDXIG742 Curncy
22075,2024-06-28,US_IG,5Y,53.452,42,CDXIG542 Curncy
22077,2024-06-28,US_IG,10Y,93.746,42,CDXIG042 Curncy
22093,2024-07-01,US_HY,7Y,351.887,42,CDXHY742 BEST Curncy
22094,2024-07-01,US_HY,10Y,351.591,42,CDXHY042 BEST Curncy
22092,2024-07-01,US_HY,5Y,342.1089,42,CDXHY542 BEST Curncy
22090,2024-07-01,US_IG,5Y,52.388,42,CDXIG542 Curncy
22089,2024-07-01,US_IG,3Y,31.349,42,CDXIG342 Curncy
22091,2024-07-01,US_IG,10Y,92.733,42,CDXIG042 Curncy
22103,2024-07-02,US_IG,3Y,29.938,42,CDXIG342 Curncy
22104,2024-07-02,US_IG,5Y,50.733,42,CDXIG542 Curncy
22105,2024-07-02,US_IG,10Y,91.035,42,CDXIG042 Curncy
22106,2024-07-02,US_HY,5Y,337.8674,42,CDXHY542 BEST Curncy
22107,2024-07-02,US_HY,7Y,351.056,42,CDXHY742 BEST Curncy
22108,2024-07-02,US_HY,10Y,350.902,42,CDXHY042 BEST Curncy
22122,2024-07-03,US_HY,10Y,344.117,42,CDXHY042 BEST Curncy
22121,2024-07-03,US_HY,7Y,344.377,42,CDXHY742 BEST Curncy
22120,2024-07-03,US_HY,5Y,333.0208,42,CDXHY542 BEST Curncy
22118,2024-07-03,US_IG,5Y,50.034,42,CDXIG542 Curncy
22117,2024-07-03,US_IG,3Y,29.218,42,CDXIG342 Curncy
22119,2024-07-03,US_IG,10Y,90.501,42,CDXIG042 Curncy
22131,2024-07-04,US_IG,3Y,29.218,42,CDXIG342 Curncy
22132,2024-07-04,US_HY,5Y,333.1411,42,CDXHY542 BEST Curncy
22133,2024-07-04,US_HY,7Y,344.77,42,CDXHY742 BEST Curncy
22134,2024-07-04,US_HY,10Y,344.729,42,CDXHY042 BEST Curncy
22148,2024-07-05,US_HY,10Y,343.742,42,CDXHY042 BEST Curncy
22147,2024-07-05,US_HY,7Y,343.652,42,CDXHY742 BEST Curncy
22146,2024-07-05,US_HY,5Y,331.896,42,CDXHY542 BEST Curncy
22144,2024-07-05,US_IG,5Y,49.797,42,CDXIG542 Curncy
22143,2024-07-05,US_IG,3Y,29.323,42,CDXIG342 Curncy
22145,2024-07-05,US_IG,10Y,90.208,42,CDXIG042 Curncy
22157,2024-07-08,US_IG,3Y,27.764,42,CDXIG342 Curncy
22158,2024-07-08,US_IG,5Y,49.008,42,CDXIG542 Curncy
22159,2024-07-08,US_IG,10Y,89.728,42,CDXIG042 Curncy
22160,2024-07-08,US_HY,5Y,330.127,42,CDXHY542 BEST Curncy
22161,2024-07-08,US_HY,7Y,339.82,42,CDXHY742 BEST Curncy
22162,2024-07-08,US_HY,10Y,339.96,42,CDXHY042 BEST Curncy
22177,2024-07-09,US_HY,10Y,341.809,42,CDXHY042 BEST Curncy
22176,2024-07-09,US_HY,7Y,341.523,42,CDXHY742 BEST Curncy
22175,2024-07-09,US_HY,5Y,331.183,42,CDXHY542 BEST Curncy
22171,2024-07-09,US_IG,3Y,28.181,42,CDXIG342 Curncy
22173,2024-07-09,US_IG,7Y,70.045,42,CDXIG742 Curncy
22172,2024-07-09,US_IG,5Y,49.423,42,CDXIG542 Curncy
22174,2024-07-09,US_IG,10Y,90.127,42,CDXIG042 Curncy
22192,2024-07-10,US_HY,10Y,340.149,42,CDXHY042 BEST Curncy
22191,2024-07-10,US_HY,7Y,339.553,42,CDXHY742 BEST Curncy
22189,2024-07-10,US_IG,10Y,89.613,42,CDXIG042 Curncy
22190,2024-07-10,US_HY,5Y,328.3583,42,CDXHY542 BEST Curncy
22187,2024-07-10,US_IG,5Y,48.979,42,CDXIG542 Curncy
22186,2024-07-10,US_IG,3Y,27.979,42,CDXIG342 Curncy
22188,2024-07-10,US_IG,7Y,69.4,42,CDXIG742 Curncy
22206,2024-07-11,US_HY,7Y,337.401,42,CDXHY742 BEST Curncy
22205,2024-07-11,US_HY,5Y,324.7892,42,CDXHY542 BEST Curncy
22204,2024-07-11,US_IG,10Y,89.357,42,CDXIG042 Curncy
22207,2024-07-11,US_HY,10Y,337.73,42,CDXHY042 BEST Curncy
22202,2024-07-11,US_IG,5Y,48.64,42,CDXIG542 Curncy
22201,2024-07-11,US_IG,3Y,27.519,42,CDXIG342 Curncy
22203,2024-07-11,US_IG,7Y,69.234,42,CDXIG742 Curncy
22216,2024-07-12,US_IG,3Y,27.186,42,CDXIG342 Curncy
22217,2024-07-12,US_IG,5Y,48.2,42,CDXIG542 Curncy
22218,2024-07-12,US_IG,7Y,68.681,42,CDXIG742 Curncy
22219,2024-07-12,US_IG,10Y,89.008,42,CDXIG042 Curncy
22220,2024-07-12,US_HY,5Y,320.9743,42,CDXHY542 BEST Curncy
22221,2024-07-12,US_HY,7Y,333.276,42,CDXHY742 BEST Curncy
22222,2024-07-12,US_HY,10Y,334.301,42,CDXHY042 BEST Curncy
22235,2024-07-15,US_HY,5Y,321.5527,42,CDXHY542 BEST Curncy
22237,2024-07-15,US_HY,10Y,334.105,42,CDXHY042 BEST Curncy
22234,2024-07-15,US_IG,10Y,89.399,42,CDXIG042 Curncy
22236,2024-07-15,US_HY,7Y,333.095,42,CDXHY742 BEST Curncy
22232,2024-07-15,US_IG,5Y,48.523,42,CDXIG542 Curncy
22231,2024-07-15,US_IG,3Y,27.503,42,CDXIG342 Curncy
22233,2024-07-15,US_IG,7Y,69.004,42,CDXIG742 Curncy
22246,2024-07-16,US_IG,3Y,27.248,42,CDXIG342 Curncy
22247,2024-07-16,US_IG,5Y,48.028,42,CDXIG542 Curncy
22248,2024-07-16,US_IG,7Y,68.597,42,CDXIG742 Curncy
22249,2024-07-16,US_IG,10Y,89.158,42,CDXIG042 Curncy
22250,2024-07-16,US_HY,5Y,317.7403,42,CDXHY542 BEST Curncy
22251,2024-07-16,US_HY,7Y,331.035,42,CDXHY742 BEST Curncy
22252,2024-07-16,US_HY,10Y,332.305,42,CDXHY042 BEST Curncy
22267,2024-07-17,US_HY,10Y,335.027,42,CDXHY042 BEST Curncy
22266,2024-07-17,US_HY,7Y,333.86,42,CDXHY742 BEST Curncy
22264,2024-07-17,US_IG,10Y,90.17,42,CDXIG042 Curncy
22265,2024-07-17,US_HY,5Y,322.4764,42,CDXHY542 BEST Curncy
22262,2024-07-17,US_IG,5Y,49.121,42,CDXIG542 Curncy
22261,2024-07-17,US_IG,3Y,28.075,42,CDXIG342 Curncy
22263,2024-07-17,US_IG,7Y,69.874,42,CDXIG742 Curncy
22276,2024-07-18,US_IG,3Y,29.153,42,CDXIG342 Curncy
22277,2024-07-18,US_IG,5Y,50.494,42,CDXIG542 Curncy
22278,2024-07-18,US_IG,10Y,91.5,42,CDXIG042 Curncy
22279,2024-07-18,US_HY,5Y,327.99,42,CDXHY542 BEST Curncy
22280,2024-07-18,US_HY,7Y,339.136,42,CDXHY742 BEST Curncy
22281,2024-07-18,US_HY,10Y,340.16,42,CDXHY042 BEST Curncy
22294,2024-07-19,US_HY,7Y,342.668,42,CDXHY742 BEST Curncy
22295,2024-07-19,US_HY,10Y,343.69,42,CDXHY042 BEST Curncy
22293,2024-07-19,US_HY,5Y,331.0824,42,CDXHY542 BEST Curncy
22291,2024-07-19,US_IG,5Y,50.83,42,CDXIG542 Curncy
22290,2024-07-19,US_IG,3Y,29.357,42,CDXIG342 Curncy
22292,2024-07-19,US_IG,10Y,91.813,42,CDXIG042 Curncy
22304,2024-07-22,US_IG,3Y,28.146,42,CDXIG342 Curncy
22305,2024-07-22,US_IG,5Y,49.243,42,CDXIG542 Curncy
22306,2024-07-22,US_IG,7Y,69.906,42,CDXIG742 Curncy
22307,2024-07-22,US_IG,10Y,90.154,42,CDXIG042 Curncy
22308,2024-07-22,US_HY,5Y,324.568,42,CDXHY542 BEST Curncy
22309,2024-07-22,US_HY,7Y,338.916,42,CDXHY742 BEST Curncy
22310,2024-07-22,US_HY,10Y,340.47,42,CDXHY042 BEST Curncy
22319,2024-07-23,US_IG,3Y,28.381,42,CDXIG342 Curncy
22320,2024-07-23,US_IG,5Y,49.604,42,CDXIG542 Curncy
22321,2024-07-23,US_IG,7Y,70.228,42,CDXIG742 Curncy
22322,2024-07-23,US_IG,10Y,90.621,42,CDXIG042 Curncy
22323,2024-07-23,US_HY,5Y,323.7649,42,CDXHY542 BEST Curncy
22324,2024-07-23,US_HY,7Y,336.866,42,CDXHY742 BEST Curncy
22325,2024-07-23,US_HY,10Y,338.328,42,CDXHY042 BEST Curncy
22339,2024-07-24,US_HY,7Y,342.821,42,CDXHY742 BEST Curncy
22340,2024-07-24,US_HY,10Y,344.126,42,CDXHY042 BEST Curncy
22338,2024-07-24,US_HY,5Y,332.0231,42,CDXHY542 BEST Curncy
22336,2024-07-24,US_IG,7Y,72.257,42,CDXIG742 Curncy
22334,2024-07-24,US_IG,3Y,29.635,42,CDXIG342 Curncy
22337,2024-07-24,US_IG,10Y,92.834,42,CDXIG042 Curncy
22335,2024-07-24,US_IG,5Y,51.618,42,CDXIG542 Curncy
22355,2024-07-25,US_HY,10Y,346.141,42,CDXHY042 BEST Curncy
22349,2024-07-25,US_IG,3Y,30.217,42,CDXIG342 Curncy
22350,2024-07-25,US_IG,5Y,52.348,42,CDXIG542 Curncy
22351,2024-07-25,US_IG,7Y,73.116,42,CDXIG742 Curncy
22352,2024-07-25,US_IG,10Y,93.51,42,CDXIG042 Curncy
22353,2024-07-25,US_HY,5Y,333.6663,42,CDXHY542 BEST Curncy
22354,2024-07-25,US_HY,7Y,344.969,42,CDXHY742 BEST Curncy
22370,2024-07-26,US_HY,10Y,343.918,42,CDXHY042 BEST Curncy
22369,2024-07-26,US_HY,7Y,343.199,42,CDXHY742 BEST Curncy
22368,2024-07-26,US_HY,5Y,331.5032,42,CDXHY542 BEST Curncy
22364,2024-07-26,US_IG,3Y,29.988,42,CDXIG342 Curncy
22366,2024-07-26,US_IG,7Y,71.666,42,CDXIG742 Curncy
22365,2024-07-26,US_IG,5Y,51.048,42,CDXIG542 Curncy
22367,2024-07-26,US_IG,10Y,92.174,42,CDXIG042 Curncy
22383,2024-07-29,US_HY,5Y,334.5087,42,CDXHY542 BEST Curncy
22384,2024-07-29,US_HY,7Y,346.33,42,CDXHY742 BEST Curncy
22385,2024-07-29,US_HY,10Y,347.002,42,CDXHY042 BEST Curncy
22382,2024-07-29,US_IG,10Y,92.806,42,CDXIG042 Curncy
22380,2024-07-29,US_IG,5Y,51.778,42,CDXIG542 Curncy
22379,2024-07-29,US_IG,3Y,30.644,42,CDXIG342 Curncy
22381,2024-07-29,US_IG,7Y,71.885,42,CDXIG742 Curncy
22399,2024-07-30,US_HY,7Y,351.726,42,CDXHY742 BEST Curncy
22398,2024-07-30,US_HY,5Y,338.2379,42,CDXHY542 BEST Curncy
22397,2024-07-30,US_IG,10Y,93.676,42,CDXIG042 Curncy
22400,2024-07-30,US_HY,10Y,352.551,42,CDXHY042 BEST Curncy
22395,2024-07-30,US_IG,5Y,52.52,42,CDXIG542 Curncy
22394,2024-07-30,US_IG,3Y,31.657,42,CDXIG342 Curncy
22396,2024-07-30,US_IG,7Y,72.79,42,CDXIG742 Curncy
22409,2024-07-31,US_IG,3Y,30.501,42,CDXIG342 Curncy
22410,2024-07-31,US_IG,5Y,51.809,42,CDXIG542 Curncy
22411,2024-07-31,US_IG,7Y,71.463,42,CDXIG742 Curncy
22412,2024-07-31,US_IG,10Y,92.78,42,CDXIG042 Curncy
22413,2024-07-31,US_HY,5Y,327.9281,42,CDXHY542 BEST Curncy
22414,2024-07-31,US_HY,7Y,344.838,42,CDXHY742 BEST Curncy
22415,2024-07-31,US_HY,10Y,346.005,42,CDXHY042 BEST Curncy
22428,2024-08-01,US_HY,5Y,345.9223,42,CDXHY542 BEST Curncy
22429,2024-08-01,US_HY,7Y,354.734,42,CDXHY742 BEST Curncy
22430,2024-08-01,US_HY,10Y,355.82,42,CDXHY042 BEST Curncy
22426,2024-08-01,US_IG,7Y,74.998,42,CDXIG742 Curncy
22425,2024-08-01,US_IG,5Y,54.609,42,CDXIG542 Curncy
22424,2024-08-01,US_IG,3Y,33.149,42,CDXIG342 Curncy
22427,2024-08-01,US_IG,10Y,95.589,42,CDXIG042 Curncy
22444,2024-08-02,US_HY,7Y,381.709,42,CDXHY742 BEST Curncy
22443,2024-08-02,US_HY,5Y,368.4605,42,CDXHY542 BEST Curncy
22442,2024-08-02,US_IG,10Y,99.04,42,CDXIG042 Curncy
22445,2024-08-02,US_HY,10Y,381.716,42,CDXHY042 BEST Curncy
22440,2024-08-02,US_IG,5Y,58.268,42,CDXIG542 Curncy
22439,2024-08-02,US_IG,3Y,36.971,42,CDXIG342 Curncy
22441,2024-08-02,US_IG,7Y,78.139,42,CDXIG742 Curncy
22454,2024-08-05,US_IG,3Y,39.901,42,CDXIG342 Curncy
22455,2024-08-05,US_IG,5Y,60.777,42,CDXIG542 Curncy
22456,2024-08-05,US_IG,10Y,102.947,42,CDXIG042 Curncy
22457,2024-08-05,US_HY,5Y,389.2497,42,CDXHY542 BEST Curncy
22458,2024-08-05,US_HY,7Y,397.872,42,CDXHY742 BEST Curncy
22459,2024-08-05,US_HY,10Y,397.213,42,CDXHY042 BEST Curncy
22473,2024-08-06,US_HY,7Y,393.21,42,CDXHY742 BEST Curncy
22474,2024-08-06,US_HY,10Y,392.511,42,CDXHY042 BEST Curncy
22472,2024-08-06,US_HY,5Y,372.27,42,CDXHY542 BEST Curncy
22471,2024-08-06,US_IG,10Y,100.218,42,CDXIG042 Curncy
22470,2024-08-06,US_IG,7Y,79.934,42,CDXIG742 Curncy
22469,2024-08-06,US_IG,5Y,60.375,42,CDXIG542 Curncy
22468,2024-08-06,US_IG,3Y,38.648,42,CDXIG342 Curncy
22488,2024-08-07,US_HY,7Y,383.123,42,CDXHY742 BEST Curncy
22487,2024-08-07,US_HY,5Y,378.5209,42,CDXHY542 BEST Curncy
22486,2024-08-07,US_IG,10Y,101.665,42,CDXIG042 Curncy
22489,2024-08-07,US_HY,10Y,382.586,42,CDXHY042 BEST Curncy
22484,2024-08-07,US_IG,5Y,61.12,42,CDXIG542 Curncy
22483,2024-08-07,US_IG,3Y,39.851,42,CDXIG342 Curncy
22485,2024-08-07,US_IG,7Y,80.811,42,CDXIG742 Curncy
22498,2024-08-08,US_IG,3Y,36.655,42,CDXIG342 Curncy
22499,2024-08-08,US_IG,5Y,57.793,42,CDXIG542 Curncy
22500,2024-08-08,US_IG,7Y,77.873,42,CDXIG742 Curncy
22501,2024-08-08,US_IG,10Y,98.84,42,CDXIG042 Curncy
22502,2024-08-08,US_HY,5Y,367.5133,42,CDXHY542 BEST Curncy
22503,2024-08-08,US_HY,7Y,384.603,42,CDXHY742 BEST Curncy
22504,2024-08-08,US_HY,10Y,384.327,42,CDXHY042 BEST Curncy
22517,2024-08-09,US_HY,5Y,364.4461,42,CDXHY542 BEST Curncy
22518,2024-08-09,US_HY,7Y,382.218,42,CDXHY742 BEST Curncy
22516,2024-08-09,US_IG,10Y,98.712,42,CDXIG042 Curncy
22519,2024-08-09,US_HY,10Y,382.295,42,CDXHY042 BEST Curncy
22514,2024-08-09,US_IG,5Y,57.718,42,CDXIG542 Curncy
22513,2024-08-09,US_IG,3Y,36.505,42,CDXIG342 Curncy
22515,2024-08-09,US_IG,7Y,77.607,42,CDXIG742 Curncy
22528,2024-08-12,US_IG,3Y,38.411,42,CDXIG342 Curncy
22529,2024-08-12,US_IG,5Y,59.51,42,CDXIG542 Curncy
22530,2024-08-12,US_IG,10Y,99.534,42,CDXIG042 Curncy
22531,2024-08-12,US_HY,5Y,369.0866,42,CDXHY542 BEST Curncy
22532,2024-08-12,US_HY,7Y,384.202,42,CDXHY742 BEST Curncy
22533,2024-08-12,US_HY,10Y,384.209,42,CDXHY042 BEST Curncy
22547,2024-08-13,US_HY,10Y,382.534,42,CDXHY042 BEST Curncy
22546,2024-08-13,US_HY,7Y,382.291,42,CDXHY742 BEST Curncy
22545,2024-08-13,US_HY,5Y,363.8567,42,CDXHY542 BEST Curncy
22543,2024-08-13,US_IG,5Y,57.63,42,CDXIG542 Curncy
22542,2024-08-13,US_IG,3Y,36.685,42,CDXIG342 Curncy
22544,2024-08-13,US_IG,10Y,98.293,42,CDXIG042 Curncy
22556,2024-08-14,US_IG,3Y,34.741,42,CDXIG342 Curncy
22557,2024-08-14,US_IG,5Y,55.24,42,CDXIG542 Curncy
22558,2024-08-14,US_IG,7Y,75.387,42,CDXIG742 Curncy
22559,2024-08-14,US_IG,10Y,96.941,42,CDXIG042 Curncy
22560,2024-08-14,US_HY,5Y,356.6274,42,CDXHY542 BEST Curncy
22561,2024-08-14,US_HY,7Y,373.179,42,CDXHY742 BEST Curncy
22562,2024-08-14,US_HY,10Y,373.978,42,CDXHY042 BEST Curncy
22576,2024-08-15,US_HY,7Y,359.124,42,CDXHY742 BEST Curncy
22577,2024-08-15,US_HY,10Y,360.769,42,CDXHY042 BEST Curncy
22575,2024-08-15,US_HY,5Y,339.5982,42,CDXHY542 BEST Curncy
22571,2024-08-15,US_IG,3Y,31.436,42,CDXIG342 Curncy
22573,2024-08-15,US_IG,7Y,72.116,42,CDXIG742 Curncy
22572,2024-08-15,US_IG,5Y,52.186,42,CDXIG542 Curncy
22574,2024-08-15,US_IG,10Y,95.387,42,CDXIG042 Curncy
22591,2024-08-16,US_HY,7Y,348.354,42,CDXHY742 BEST Curncy
22590,2024-08-16,US_HY,5Y,331.7606,42,CDXHY542 BEST Curncy
22589,2024-08-16,US_IG,10Y,93.715,42,CDXIG042 Curncy
22592,2024-08-16,US_HY,10Y,350.317,42,CDXHY042 BEST Curncy
22587,2024-08-16,US_IG,5Y,50.979,42,CDXIG542 Curncy
22586,2024-08-16,US_IG,3Y,30.07,42,CDXIG342 Curncy
22588,2024-08-16,US_IG,7Y,70.917,42,CDXIG742 Curncy
22601,2024-08-19,US_IG,3Y,29.829,42,CDXIG342 Curncy
22602,2024-08-19,US_IG,5Y,50.79,42,CDXIG542 Curncy
22603,2024-08-19,US_IG,7Y,70.644,42,CDXIG742 Curncy
22604,2024-08-19,US_IG,10Y,93.05,42,CDXIG042 Curncy
22605,2024-08-19,US_HY,5Y,329.7427,42,CDXHY542 BEST Curncy
22606,2024-08-19,US_HY,7Y,344.233,42,CDXHY742 BEST Curncy
22607,2024-08-19,US_HY,10Y,345.797,42,CDXHY042 BEST Curncy
22622,2024-08-20,US_HY,10Y,349.591,42,CDXHY042 BEST Curncy
22621,2024-08-20,US_HY,7Y,347.938,42,CDXHY742 BEST Curncy
22620,2024-08-20,US_HY,5Y,334.3745,42,CDXHY542 BEST Curncy
22619,2024-08-20,US_IG,10Y,93.399,42,CDXIG042 Curncy
22617,2024-08-20,US_IG,5Y,51.213,42,CDXIG542 Curncy
22616,2024-08-20,US_IG,3Y,30.38,42,CDXIG342 Curncy
22618,2024-08-20,US_IG,7Y,71.293,42,CDXIG742 Curncy
22636,2024-08-21,US_HY,7Y,346.083,42,CDXHY742 BEST Curncy
22635,2024-08-21,US_HY,5Y,330.3415,42,CDXHY542 BEST Curncy
22634,2024-08-21,US_IG,10Y,92.621,42,CDXIG042 Curncy
22637,2024-08-21,US_HY,10Y,347.803,42,CDXHY042 BEST Curncy
22632,2024-08-21,US_IG,5Y,50.548,42,CDXIG542 Curncy
22631,2024-08-21,US_IG,3Y,29.643,42,CDXIG342 Curncy
22633,2024-08-21,US_IG,7Y,70.603,42,CDXIG742 Curncy
22646,2024-08-22,US_IG,3Y,30.232,42,CDXIG342 Curncy
22647,2024-08-22,US_IG,5Y,51.198,42,CDXIG542 Curncy
22648,2024-08-22,US_IG,7Y,71.707,42,CDXIG742 Curncy
22649,2024-08-22,US_IG,10Y,92.483,42,CDXIG042 Curncy
22650,2024-08-22,US_HY,5Y,333.2884,42,CDXHY542 BEST Curncy
22651,2024-08-22,US_HY,7Y,344.982,42,CDXHY742 BEST Curncy
22652,2024-08-22,US_HY,10Y,346.203,42,CDXHY042 BEST Curncy
22665,2024-08-23,US_HY,7Y,337.852,42,CDXHY742 BEST Curncy
22666,2024-08-23,US_HY,10Y,339.974,42,CDXHY042 BEST Curncy
22664,2024-08-23,US_HY,5Y,321.1531,42,CDXHY542 BEST Curncy
22662,2024-08-23,US_IG,5Y,49.208,42,CDXIG542 Curncy
22661,2024-08-23,US_IG,3Y,28.184,42,CDXIG342 Curncy
22663,2024-08-23,US_IG,10Y,90.521,42,CDXIG042 Curncy
22671,2024-08-26,US_IG,3Y,28.379,42,CDXIG342 Curncy
22672,2024-08-26,US_IG,5Y,49.464,42,CDXIG542 Curncy
22673,2024-08-26,US_IG,10Y,91.091,42,CDXIG042 Curncy
22674,2024-08-26,US_HY,5Y,321.2373,42,CDXHY542 BEST Curncy
22675,2024-08-26,US_HY,7Y,335.954,42,CDXHY742 BEST Curncy
22676,2024-08-26,US_HY,10Y,338.043,42,CDXHY042 BEST Curncy
22685,2024-08-27,US_IG,3Y,28.33,42,CDXIG342 Curncy
22686,2024-08-27,US_IG,5Y,49.238,42,CDXIG542 Curncy
22687,2024-08-27,US_IG,10Y,90.95,42,CDXIG042 Curncy
22688,2024-08-27,US_HY,5Y,322.0274,42,CDXHY542 BEST Curncy
22689,2024-08-27,US_HY,7Y,335.649,42,CDXHY742 BEST Curncy
22690,2024-08-27,US_HY,10Y,337.924,42,CDXHY042 BEST Curncy
22703,2024-08-28,US_HY,5Y,325.6208,42,CDXHY542 BEST Curncy
22704,2024-08-28,US_HY,7Y,338.732,42,CDXHY742 BEST Curncy
22702,2024-08-28,US_IG,10Y,91.671,42,CDXIG042 Curncy
22705,2024-08-28,US_HY,10Y,340.654,42,CDXHY042 BEST Curncy
22700,2024-08-28,US_IG,5Y,49.9,42,CDXIG542 Curncy
22699,2024-08-28,US_IG,3Y,28.693,42,CDXIG342 Curncy
22701,2024-08-28,US_IG,7Y,70.441,42,CDXIG742 Curncy
22714,2024-08-29,US_IG,3Y,28.558,42,CDXIG342 Curncy
22715,2024-08-29,US_IG,5Y,49.63,42,CDXIG542 Curncy
22716,2024-08-29,US_IG,10Y,91.502,42,CDXIG042 Curncy
22717,2024-08-29,US_HY,5Y,323.8575,42,CDXHY542 BEST Curncy
22718,2024-08-29,US_HY,7Y,337.224,42,CDXHY742 BEST Curncy
22719,2024-08-29,US_HY,10Y,339.503,42,CDXHY042 BEST Curncy
22733,2024-08-30,US_HY,10Y,341.006,42,CDXHY042 BEST Curncy
22732,2024-08-30,US_HY,7Y,339.075,42,CDXHY742 BEST Curncy
22731,2024-08-30,US_HY,5Y,323.9766,42,CDXHY542 BEST Curncy
22730,2024-08-30,US_IG,10Y,91.131,42,CDXIG042 Curncy
22728,2024-08-30,US_IG,3Y,28.355,42,CDXIG342 Curncy
22729,2024-08-30,US_IG,5Y,49.259,42,CDXIG542 Curncy
22742,2024-09-02,US_IG,3Y,28.023,42,CDXIG342 Curncy
22743,2024-09-02,US_IG,10Y,91.193,42,CDXIG042 Curncy
22744,2024-09-02,US_HY,5Y,322.4322,42,CDXHY542 BEST Curncy
22745,2024-09-02,US_HY,7Y,338.594,42,CDXHY742 BEST Curncy
22746,2024-09-02,US_HY,10Y,340.555,42,CDXHY042 BEST Curncy
22761,2024-09-03,US_HY,10Y,347.98,42,CDXHY042 BEST Curncy
22760,2024-09-03,US_HY,7Y,346.598,42,CDXHY742 BEST Curncy
22759,2024-09-03,US_HY,5Y,336.116,42,CDXHY542 BEST Curncy
22756,2024-09-03,US_IG,5Y,52.108,42,CDXIG542 Curncy
22757,2024-09-03,US_IG,7Y,72.619,42,CDXIG742 Curncy
22755,2024-09-03,US_IG,3Y,30.589,42,CDXIG342 Curncy
22758,2024-09-03,US_IG,10Y,93.906,42,CDXIG042 Curncy
22775,2024-09-04,US_HY,7Y,350.803,42,CDXHY742 BEST Curncy
22774,2024-09-04,US_HY,5Y,339.844,42,CDXHY542 BEST Curncy
22773,2024-09-04,US_IG,10Y,93.791,42,CDXIG042 Curncy
22776,2024-09-04,US_HY,10Y,352.044,42,CDXHY042 BEST Curncy
22771,2024-09-04,US_IG,5Y,51.969,42,CDXIG542 Curncy
22770,2024-09-04,US_IG,3Y,30.57,42,CDXIG342 Curncy
22772,2024-09-04,US_IG,7Y,72.496,42,CDXIG742 Curncy
22785,2024-09-05,US_IG,3Y,30.44,42,CDXIG342 Curncy
22786,2024-09-05,US_IG,5Y,51.75,42,CDXIG542 Curncy
22787,2024-09-05,US_IG,7Y,72.447,42,CDXIG742 Curncy
22788,2024-09-05,US_IG,10Y,93.433,42,CDXIG042 Curncy
22789,2024-09-05,US_HY,5Y,336.0657,42,CDXHY542 BEST Curncy
22790,2024-09-05,US_HY,7Y,355.467,42,CDXHY742 BEST Curncy
22791,2024-09-05,US_HY,10Y,356.456,42,CDXHY042 BEST Curncy
22804,2024-09-06,US_HY,5Y,344.6293,42,CDXHY542 BEST Curncy
22805,2024-09-06,US_HY,7Y,360.009,42,CDXHY742 BEST Curncy
22803,2024-09-06,US_IG,10Y,95.529,42,CDXIG042 Curncy
22806,2024-09-06,US_HY,10Y,361.616,42,CDXHY042 BEST Curncy
22801,2024-09-06,US_IG,5Y,54.02,42,CDXIG542 Curncy
22800,2024-09-06,US_IG,3Y,32.486,42,CDXIG342 Curncy
22802,2024-09-06,US_IG,7Y,74.363,42,CDXIG742 Curncy
22820,2024-09-09,US_HY,7Y,356.477,42,CDXHY742 BEST Curncy
22819,2024-09-09,US_HY,5Y,339.8482,42,CDXHY542 BEST Curncy
22818,2024-09-09,US_IG,10Y,93.316,42,CDXIG042 Curncy
22821,2024-09-09,US_HY,10Y,358.309,42,CDXHY042 BEST Curncy
22816,2024-09-09,US_IG,5Y,51.645,42,CDXIG542 Curncy
22815,2024-09-09,US_IG,3Y,30.737,42,CDXIG342 Curncy
22817,2024-09-09,US_IG,7Y,72.082,42,CDXIG742 Curncy
22830,2024-09-10,US_IG,3Y,31.562,42,CDXIG342 Curncy
22831,2024-09-10,US_IG,5Y,53.036,42,CDXIG542 Curncy
22832,2024-09-10,US_IG,7Y,73.482,42,CDXIG742 Curncy
22833,2024-09-10,US_IG,10Y,94.854,42,CDXIG042 Curncy
22834,2024-09-10,US_HY,5Y,344.0737,42,CDXHY542 BEST Curncy
22835,2024-09-10,US_HY,7Y,362.065,42,CDXHY742 BEST Curncy
22836,2024-09-10,US_HY,10Y,364.253,42,CDXHY042 BEST Curncy
22850,2024-09-11,US_HY,7Y,363.413,42,CDXHY742 BEST Curncy
22851,2024-09-11,US_HY,10Y,364.736,42,CDXHY042 BEST Curncy
22849,2024-09-11,US_HY,5Y,340.6989,42,CDXHY542 BEST Curncy
22848,2024-09-11,US_IG,10Y,93.551,42,CDXIG042 Curncy
22847,2024-09-11,US_IG,7Y,72.545,42,CDXIG742 Curncy
22846,2024-09-11,US_IG,5Y,51.824,42,CDXIG542 Curncy
22845,2024-09-11,US_IG,3Y,30.721,42,CDXIG342 Curncy
22865,2024-09-12,US_HY,7Y,352.6,42,CDXHY742 BEST Curncy
22864,2024-09-12,US_HY,5Y,330.7306,42,CDXHY542 BEST Curncy
22863,2024-09-12,US_IG,10Y,92.467,42,CDXIG042 Curncy
22866,2024-09-12,US_HY,10Y,354.864,42,CDXHY042 BEST Curncy
22861,2024-09-12,US_IG,5Y,50.888,42,CDXIG542 Curncy
22860,2024-09-12,US_IG,3Y,29.999,42,CDXIG342 Curncy
22862,2024-09-12,US_IG,7Y,71.136,42,CDXIG742 Curncy
22875,2024-09-13,US_IG,3Y,28.886,42,CDXIG342 Curncy
22876,2024-09-13,US_IG,5Y,49.823,42,CDXIG542 Curncy
22877,2024-09-13,US_IG,7Y,70.329,42,CDXIG742 Curncy
22878,2024-09-13,US_IG,10Y,91.41,42,CDXIG042 Curncy
22879,2024-09-13,US_HY,5Y,326.8217,42,CDXHY542 BEST Curncy
22880,2024-09-13,US_HY,7Y,343.189,42,CDXHY742 BEST Curncy
22881,2024-09-13,US_HY,10Y,345.67,42,CDXHY042 BEST Curncy
22894,2024-09-16,US_HY,5Y,321.5434,42,CDXHY542 BEST Curncy
22895,2024-09-16,US_HY,7Y,343.57,42,CDXHY742 BEST Curncy
22893,2024-09-16,US_IG,10Y,90.965,42,CDXIG042 Curncy
22896,2024-09-16,US_HY,10Y,346.841,42,CDXHY042 BEST Curncy
22891,2024-09-16,US_IG,5Y,49.299,42,CDXIG542 Curncy
22890,2024-09-16,US_IG,3Y,28.604,42,CDXIG342 Curncy
22892,2024-09-16,US_IG,7Y,69.79,42,CDXIG742 Curncy
22910,2024-09-17,US_HY,7Y,339.554,42,CDXHY742 BEST Curncy
22909,2024-09-17,US_HY,5Y,322.2693,42,CDXHY542 BEST Curncy
22908,2024-09-17,US_IG,10Y,91.135,42,CDXIG042 Curncy
22911,2024-09-17,US_HY,10Y,343.226,42,CDXHY042 BEST Curncy
22906,2024-09-17,US_IG,5Y,49.53,42,CDXIG542 Curncy
22905,2024-09-17,US_IG,3Y,28.659,42,CDXIG342 Curncy
22907,2024-09-17,US_IG,7Y,69.996,42,CDXIG742 Curncy
22920,2024-09-18,US_IG,3Y,28.327,42,CDXIG342 Curncy
22921,2024-09-18,US_IG,5Y,49.162,42,CDXIG542 Curncy
22922,2024-09-18,US_IG,7Y,69.527,42,CDXIG742 Curncy
22923,2024-09-18,US_IG,10Y,90.794,42,CDXIG042 Curncy
22924,2024-09-18,US_HY,5Y,315.0129,42,CDXHY542 BEST Curncy
22925,2024-09-18,US_HY,7Y,339.92,42,CDXHY742 BEST Curncy
22926,2024-09-18,US_HY,10Y,343.453,42,CDXHY042 BEST Curncy
22939,2024-09-19,US_HY,5Y,310.0209,42,CDXHY542 BEST Curncy
22940,2024-09-19,US_HY,7Y,328.957,42,CDXHY742 BEST Curncy
22938,2024-09-19,US_IG,10Y,89.564,42,CDXIG042 Curncy
22941,2024-09-19,US_HY,10Y,333.648,42,CDXHY042 BEST Curncy
22936,2024-09-19,US_IG,5Y,47.691,42,CDXIG542 Curncy
22935,2024-09-19,US_IG,3Y,27.027,42,CDXIG342 Curncy
22937,2024-09-19,US_IG,7Y,68.169,42,CDXIG742 Curncy
22949,2024-09-20,US_IG,3Y,31.984,43,CDXIG343 Curncy
22950,2024-09-20,US_IG,5Y,52.23,43,CDXIG543 Curncy
22951,2024-09-20,US_IG,7Y,71.495,43,CDXIG743 Curncy
22952,2024-09-20,US_IG,10Y,90.963,43,CDXIG043 Curncy
22961,2024-09-23,US_IG,3Y,32.319,43,CDXIG343 Curncy
22962,2024-09-23,US_IG,5Y,52.986,43,CDXIG543 Curncy
22963,2024-09-23,US_IG,7Y,73.272,43,CDXIG743 Curncy
22964,2024-09-23,US_IG,10Y,92.821,43,CDXIG043 Curncy
22976,2024-09-24,US_IG,10Y,92.587,43,CDXIG043 Curncy
22975,2024-09-24,US_IG,7Y,73.143,43,CDXIG743 Curncy
22974,2024-09-24,US_IG,5Y,52.561,43,CDXIG543 Curncy
22973,2024-09-24,US_IG,3Y,32.27,43,CDXIG343 Curncy
22985,2024-09-25,US_IG,3Y,32.667,43,CDXIG343 Curncy
22986,2024-09-25,US_IG,5Y,53.178,43,CDXIG543 Curncy
22987,2024-09-25,US_IG,7Y,73.903,43,CDXIG743 Curncy
22988,2024-09-25,US_IG,10Y,93.217,43,CDXIG043 Curncy
22997,2024-09-26,US_IG,3Y,31.917,43,CDXIG343 Curncy
22998,2024-09-26,US_IG,5Y,52.31,43,CDXIG543 Curncy
22999,2024-09-26,US_IG,7Y,73.707,43,CDXIG743 Curncy
23000,2024-09-26,US_IG,10Y,92.559,43,CDXIG043 Curncy
23014,2024-09-27,US_HY,7Y,352.851,43,CDXHY743 BEST Curncy
23015,2024-09-27,US_HY,10Y,359.351,43,CDXHY043 BEST Curncy
23013,2024-09-27,US_HY,5Y,330.9937,43,CDXHY543 BEST Curncy
23011,2024-09-27,US_IG,7Y,73.209,43,CDXIG743 Curncy
23012,2024-09-27,US_IG,10Y,92.86,43,CDXIG043 Curncy
23010,2024-09-27,US_IG,5Y,52.571,43,CDXIG543 Curncy
23009,2024-09-27,US_IG,3Y,32.14,43,CDXIG343 Curncy
23024,2024-09-30,US_IG,3Y,32.353,43,CDXIG343 Curncy
23025,2024-09-30,US_IG,5Y,52.705,43,CDXIG543 Curncy
23026,2024-09-30,US_IG,7Y,73.423,43,CDXIG743 Curncy
23027,2024-09-30,US_IG,10Y,92.955,43,CDXIG043 Curncy
23028,2024-09-30,US_HY,5Y,332.0635,43,CDXHY543 BEST Curncy
23029,2024-09-30,US_HY,7Y,354.98,43,CDXHY743 BEST Curncy
23030,2024-09-30,US_HY,10Y,361.762,43,CDXHY043 BEST Curncy
23045,2024-10-01,US_HY,10Y,364.856,43,CDXHY043 BEST Curncy
23044,2024-10-01,US_HY,7Y,358.146,43,CDXHY743 BEST Curncy
23043,2024-10-01,US_HY,5Y,333.0728,43,CDXHY543 BEST Curncy
23039,2024-10-01,US_IG,3Y,33.591,43,CDXIG343 Curncy
23041,2024-10-01,US_IG,7Y,75.081,43,CDXIG743 Curncy
23040,2024-10-01,US_IG,5Y,54.341,43,CDXIG543 Curncy
23042,2024-10-01,US_IG,10Y,94.417,43,CDXIG043 Curncy
23058,2024-10-02,US_HY,5Y,335.4093,43,CDXHY543 BEST Curncy
23060,2024-10-02,US_HY,10Y,366.723,43,CDXHY043 BEST Curncy
23059,2024-10-02,US_HY,7Y,360.397,43,CDXHY743 BEST Curncy
23057,2024-10-02,US_IG,10Y,93.425,43,CDXIG043 Curncy
23055,2024-10-02,US_IG,5Y,53.348,43,CDXIG543 Curncy
23054,2024-10-02,US_IG,3Y,32.897,43,CDXIG343 Curncy
23056,2024-10-02,US_IG,7Y,74.192,43,CDXIG743 Curncy
23069,2024-10-03,US_IG,3Y,33.547,43,CDXIG343 Curncy
23070,2024-10-03,US_IG,5Y,54.074,43,CDXIG543 Curncy
23071,2024-10-03,US_IG,7Y,74.679,43,CDXIG743 Curncy
23072,2024-10-03,US_IG,10Y,94.082,43,CDXIG043 Curncy
23073,2024-10-03,US_HY,5Y,337.6308,43,CDXHY543 BEST Curncy
23074,2024-10-03,US_HY,7Y,361.229,43,CDXHY743 BEST Curncy
23075,2024-10-03,US_HY,10Y,367.692,43,CDXHY043 BEST Curncy
23089,2024-10-04,US_HY,7Y,355.024,43,CDXHY743 BEST Curncy
23084,2024-10-04,US_IG,3Y,32.418,43,CDXIG343 Curncy
23085,2024-10-04,US_IG,5Y,52.783,43,CDXIG543 Curncy
23086,2024-10-04,US_IG,7Y,73.448,43,CDXIG743 Curncy
23087,2024-10-04,US_IG,10Y,92.643,43,CDXIG043 Curncy
23088,2024-10-04,US_HY,5Y,331.9938,43,CDXHY543 BEST Curncy
23090,2024-10-04,US_HY,10Y,361.516,43,CDXHY043 BEST Curncy
23104,2024-10-07,US_HY,7Y,355.322,43,CDXHY743 BEST Curncy
23105,2024-10-07,US_HY,10Y,361.789,43,CDXHY043 BEST Curncy
23103,2024-10-07,US_HY,5Y,336.5553,43,CDXHY543 BEST Curncy
23101,2024-10-07,US_IG,7Y,74.434,43,CDXIG743 Curncy
23100,2024-10-07,US_IG,5Y,53.818,43,CDXIG543 Curncy
23099,2024-10-07,US_IG,3Y,33.15,43,CDXIG343 Curncy
23102,2024-10-07,US_IG,10Y,93.628,43,CDXIG043 Curncy
23119,2024-10-08,US_HY,7Y,355.544,43,CDXHY743 BEST Curncy
23114,2024-10-08,US_IG,3Y,32.533,43,CDXIG343 Curncy
23115,2024-10-08,US_IG,5Y,52.834,43,CDXIG543 Curncy
23116,2024-10-08,US_IG,7Y,73.774,43,CDXIG743 Curncy
23117,2024-10-08,US_IG,10Y,92.665,43,CDXIG043 Curncy
23118,2024-10-08,US_HY,5Y,331.5909,43,CDXHY543 BEST Curncy
23120,2024-10-08,US_HY,10Y,361.848,43,CDXHY043 BEST Curncy
23134,2024-10-09,US_HY,7Y,352.11,43,CDXHY743 BEST Curncy
23133,2024-10-09,US_HY,5Y,330.7143,43,CDXHY543 BEST Curncy
23132,2024-10-09,US_IG,10Y,92.115,43,CDXIG043 Curncy
23129,2024-10-09,US_IG,3Y,32.007,43,CDXIG343 Curncy
23130,2024-10-09,US_IG,5Y,52.283,43,CDXIG543 Curncy
23135,2024-10-09,US_HY,10Y,358.11,43,CDXHY043 BEST Curncy
23131,2024-10-09,US_IG,7Y,73.186,43,CDXIG743 Curncy
23149,2024-10-10,US_HY,7Y,353.026,43,CDXHY743 BEST Curncy
23146,2024-10-10,US_IG,7Y,73.152,43,CDXIG743 Curncy
23150,2024-10-10,US_HY,10Y,358.996,43,CDXHY043 BEST Curncy
23148,2024-10-10,US_HY,5Y,331.9684,43,CDXHY543 BEST Curncy
23144,2024-10-10,US_IG,3Y,31.988,43,CDXIG343 Curncy
23145,2024-10-10,US_IG,5Y,52.224,43,CDXIG543 Curncy
23147,2024-10-10,US_IG,10Y,92.137,43,CDXIG043 Curncy
23159,2024-10-11,US_IG,3Y,31.436,43,CDXIG343 Curncy
23160,2024-10-11,US_IG,5Y,51.725,43,CDXIG543 Curncy
23161,2024-10-11,US_IG,7Y,72.568,43,CDXIG743 Curncy
23162,2024-10-11,US_IG,10Y,91.58,43,CDXIG043 Curncy
23163,2024-10-11,US_HY,5Y,327.1824,43,CDXHY543 BEST Curncy
23164,2024-10-11,US_HY,7Y,350.02,43,CDXHY743 BEST Curncy
23165,2024-10-11,US_HY,10Y,356.538,43,CDXHY043 BEST Curncy
23177,2024-10-14,US_HY,7Y,350.944,43,CDXHY743 BEST Curncy
23174,2024-10-14,US_IG,3Y,31.44,43,CDXIG343 Curncy
23175,2024-10-14,US_IG,10Y,91.657,43,CDXIG043 Curncy
23176,2024-10-14,US_HY,5Y,327.659,43,CDXHY543 BEST Curncy
23178,2024-10-14,US_HY,10Y,356.981,43,CDXHY043 BEST Curncy
23191,2024-10-15,US_HY,5Y,324.9251,43,CDXHY543 BEST Curncy
23192,2024-10-15,US_HY,7Y,347.446,43,CDXHY743 BEST Curncy
23190,2024-10-15,US_IG,10Y,91.393,43,CDXIG043 Curncy
23193,2024-10-15,US_HY,10Y,353.865,43,CDXHY043 BEST Curncy
23188,2024-10-15,US_IG,5Y,51.617,43,CDXIG543 Curncy
23187,2024-10-15,US_IG,3Y,31.307,43,CDXIG343 Curncy
23189,2024-10-15,US_IG,7Y,72.373,43,CDXIG743 Curncy
23208,2024-10-16,US_HY,10Y,353.551,43,CDXHY043 BEST Curncy
23207,2024-10-16,US_HY,7Y,347.391,43,CDXHY743 BEST Curncy
23206,2024-10-16,US_HY,5Y,323.4126,43,CDXHY543 BEST Curncy
23202,2024-10-16,US_IG,3Y,30.993,43,CDXIG343 Curncy
23204,2024-10-16,US_IG,7Y,71.947,43,CDXIG743 Curncy
23205,2024-10-16,US_IG,10Y,91.099,43,CDXIG043 Curncy
23203,2024-10-16,US_IG,5Y,51.209,43,CDXIG543 Curncy
23223,2024-10-17,US_HY,10Y,352.006,43,CDXHY043 BEST Curncy
23217,2024-10-17,US_IG,3Y,31.15,43,CDXIG343 Curncy
23218,2024-10-17,US_IG,5Y,51.598,43,CDXIG543 Curncy
23219,2024-10-17,US_IG,7Y,72.353,43,CDXIG743 Curncy
23220,2024-10-17,US_IG,10Y,91.449,43,CDXIG043 Curncy
23221,2024-10-17,US_HY,5Y,323.4032,43,CDXHY543 BEST Curncy
23222,2024-10-17,US_HY,7Y,345.525,43,CDXHY743 BEST Curncy
23238,2024-10-18,US_HY,10Y,352.394,43,CDXHY043 BEST Curncy
23237,2024-10-18,US_HY,7Y,346.24,43,CDXHY743 BEST Curncy
23236,2024-10-18,US_HY,5Y,322.4473,43,CDXHY543 BEST Curncy
23232,2024-10-18,US_IG,3Y,31.083,43,CDXIG343 Curncy
23234,2024-10-18,US_IG,7Y,72.1,43,CDXIG743 Curncy
23233,2024-10-18,US_IG,5Y,51.194,43,CDXIG543 Curncy
23235,2024-10-18,US_IG,10Y,91.125,43,CDXIG043 Curncy
23251,2024-10-21,US_HY,5Y,327.1752,43,CDXHY543 BEST Curncy
23252,2024-10-21,US_HY,7Y,350.156,43,CDXHY743 BEST Curncy
23253,2024-10-21,US_HY,10Y,356.022,43,CDXHY043 BEST Curncy
23250,2024-10-21,US_IG,10Y,91.854,43,CDXIG043 Curncy
23248,2024-10-21,US_IG,5Y,51.959,43,CDXIG543 Curncy
23247,2024-10-21,US_IG,3Y,31.69,43,CDXIG343 Curncy
23249,2024-10-21,US_IG,7Y,72.89,43,CDXIG743 Curncy
23267,2024-10-22,US_HY,7Y,351.403,43,CDXHY743 BEST Curncy
23266,2024-10-22,US_HY,5Y,326.9585,43,CDXHY543 BEST Curncy
23265,2024-10-22,US_IG,10Y,92.164,43,CDXIG043 Curncy
23268,2024-10-22,US_HY,10Y,357.016,43,CDXHY043 BEST Curncy
23263,2024-10-22,US_IG,5Y,52.358,43,CDXIG543 Curncy
23262,2024-10-22,US_IG,3Y,31.986,43,CDXIG343 Curncy
23264,2024-10-22,US_IG,7Y,73.104,43,CDXIG743 Curncy
23277,2024-10-23,US_IG,3Y,32.95,43,CDXIG343 Curncy
23278,2024-10-23,US_IG,5Y,53.28,43,CDXIG543 Curncy
23279,2024-10-23,US_IG,7Y,74.129,43,CDXIG743 Curncy
23280,2024-10-23,US_IG,10Y,93.094,43,CDXIG043 Curncy
23281,2024-10-23,US_HY,5Y,334.0341,43,CDXHY543 BEST Curncy
23282,2024-10-23,US_HY,7Y,353.947,43,CDXHY743 BEST Curncy
23283,2024-10-23,US_HY,10Y,359.401,43,CDXHY043 BEST Curncy
23298,2024-10-24,US_HY,10Y,356.834,43,CDXHY043 BEST Curncy
23297,2024-10-24,US_HY,7Y,351.612,43,CDXHY743 BEST Curncy
23296,2024-10-24,US_HY,5Y,329.751,43,CDXHY543 BEST Curncy
23293,2024-10-24,US_IG,5Y,52.544,43,CDXIG543 Curncy
23294,2024-10-24,US_IG,7Y,73.413,43,CDXIG743 Curncy
23292,2024-10-24,US_IG,3Y,32.32,43,CDXIG343 Curncy
23295,2024-10-24,US_IG,10Y,92.326,43,CDXIG043 Curncy
23312,2024-10-25,US_HY,7Y,351.892,43,CDXHY743 BEST Curncy
23311,2024-10-25,US_HY,5Y,331.3677,43,CDXHY543 BEST Curncy
23310,2024-10-25,US_IG,10Y,92.681,43,CDXIG043 Curncy
23313,2024-10-25,US_HY,10Y,357.278,43,CDXHY043 BEST Curncy
23308,2024-10-25,US_IG,5Y,52.87,43,CDXIG543 Curncy
23307,2024-10-25,US_IG,3Y,32.632,43,CDXIG343 Curncy
23309,2024-10-25,US_IG,7Y,73.798,43,CDXIG743 Curncy
23322,2024-10-28,US_IG,3Y,31.798,43,CDXIG343 Curncy
23323,2024-10-28,US_IG,5Y,51.965,43,CDXIG543 Curncy
23324,2024-10-28,US_IG,7Y,72.561,43,CDXIG743 Curncy
23325,2024-10-28,US_IG,10Y,91.746,43,CDXIG043 Curncy
23326,2024-10-28,US_HY,5Y,327.2015,43,CDXHY543 BEST Curncy
23327,2024-10-28,US_HY,7Y,350.567,43,CDXHY743 BEST Curncy
23328,2024-10-28,US_HY,10Y,355.93,43,CDXHY043 BEST Curncy
23343,2024-10-29,US_HY,10Y,355.074,43,CDXHY043 BEST Curncy
23342,2024-10-29,US_HY,7Y,349.879,43,CDXHY743 BEST Curncy
23341,2024-10-29,US_HY,5Y,326.798,43,CDXHY543 BEST Curncy
23338,2024-10-29,US_IG,5Y,52.21,43,CDXIG543 Curncy
23339,2024-10-29,US_IG,7Y,73.046,43,CDXIG743 Curncy
23337,2024-10-29,US_IG,3Y,31.937,43,CDXIG343 Curncy
23340,2024-10-29,US_IG,10Y,92.038,43,CDXIG043 Curncy
23358,2024-10-30,US_HY,10Y,355.583,43,CDXHY043 BEST Curncy
23356,2024-10-30,US_HY,5Y,328.6492,43,CDXHY543 BEST Curncy
23355,2024-10-30,US_IG,10Y,92.433,43,CDXIG043 Curncy
23357,2024-10-30,US_HY,7Y,350.309,43,CDXHY743 BEST Curncy
23353,2024-10-30,US_IG,5Y,52.84,43,CDXIG543 Curncy
23352,2024-10-30,US_IG,3Y,32.365,43,CDXIG343 Curncy
23354,2024-10-30,US_IG,7Y,73.253,43,CDXIG743 Curncy
23372,2024-10-31,US_HY,7Y,355.314,43,CDXHY743 BEST Curncy
23367,2024-10-31,US_IG,3Y,33.377,43,CDXIG343 Curncy
23368,2024-10-31,US_IG,5Y,53.85,43,CDXIG543 Curncy
23369,2024-10-31,US_IG,7Y,74.753,43,CDXIG743 Curncy
23370,2024-10-31,US_IG,10Y,93.678,43,CDXIG043 Curncy
23371,2024-10-31,US_HY,5Y,334.2227,43,CDXHY543 BEST Curncy
23373,2024-10-31,US_HY,10Y,360.268,43,CDXHY043 BEST Curncy
23386,2024-11-01,US_HY,5Y,332.8425,43,CDXHY543 BEST Curncy
23387,2024-11-01,US_HY,7Y,355.32,43,CDXHY743 BEST Curncy
23385,2024-11-01,US_IG,10Y,92.87,43,CDXIG043 Curncy
23388,2024-11-01,US_HY,10Y,360.44,43,CDXHY043 BEST Curncy
23383,2024-11-01,US_IG,5Y,53.016,43,CDXIG543 Curncy
23384,2024-11-01,US_IG,7Y,73.936,43,CDXIG743 Curncy
23382,2024-11-01,US_IG,3Y,32.797,43,CDXIG343 Curncy
23397,2024-11-04,US_IG,3Y,33.442,43,CDXIG343 Curncy
23398,2024-11-04,US_IG,5Y,53.82,43,CDXIG543 Curncy
23399,2024-11-04,US_IG,7Y,74.761,43,CDXIG743 Curncy
23400,2024-11-04,US_IG,10Y,93.693,43,CDXIG043 Curncy
23401,2024-11-04,US_HY,5Y,334.8937,43,CDXHY543 BEST Curncy
23402,2024-11-04,US_HY,7Y,357.028,43,CDXHY743 BEST Curncy
23403,2024-11-04,US_HY,10Y,362.02,43,CDXHY043 BEST Curncy
23418,2024-11-05,US_HY,10Y,356.744,43,CDXHY043 BEST Curncy
23417,2024-11-05,US_HY,7Y,351.428,43,CDXHY743 BEST Curncy
23416,2024-11-05,US_HY,5Y,329.8049,43,CDXHY543 BEST Curncy
23412,2024-11-05,US_IG,3Y,31.462,43,CDXIG343 Curncy
23414,2024-11-05,US_IG,7Y,72.722,43,CDXIG743 Curncy
23413,2024-11-05,US_IG,5Y,51.907,43,CDXIG543 Curncy
23415,2024-11-05,US_IG,10Y,91.89,43,CDXIG043 Curncy
23431,2024-11-06,US_HY,5Y,309.0459,43,CDXHY543 BEST Curncy
23432,2024-11-06,US_HY,7Y,332.718,43,CDXHY743 BEST Curncy
23430,2024-11-06,US_IG,10Y,88.76,43,CDXIG043 Curncy
23433,2024-11-06,US_HY,10Y,339.028,43,CDXHY043 BEST Curncy
23428,2024-11-06,US_IG,5Y,48.894,43,CDXIG543 Curncy
23427,2024-11-06,US_IG,3Y,29.121,43,CDXIG343 Curncy
23429,2024-11-06,US_IG,7Y,69.702,43,CDXIG743 Curncy
23442,2024-11-07,US_IG,3Y,28.0,43,CDXIG343 Curncy
23443,2024-11-07,US_IG,5Y,48.035,43,CDXIG543 Curncy
23444,2024-11-07,US_IG,7Y,68.946,43,CDXIG743 Curncy
23445,2024-11-07,US_IG,10Y,88.151,43,CDXIG043 Curncy
23446,2024-11-07,US_HY,5Y,301.7739,43,CDXHY543 BEST Curncy
23447,2024-11-07,US_HY,7Y,323.724,43,CDXHY743 BEST Curncy
23448,2024-11-07,US_HY,10Y,330.723,43,CDXHY043 BEST Curncy
23463,2024-11-08,US_HY,10Y,329.077,43,CDXHY043 BEST Curncy
23462,2024-11-08,US_HY,7Y,322.28,43,CDXHY743 BEST Curncy
23461,2024-11-08,US_HY,5Y,298.972,43,CDXHY543 BEST Curncy
23459,2024-11-08,US_IG,7Y,68.108,43,CDXIG743 Curncy
23458,2024-11-08,US_IG,5Y,47.214,43,CDXIG543 Curncy
23457,2024-11-08,US_IG,3Y,27.303,43,CDXIG343 Curncy
23460,2024-11-08,US_IG,10Y,87.405,43,CDXIG043 Curncy
23472,2024-11-11,US_IG,3Y,27.23,43,CDXIG343 Curncy
23473,2024-11-11,US_IG,10Y,87.413,43,CDXIG043 Curncy
23474,2024-11-11,US_HY,5Y,298.2985,43,CDXHY543 BEST Curncy
23475,2024-11-11,US_HY,7Y,320.271,43,CDXHY743 BEST Curncy
23476,2024-11-11,US_HY,10Y,326.82,43,CDXHY043 BEST Curncy
23490,2024-11-12,US_HY,7Y,327.278,43,CDXHY743 BEST Curncy
23491,2024-11-12,US_HY,10Y,334.09,43,CDXHY043 BEST Curncy
23489,2024-11-12,US_HY,5Y,302.0004,43,CDXHY543 BEST Curncy
23487,2024-11-12,US_IG,7Y,69.044,43,CDXIG743 Curncy
23488,2024-11-12,US_IG,10Y,88.26,43,CDXIG043 Curncy
23486,2024-11-12,US_IG,5Y,48.061,43,CDXIG543 Curncy
23485,2024-11-12,US_IG,3Y,28.113,43,CDXIG343 Curncy
23500,2024-11-13,US_IG,3Y,28.298,43,CDXIG343 Curncy
23501,2024-11-13,US_IG,5Y,48.364,43,CDXIG543 Curncy
23502,2024-11-13,US_IG,7Y,68.972,43,CDXIG743 Curncy
23503,2024-11-13,US_IG,10Y,88.501,43,CDXIG043 Curncy
23504,2024-11-13,US_HY,5Y,304.0302,43,CDXHY543 BEST Curncy
23505,2024-11-13,US_HY,7Y,324.892,43,CDXHY743 BEST Curncy
23506,2024-11-13,US_HY,10Y,332.001,43,CDXHY043 BEST Curncy
23521,2024-11-14,US_HY,10Y,336.084,43,CDXHY043 BEST Curncy
23520,2024-11-14,US_HY,7Y,329.152,43,CDXHY743 BEST Curncy
23519,2024-11-14,US_HY,5Y,307.0482,43,CDXHY543 BEST Curncy
23515,2024-11-14,US_IG,3Y,28.971,43,CDXIG343 Curncy
23517,2024-11-14,US_IG,7Y,70.019,43,CDXIG743 Curncy
23516,2024-11-14,US_IG,5Y,48.986,43,CDXIG543 Curncy
23518,2024-11-14,US_IG,10Y,89.212,43,CDXIG043 Curncy
23534,2024-11-15,US_HY,5Y,312.8287,43,CDXHY543 BEST Curncy
23536,2024-11-15,US_HY,10Y,342.906,43,CDXHY043 BEST Curncy
23535,2024-11-15,US_HY,7Y,336.917,43,CDXHY743 BEST Curncy
23533,2024-11-15,US_IG,10Y,89.72,43,CDXIG043 Curncy
23532,2024-11-15,US_IG,7Y,70.476,43,CDXIG743 Curncy
23531,2024-11-15,US_IG,5Y,49.438,43,CDXIG543 Curncy
23530,2024-11-15,US_IG,3Y,29.276,43,CDXIG343 Curncy
23550,2024-11-18,US_HY,7Y,331.114,43,CDXHY743 BEST Curncy
23549,2024-11-18,US_HY,5Y,307.9396,43,CDXHY543 BEST Curncy
23548,2024-11-18,US_IG,10Y,89.29,43,CDXIG043 Curncy
23551,2024-11-18,US_HY,10Y,336.974,43,CDXHY043 BEST Curncy
23546,2024-11-18,US_IG,5Y,49.039,43,CDXIG543 Curncy
23545,2024-11-18,US_IG,3Y,28.948,43,CDXIG343 Curncy
23547,2024-11-18,US_IG,7Y,69.773,43,CDXIG743 Curncy
23566,2024-11-19,US_HY,10Y,337.475,43,CDXHY043 BEST Curncy
23560,2024-11-19,US_IG,3Y,28.833,43,CDXIG343 Curncy
23561,2024-11-19,US_IG,5Y,48.929,43,CDXIG543 Curncy
23562,2024-11-19,US_IG,7Y,69.604,43,CDXIG743 Curncy
23563,2024-11-19,US_IG,10Y,89.199,43,CDXIG043 Curncy
23564,2024-11-19,US_HY,5Y,306.3742,43,CDXHY543 BEST Curncy
23565,2024-11-19,US_HY,7Y,331.692,43,CDXHY743 BEST Curncy
23580,2024-11-20,US_HY,7Y,330.184,43,CDXHY743 BEST Curncy
23579,2024-11-20,US_HY,5Y,307.7303,43,CDXHY543 BEST Curncy
23581,2024-11-20,US_HY,10Y,336.104,43,CDXHY043 BEST Curncy
23578,2024-11-20,US_IG,10Y,89.26,43,CDXIG043 Curncy
23577,2024-11-20,US_IG,7Y,69.333,43,CDXIG743 Curncy
23576,2024-11-20,US_IG,5Y,48.993,43,CDXIG543 Curncy
23575,2024-11-20,US_IG,3Y,28.827,43,CDXIG343 Curncy
23590,2024-11-21,US_IG,3Y,28.663,43,CDXIG343 Curncy
23591,2024-11-21,US_IG,5Y,48.882,43,CDXIG543 Curncy
23592,2024-11-21,US_IG,7Y,69.128,43,CDXIG743 Curncy
23593,2024-11-21,US_IG,10Y,89.074,43,CDXIG043 Curncy
23594,2024-11-21,US_HY,5Y,300.1213,43,CDXHY543 BEST Curncy
23595,2024-11-21,US_HY,7Y,324.802,43,CDXHY743 BEST Curncy
23596,2024-11-21,US_HY,10Y,330.7,43,CDXHY043 BEST Curncy
23611,2024-11-22,US_HY,10Y,330.066,43,CDXHY043 BEST Curncy
23610,2024-11-22,US_HY,7Y,323.979,43,CDXHY743 BEST Curncy
23609,2024-11-22,US_HY,5Y,300.4044,43,CDXHY543 BEST Curncy
23605,2024-11-22,US_IG,3Y,28.51,43,CDXIG343 Curncy
23607,2024-11-22,US_IG,7Y,68.833,43,CDXIG743 Curncy
23606,2024-11-22,US_IG,5Y,48.59,43,CDXIG543 Curncy
23608,2024-11-22,US_IG,10Y,88.79,43,CDXIG043 Curncy
23624,2024-11-25,US_HY,5Y,296.7053,43,CDXHY543 BEST Curncy
23626,2024-11-25,US_HY,10Y,326.081,43,CDXHY043 BEST Curncy
23623,2024-11-25,US_IG,10Y,88.269,43,CDXIG043 Curncy
23625,2024-11-25,US_HY,7Y,320.316,43,CDXHY743 BEST Curncy
23621,2024-11-25,US_IG,5Y,48.028,43,CDXIG543 Curncy
23620,2024-11-25,US_IG,3Y,28.139,43,CDXIG343 Curncy
23622,2024-11-25,US_IG,7Y,68.275,43,CDXIG743 Curncy
23635,2024-11-26,US_IG,3Y,28.159,43,CDXIG343 Curncy
23636,2024-11-26,US_IG,5Y,48.206,43,CDXIG543 Curncy
23637,2024-11-26,US_IG,7Y,68.481,43,CDXIG743 Curncy
23638,2024-11-26,US_IG,10Y,88.417,43,CDXIG043 Curncy
23639,2024-11-26,US_HY,5Y,297.991,43,CDXHY543 BEST Curncy
23640,2024-11-26,US_HY,7Y,320.181,43,CDXHY743 BEST Curncy
23641,2024-11-26,US_HY,10Y,325.941,43,CDXHY043 BEST Curncy
23656,2024-11-27,US_HY,10Y,327.146,43,CDXHY043 BEST Curncy
23655,2024-11-27,US_HY,7Y,321.38,43,CDXHY743 BEST Curncy
23654,2024-11-27,US_HY,5Y,298.2935,43,CDXHY543 BEST Curncy
23651,2024-11-27,US_IG,5Y,48.156,43,CDXIG543 Curncy
23652,2024-11-27,US_IG,7Y,68.44,43,CDXIG743 Curncy
23650,2024-11-27,US_IG,3Y,28.152,43,CDXIG343 Curncy
23653,2024-11-27,US_IG,10Y,88.383,43,CDXIG043 Curncy
23665,2024-11-28,US_IG,3Y,28.061,43,CDXIG343 Curncy
23666,2024-11-28,US_HY,5Y,297.5478,43,CDXHY543 BEST Curncy
23667,2024-11-28,US_HY,7Y,321.284,43,CDXHY743 BEST Curncy
23668,2024-11-28,US_HY,10Y,326.975,43,CDXHY043 BEST Curncy
23682,2024-11-29,US_HY,7Y,321.237,43,CDXHY743 BEST Curncy
23683,2024-11-29,US_HY,10Y,326.948,43,CDXHY043 BEST Curncy
23681,2024-11-29,US_HY,5Y,295.0062,43,CDXHY543 BEST Curncy
23678,2024-11-29,US_IG,5Y,47.611,43,CDXIG543 Curncy
23679,2024-11-29,US_IG,7Y,67.816,43,CDXIG743 Curncy
23677,2024-11-29,US_IG,3Y,27.711,43,CDXIG343 Curncy
23680,2024-11-29,US_IG,10Y,87.811,43,CDXIG043 Curncy
23692,2024-12-02,US_IG,3Y,27.463,43,CDXIG343 Curncy
23697,2024-12-02,US_HY,7Y,316.059,43,CDXHY743 BEST Curncy
23696,2024-12-02,US_HY,5Y,293.1659,43,CDXHY543 BEST Curncy
23698,2024-12-02,US_HY,10Y,322.01,43,CDXHY043 BEST Curncy
23694,2024-12-02,US_IG,7Y,67.566,43,CDXIG743 Curncy
23693,2024-12-02,US_IG,5Y,47.263,43,CDXIG543 Curncy
23695,2024-12-02,US_IG,10Y,87.655,43,CDXIG043 Curncy
23707,2024-12-03,US_IG,3Y,27.596,43,CDXIG343 Curncy
23709,2024-12-03,US_IG,7Y,67.794,43,CDXIG743 Curncy
23710,2024-12-03,US_IG,10Y,87.908,43,CDXIG043 Curncy
23711,2024-12-03,US_HY,5Y,291.6768,43,CDXHY543 BEST Curncy
23712,2024-12-03,US_HY,7Y,314.525,43,CDXHY743 BEST Curncy
23713,2024-12-03,US_HY,10Y,320.522,43,CDXHY043 BEST Curncy
23708,2024-12-03,US_IG,5Y,47.445,43,CDXIG543 Curncy
23726,2024-12-04,US_HY,5Y,290.9547,43,CDXHY543 BEST Curncy
23728,2024-12-04,US_HY,10Y,319.611,43,CDXHY043 BEST Curncy
23727,2024-12-04,US_HY,7Y,313.094,43,CDXHY743 BEST Curncy
23725,2024-12-04,US_IG,10Y,87.979,43,CDXIG043 Curncy
23723,2024-12-04,US_IG,5Y,47.592,43,CDXIG543 Curncy
23722,2024-12-04,US_IG,3Y,27.656,43,CDXIG343 Curncy
23724,2024-12-04,US_IG,7Y,67.86,43,CDXIG743 Curncy
23742,2024-12-05,US_HY,7Y,311.892,43,CDXHY743 BEST Curncy
23741,2024-12-05,US_HY,5Y,289.7151,43,CDXHY543 BEST Curncy
23740,2024-12-05,US_IG,10Y,87.763,43,CDXIG043 Curncy
23743,2024-12-05,US_HY,10Y,318.43,43,CDXHY043 BEST Curncy
23738,2024-12-05,US_IG,5Y,47.288,43,CDXIG543 Curncy
23737,2024-12-05,US_IG,3Y,27.493,43,CDXIG343 Curncy
23739,2024-12-05,US_IG,7Y,67.725,43,CDXIG743 Curncy
23753,2024-12-06,US_IG,3Y,27.018,43,CDXIG343 Curncy
23754,2024-12-06,US_IG,5Y,47.073,43,CDXIG543 Curncy
23755,2024-12-06,US_IG,7Y,67.149,43,CDXIG743 Curncy
23756,2024-12-06,US_IG,10Y,87.61,43,CDXIG043 Curncy
23757,2024-12-06,US_HY,5Y,289.8353,43,CDXHY543 BEST Curncy
23758,2024-12-06,US_HY,7Y,309.965,43,CDXHY743 BEST Curncy
23759,2024-12-06,US_HY,10Y,316.74,43,CDXHY043 BEST Curncy
23773,2024-12-09,US_HY,5Y,292.8609,43,CDXHY543 BEST Curncy
23774,2024-12-09,US_HY,7Y,315.303,43,CDXHY743 BEST Curncy
23775,2024-12-09,US_HY,10Y,321.724,43,CDXHY043 BEST Curncy
23771,2024-12-09,US_IG,7Y,67.724,43,CDXIG743 Curncy
23770,2024-12-09,US_IG,5Y,47.459,43,CDXIG543 Curncy
23772,2024-12-09,US_IG,10Y,88.101,43,CDXIG043 Curncy
23769,2024-12-09,US_IG,3Y,27.663,43,CDXIG343 Curncy
23785,2024-12-10,US_IG,3Y,27.358,43,CDXIG343 Curncy
23786,2024-12-10,US_IG,5Y,47.339,43,CDXIG543 Curncy
23787,2024-12-10,US_IG,7Y,67.662,43,CDXIG743 Curncy
23788,2024-12-10,US_IG,10Y,87.934,43,CDXIG043 Curncy
23789,2024-12-10,US_HY,5Y,293.7685,43,CDXHY543 BEST Curncy
23790,2024-12-10,US_HY,7Y,316.459,43,CDXHY743 BEST Curncy
23791,2024-12-10,US_HY,10Y,322.755,43,CDXHY043 BEST Curncy
23807,2024-12-11,US_HY,10Y,319.582,43,CDXHY043 BEST Curncy
23806,2024-12-11,US_HY,7Y,313.057,43,CDXHY743 BEST Curncy
23805,2024-12-11,US_HY,5Y,290.2574,43,CDXHY543 BEST Curncy
23801,2024-12-11,US_IG,3Y,26.909,43,CDXIG343 Curncy
23803,2024-12-11,US_IG,7Y,67.152,43,CDXIG743 Curncy
23802,2024-12-11,US_IG,5Y,46.859,43,CDXIG543 Curncy
23804,2024-12-11,US_IG,10Y,87.559,43,CDXIG043 Curncy
23822,2024-12-12,US_HY,7Y,315.373,43,CDXHY743 BEST Curncy
23823,2024-12-12,US_HY,10Y,321.621,43,CDXHY043 BEST Curncy
23821,2024-12-12,US_HY,5Y,293.8335,43,CDXHY543 BEST Curncy
23819,2024-12-12,US_IG,7Y,67.952,43,CDXIG743 Curncy
23818,2024-12-12,US_IG,5Y,47.567,43,CDXIG543 Curncy
23817,2024-12-12,US_IG,3Y,27.45,43,CDXIG343 Curncy
23820,2024-12-12,US_IG,10Y,88.229,43,CDXIG043 Curncy
23838,2024-12-13,US_HY,7Y,319.042,43,CDXHY743 BEST Curncy
23833,2024-12-13,US_IG,3Y,27.831,43,CDXIG343 Curncy
23834,2024-12-13,US_IG,5Y,47.812,43,CDXIG543 Curncy
23835,2024-12-13,US_IG,7Y,68.415,43,CDXIG743 Curncy
23836,2024-12-13,US_IG,10Y,88.545,43,CDXIG043 Curncy
23837,2024-12-13,US_HY,5Y,296.7156,43,CDXHY543 BEST Curncy
23839,2024-12-13,US_HY,10Y,325.204,43,CDXHY043 BEST Curncy
23853,2024-12-16,US_HY,5Y,294.1537,43,CDXHY543 BEST Curncy
23852,2024-12-16,US_IG,10Y,88.198,43,CDXIG043 Curncy
23854,2024-12-16,US_HY,7Y,316.829,43,CDXHY743 BEST Curncy
23850,2024-12-16,US_IG,5Y,47.516,43,CDXIG543 Curncy
23849,2024-12-16,US_IG,3Y,27.722,43,CDXIG343 Curncy
23851,2024-12-16,US_IG,7Y,68.087,43,CDXIG743 Curncy
23855,2024-12-16,US_HY,10Y,322.959,43,CDXHY043 BEST Curncy
23871,2024-12-17,US_HY,10Y,325.826,43,CDXHY043 BEST Curncy
23869,2024-12-17,US_HY,5Y,298.3305,43,CDXHY543 BEST Curncy
23868,2024-12-17,US_IG,10Y,88.491,43,CDXIG043 Curncy
23870,2024-12-17,US_HY,7Y,319.695,43,CDXHY743 BEST Curncy
23866,2024-12-17,US_IG,5Y,47.77,43,CDXIG543 Curncy
23867,2024-12-17,US_IG,7Y,68.343,43,CDXIG743 Curncy
23865,2024-12-17,US_IG,3Y,27.882,43,CDXIG343 Curncy
23886,2024-12-18,US_HY,7Y,320.153,43,CDXHY743 BEST Curncy
23885,2024-12-18,US_HY,5Y,309.1461,43,CDXHY543 BEST Curncy
23884,2024-12-18,US_IG,10Y,90.983,43,CDXIG043 Curncy
23887,2024-12-18,US_HY,10Y,325.915,43,CDXHY043 BEST Curncy
23882,2024-12-18,US_IG,5Y,50.423,43,CDXIG543 Curncy
23881,2024-12-18,US_IG,3Y,30.078,43,CDXIG343 Curncy
23883,2024-12-18,US_IG,7Y,70.948,43,CDXIG743 Curncy
23897,2024-12-19,US_IG,3Y,31.441,43,CDXIG343 Curncy
23898,2024-12-19,US_IG,5Y,51.405,43,CDXIG543 Curncy
23899,2024-12-19,US_IG,7Y,71.882,43,CDXIG743 Curncy
23900,2024-12-19,US_IG,10Y,91.89,43,CDXIG043 Curncy
23901,2024-12-19,US_HY,5Y,315.2145,43,CDXHY543 BEST Curncy
23902,2024-12-19,US_HY,7Y,335.462,43,CDXHY743 BEST Curncy
23903,2024-12-19,US_HY,10Y,340.122,43,CDXHY043 BEST Curncy
23917,2024-12-20,US_HY,5Y,308.0254,43,CDXHY543 BEST Curncy
23919,2024-12-20,US_HY,10Y,334.958,43,CDXHY043 BEST Curncy
23916,2024-12-20,US_IG,10Y,89.69,43,CDXIG043 Curncy
23918,2024-12-20,US_HY,7Y,330.377,43,CDXHY743 BEST Curncy
23914,2024-12-20,US_IG,5Y,49.293,43,CDXIG543 Curncy
23913,2024-12-20,US_IG,3Y,29.36,43,CDXIG343 Curncy
23915,2024-12-20,US_IG,7Y,69.812,43,CDXIG743 Curncy
23929,2024-12-23,US_IG,3Y,29.58,43,CDXIG343 Curncy
23930,2024-12-23,US_IG,5Y,49.613,43,CDXIG543 Curncy
23931,2024-12-23,US_IG,7Y,69.829,43,CDXIG743 Curncy
23932,2024-12-23,US_IG,10Y,90.128,43,CDXIG043 Curncy
23933,2024-12-23,US_HY,5Y,310.8294,43,CDXHY543 BEST Curncy
23934,2024-12-23,US_HY,7Y,334.062,43,CDXHY743 BEST Curncy
23935,2024-12-23,US_HY,10Y,339.139,43,CDXHY043 BEST Curncy
23949,2024-12-24,US_HY,10Y,338.783,43,CDXHY043 BEST Curncy
23948,2024-12-24,US_HY,7Y,333.792,43,CDXHY743 BEST Curncy
23947,2024-12-24,US_HY,5Y,304.8542,43,CDXHY543 BEST Curncy
23944,2024-12-24,US_IG,5Y,48.688,43,CDXIG543 Curncy
23945,2024-12-24,US_IG,7Y,69.03,43,CDXIG743 Curncy
23943,2024-12-24,US_IG,3Y,28.793,43,CDXIG343 Curncy
23946,2024-12-24,US_IG,10Y,88.985,43,CDXIG043 Curncy
23951,2024-12-25,US_IG,3Y,28.806,43,CDXIG343 Curncy
23952,2024-12-25,US_HY,5Y,304.8295,43,CDXHY543 BEST Curncy
23953,2024-12-25,US_HY,7Y,327.086,43,CDXHY743 BEST Curncy
23954,2024-12-25,US_HY,10Y,332.682,43,CDXHY043 BEST Curncy
23959,2024-12-26,US_HY,5Y,302.6866,43,CDXHY543 BEST Curncy
23960,2024-12-26,US_HY,7Y,327.566,43,CDXHY743 BEST Curncy
23961,2024-12-26,US_HY,10Y,333.06,43,CDXHY043 BEST Curncy
23958,2024-12-26,US_IG,10Y,88.586,43,CDXIG043 Curncy
23956,2024-12-26,US_IG,5Y,48.255,43,CDXIG543 Curncy
23955,2024-12-26,US_IG,3Y,28.453,43,CDXIG343 Curncy
23957,2024-12-26,US_IG,7Y,68.691,43,CDXIG743 Curncy
23976,2024-12-27,US_HY,7Y,325.653,43,CDXHY743 BEST Curncy
23975,2024-12-27,US_HY,5Y,306.3217,43,CDXHY543 BEST Curncy
23974,2024-12-27,US_IG,10Y,89.611,43,CDXIG043 Curncy
23977,2024-12-27,US_HY,10Y,331.486,43,CDXHY043 BEST Curncy
23972,2024-12-27,US_IG,5Y,49.258,43,CDXIG543 Curncy
23971,2024-12-27,US_IG,3Y,29.368,43,CDXIG343 Curncy
23973,2024-12-27,US_IG,7Y,69.671,43,CDXIG743 Curncy
23987,2024-12-30,US_IG,3Y,30.285,43,CDXIG343 Curncy
23988,2024-12-30,US_IG,5Y,50.205,43,CDXIG543 Curncy
23989,2024-12-30,US_IG,7Y,70.762,43,CDXIG743 Curncy
23990,2024-12-30,US_IG,10Y,90.69,43,CDXIG043 Curncy
23991,2024-12-30,US_HY,5Y,311.9453,43,CDXHY543 BEST Curncy
23992,2024-12-30,US_HY,7Y,335.783,43,CDXHY743 BEST Curncy
23993,2024-12-30,US_HY,10Y,341.102,43,CDXHY043 BEST Curncy
24007,2024-12-31,US_HY,5Y,311.4864,43,CDXHY543 BEST Curncy
24009,2024-12-31,US_HY,10Y,341.583,43,CDXHY043 BEST Curncy
24006,2024-12-31,US_IG,10Y,90.23,43,CDXIG043 Curncy
24008,2024-12-31,US_HY,7Y,336.123,43,CDXHY743 BEST Curncy
24004,2024-12-31,US_IG,5Y,49.843,43,CDXIG543 Curncy
24003,2024-12-31,US_IG,3Y,29.848,43,CDXIG343 Curncy
24005,2024-12-31,US_IG,7Y,70.45,43,CDXIG743 Curncy
24011,2025-01-01,US_IG,3Y,29.841,43,CDXIG343 Curncy
24012,2025-01-01,US_HY,5Y,311.419,43,CDXHY543 BEST Curncy
24013,2025-01-01,US_HY,7Y,334.82,43,CDXHY743 BEST Curncy
24014,2025-01-01,US_HY,10Y,340.0,43,CDXHY043 BEST Curncy
24030,2025-01-02,US_HY,10Y,336.426,43,CDXHY043 BEST Curncy
24029,2025-01-02,US_HY,7Y,330.878,43,CDXHY743 BEST Curncy
24027,2025-01-02,US_IG,10Y,89.864,43,CDXIG043 Curncy
24028,2025-01-02,US_HY,5Y,310.8762,43,CDXHY543 BEST Curncy
24025,2025-01-02,US_IG,5Y,49.325,43,CDXIG543 Curncy
24024,2025-01-02,US_IG,3Y,29.572,43,CDXIG343 Curncy
24026,2025-01-02,US_IG,7Y,69.938,43,CDXIG743 Curncy
24040,2025-01-03,US_IG,3Y,28.917,43,CDXIG343 Curncy
24041,2025-01-03,US_IG,5Y,48.655,43,CDXIG543 Curncy
24042,2025-01-03,US_IG,7Y,69.132,43,CDXIG743 Curncy
24043,2025-01-03,US_IG,10Y,89.169,43,CDXIG043 Curncy
24044,2025-01-03,US_HY,5Y,305.3,43,CDXHY543 BEST Curncy
24045,2025-01-03,US_HY,7Y,329.277,43,CDXHY743 BEST Curncy
24046,2025-01-03,US_HY,10Y,334.955,43,CDXHY043 BEST Curncy
24062,2025-01-06,US_HY,10Y,329.325,43,CDXHY043 BEST Curncy
24061,2025-01-06,US_HY,7Y,323.276,43,CDXHY743 BEST Curncy
24060,2025-01-06,US_HY,5Y,302.7926,43,CDXHY543 BEST Curncy
24057,2025-01-06,US_IG,5Y,48.476,43,CDXIG543 Curncy
24058,2025-01-06,US_IG,7Y,68.786,43,CDXIG743 Curncy
24059,2025-01-06,US_IG,10Y,89.116,43,CDXIG043 Curncy
24056,2025-01-06,US_IG,3Y,28.686,43,CDXIG343 Curncy
24078,2025-01-07,US_HY,10Y,336.289,43,CDXHY043 BEST Curncy
24072,2025-01-07,US_IG,3Y,29.561,43,CDXIG343 Curncy
24073,2025-01-07,US_IG,5Y,49.466,43,CDXIG543 Curncy
24074,2025-01-07,US_IG,7Y,70.042,43,CDXIG743 Curncy
24075,2025-01-07,US_IG,10Y,90.108,43,CDXIG043 Curncy
24076,2025-01-07,US_HY,5Y,309.077,43,CDXHY543 BEST Curncy
24077,2025-01-07,US_HY,7Y,330.34,43,CDXHY743 BEST Curncy
24094,2025-01-08,US_HY,10Y,342.149,43,CDXHY043 BEST Curncy
24093,2025-01-08,US_HY,7Y,336.342,43,CDXHY743 BEST Curncy
24092,2025-01-08,US_HY,5Y,312.1271,43,CDXHY543 BEST Curncy
24088,2025-01-08,US_IG,3Y,29.89,43,CDXIG343 Curncy
24090,2025-01-08,US_IG,7Y,70.395,43,CDXIG743 Curncy
24089,2025-01-08,US_IG,5Y,50.114,43,CDXIG543 Curncy
24091,2025-01-08,US_IG,10Y,90.549,43,CDXIG043 Curncy
24108,2025-01-09,US_HY,5Y,314.697,43,CDXHY543 BEST Curncy
24109,2025-01-09,US_HY,7Y,338.732,43,CDXHY743 BEST Curncy
24110,2025-01-09,US_HY,10Y,344.327,43,CDXHY043 BEST Curncy
24107,2025-01-09,US_IG,10Y,90.838,43,CDXIG043 Curncy
24105,2025-01-09,US_IG,5Y,50.356,43,CDXIG543 Curncy
24104,2025-01-09,US_IG,3Y,30.449,43,CDXIG343 Curncy
24106,2025-01-09,US_IG,7Y,70.882,43,CDXIG743 Curncy
24125,2025-01-10,US_HY,7Y,344.063,43,CDXHY743 BEST Curncy
24124,2025-01-10,US_HY,5Y,319.7462,43,CDXHY543 BEST Curncy
24123,2025-01-10,US_IG,10Y,92.017,43,CDXIG043 Curncy
24126,2025-01-10,US_HY,10Y,349.391,43,CDXHY043 BEST Curncy
24121,2025-01-10,US_IG,5Y,51.501,43,CDXIG543 Curncy
24120,2025-01-10,US_IG,3Y,31.452,43,CDXIG343 Curncy
24122,2025-01-10,US_IG,7Y,72.053,43,CDXIG743 Curncy
24136,2025-01-13,US_IG,3Y,31.67,43,CDXIG343 Curncy
24137,2025-01-13,US_IG,5Y,51.789,43,CDXIG543 Curncy
24138,2025-01-13,US_IG,7Y,72.377,43,CDXIG743 Curncy
24139,2025-01-13,US_IG,10Y,92.339,43,CDXIG043 Curncy
24140,2025-01-13,US_HY,5Y,322.4956,43,CDXHY543 BEST Curncy
24141,2025-01-13,US_HY,7Y,348.977,43,CDXHY743 BEST Curncy
24142,2025-01-13,US_HY,10Y,354.155,43,CDXHY043 BEST Curncy
24158,2025-01-14,US_HY,10Y,348.493,43,CDXHY043 BEST Curncy
24157,2025-01-14,US_HY,7Y,343.381,43,CDXHY743 BEST Curncy
24155,2025-01-14,US_IG,10Y,91.361,43,CDXIG043 Curncy
24156,2025-01-14,US_HY,5Y,318.3516,43,CDXHY543 BEST Curncy
24153,2025-01-14,US_IG,5Y,50.749,43,CDXIG543 Curncy
24152,2025-01-14,US_IG,3Y,30.922,43,CDXIG343 Curncy
24154,2025-01-14,US_IG,7Y,71.418,43,CDXIG743 Curncy
24173,2025-01-15,US_HY,7Y,329.428,43,CDXHY743 BEST Curncy
24172,2025-01-15,US_HY,5Y,303.0285,43,CDXHY543 BEST Curncy
24171,2025-01-15,US_IG,10Y,89.449,43,CDXIG043 Curncy
24174,2025-01-15,US_HY,10Y,335.637,43,CDXHY043 BEST Curncy
24169,2025-01-15,US_IG,5Y,48.718,43,CDXIG543 Curncy
24168,2025-01-15,US_IG,3Y,29.026,43,CDXIG343 Curncy
24170,2025-01-15,US_IG,7Y,69.313,43,CDXIG743 Curncy
24184,2025-01-16,US_IG,3Y,29.395,43,CDXIG343 Curncy
24185,2025-01-16,US_IG,5Y,49.348,43,CDXIG543 Curncy
24186,2025-01-16,US_IG,7Y,69.912,43,CDXIG743 Curncy
24187,2025-01-16,US_IG,10Y,90.111,43,CDXIG043 Curncy
24188,2025-01-16,US_HY,5Y,305.2985,43,CDXHY543 BEST Curncy
24189,2025-01-16,US_HY,7Y,329.479,43,CDXHY743 BEST Curncy
24190,2025-01-16,US_HY,10Y,335.338,43,CDXHY043 BEST Curncy
24205,2025-01-17,US_HY,7Y,324.463,43,CDXHY743 BEST Curncy
24206,2025-01-17,US_HY,10Y,330.338,43,CDXHY043 BEST Curncy
24204,2025-01-17,US_HY,5Y,301.4351,43,CDXHY543 BEST Curncy
24202,2025-01-17,US_IG,7Y,68.973,43,CDXIG743 Curncy
24201,2025-01-17,US_IG,5Y,48.863,43,CDXIG543 Curncy
24200,2025-01-17,US_IG,3Y,29.014,43,CDXIG343 Curncy
24203,2025-01-17,US_IG,10Y,89.657,43,CDXIG043 Curncy
24216,2025-01-20,US_IG,3Y,28.964,43,CDXIG343 Curncy
24217,2025-01-20,US_IG,10Y,89.546,43,CDXIG043 Curncy
24218,2025-01-20,US_HY,5Y,302.6505,43,CDXHY543 BEST Curncy
24219,2025-01-20,US_HY,7Y,325.244,43,CDXHY743 BEST Curncy
24220,2025-01-20,US_HY,10Y,330.809,43,CDXHY043 BEST Curncy
24230,2025-01-21,US_IG,3Y,27.873,43,CDXIG343 Curncy
24231,2025-01-21,US_IG,5Y,47.503,43,CDXIG543 Curncy
24232,2025-01-21,US_IG,7Y,68.03,43,CDXIG743 Curncy
24233,2025-01-21,US_IG,10Y,88.244,43,CDXIG043 Curncy
24234,2025-01-21,US_HY,5Y,296.3311,43,CDXHY543 BEST Curncy
24235,2025-01-21,US_HY,7Y,319.889,43,CDXHY743 BEST Curncy
24236,2025-01-21,US_HY,10Y,325.894,43,CDXHY043 BEST Curncy
24251,2025-01-22,US_HY,7Y,319.323,43,CDXHY743 BEST Curncy
24252,2025-01-22,US_HY,10Y,325.468,43,CDXHY043 BEST Curncy
24249,2025-01-22,US_IG,10Y,88.945,43,CDXIG043 Curncy
24250,2025-01-22,US_HY,5Y,296.1522,43,CDXHY543 BEST Curncy
24248,2025-01-22,US_IG,7Y,68.733,43,CDXIG743 Curncy
24247,2025-01-22,US_IG,5Y,48.248,43,CDXIG543 Curncy
24246,2025-01-22,US_IG,3Y,28.51,43,CDXIG343 Curncy
24262,2025-01-23,US_IG,3Y,28.09,43,CDXIG343 Curncy
24263,2025-01-23,US_IG,5Y,47.734,43,CDXIG543 Curncy
24264,2025-01-23,US_IG,7Y,68.273,43,CDXIG743 Curncy
24265,2025-01-23,US_IG,10Y,88.56,43,CDXIG043 Curncy
24266,2025-01-23,US_HY,5Y,295.496,43,CDXHY543 BEST Curncy
24267,2025-01-23,US_HY,7Y,319.302,43,CDXHY743 BEST Curncy
24268,2025-01-23,US_HY,10Y,325.376,43,CDXHY043 BEST Curncy
24284,2025-01-24,US_HY,10Y,323.729,43,CDXHY043 BEST Curncy
24283,2025-01-24,US_HY,7Y,317.786,43,CDXHY743 BEST Curncy
24282,2025-01-24,US_HY,5Y,296.5536,43,CDXHY543 BEST Curncy
24278,2025-01-24,US_IG,3Y,28.022,43,CDXIG343 Curncy
24280,2025-01-24,US_IG,7Y,68.647,43,CDXIG743 Curncy
24279,2025-01-24,US_IG,5Y,48.073,43,CDXIG543 Curncy
24281,2025-01-24,US_IG,10Y,88.843,43,CDXIG043 Curncy
24298,2025-01-27,US_HY,5Y,302.8358,43,CDXHY543 BEST Curncy
24300,2025-01-27,US_HY,10Y,330.283,43,CDXHY043 BEST Curncy
24299,2025-01-27,US_HY,7Y,324.272,43,CDXHY743 BEST Curncy
24297,2025-01-27,US_IG,10Y,89.626,43,CDXIG043 Curncy
24295,2025-01-27,US_IG,5Y,48.757,43,CDXIG543 Curncy
24294,2025-01-27,US_IG,3Y,28.703,43,CDXIG343 Curncy
24296,2025-01-27,US_IG,7Y,69.491,43,CDXIG743 Curncy
24310,2025-01-28,US_IG,3Y,28.188,43,CDXIG343 Curncy
24311,2025-01-28,US_IG,5Y,48.187,43,CDXIG543 Curncy
24312,2025-01-28,US_IG,7Y,68.82,43,CDXIG743 Curncy
24313,2025-01-28,US_IG,10Y,88.982,43,CDXIG043 Curncy
24314,2025-01-28,US_HY,5Y,298.0053,43,CDXHY543 BEST Curncy
24315,2025-01-28,US_HY,7Y,320.592,43,CDXHY743 BEST Curncy
24316,2025-01-28,US_HY,10Y,326.213,43,CDXHY043 BEST Curncy
24331,2025-01-29,US_HY,7Y,320.191,43,CDXHY743 BEST Curncy
24326,2025-01-29,US_IG,3Y,28.385,43,CDXIG343 Curncy
24327,2025-01-29,US_IG,5Y,48.36,43,CDXIG543 Curncy
24328,2025-01-29,US_IG,7Y,69.067,43,CDXIG743 Curncy
24329,2025-01-29,US_IG,10Y,89.329,43,CDXIG043 Curncy
24330,2025-01-29,US_HY,5Y,299.093,43,CDXHY543 BEST Curncy
24332,2025-01-29,US_HY,10Y,325.765,43,CDXHY043 BEST Curncy
24346,2025-01-30,US_HY,5Y,294.7474,43,CDXHY543 BEST Curncy
24347,2025-01-30,US_HY,7Y,315.634,43,CDXHY743 BEST Curncy
24345,2025-01-30,US_IG,10Y,88.902,43,CDXIG043 Curncy
24348,2025-01-30,US_HY,10Y,321.723,43,CDXHY043 BEST Curncy
24343,2025-01-30,US_IG,5Y,48.139,43,CDXIG543 Curncy
24342,2025-01-30,US_IG,3Y,27.965,43,CDXIG343 Curncy
24344,2025-01-30,US_IG,7Y,68.697,43,CDXIG743 Curncy
24363,2025-01-31,US_HY,7Y,313.742,43,CDXHY743 BEST Curncy
24362,2025-01-31,US_HY,5Y,298.6577,43,CDXHY543 BEST Curncy
24361,2025-01-31,US_IG,10Y,89.58,43,CDXIG043 Curncy
24364,2025-01-31,US_HY,10Y,319.929,43,CDXHY043 BEST Curncy
24359,2025-01-31,US_IG,5Y,48.656,43,CDXIG543 Curncy
24358,2025-01-31,US_IG,3Y,28.494,43,CDXIG343 Curncy
24360,2025-01-31,US_IG,7Y,69.279,43,CDXIG743 Curncy
24374,2025-02-03,US_IG,3Y,28.949,43,CDXIG343 Curncy
24375,2025-02-03,US_IG,5Y,48.738,43,CDXIG543 Curncy
24376,2025-02-03,US_IG,7Y,69.309,43,CDXIG743 Curncy
24377,2025-02-03,US_IG,10Y,89.8,43,CDXIG043 Curncy
24378,2025-02-03,US_HY,5Y,302.9759,43,CDXHY543 BEST Curncy
24379,2025-02-03,US_HY,7Y,322.318,43,CDXHY743 BEST Curncy
24380,2025-02-03,US_HY,10Y,328.051,43,CDXHY043 BEST Curncy
24395,2025-02-04,US_HY,7Y,318.107,43,CDXHY743 BEST Curncy
24396,2025-02-04,US_HY,10Y,324.205,43,CDXHY043 BEST Curncy
24394,2025-02-04,US_HY,5Y,297.6581,43,CDXHY543 BEST Curncy
24393,2025-02-04,US_IG,10Y,88.908,43,CDXIG043 Curncy
24392,2025-02-04,US_IG,7Y,68.652,43,CDXIG743 Curncy
24391,2025-02-04,US_IG,5Y,48.077,43,CDXIG543 Curncy
24390,2025-02-04,US_IG,3Y,27.99,43,CDXIG343 Curncy
24411,2025-02-05,US_HY,7Y,315.618,43,CDXHY743 BEST Curncy
24410,2025-02-05,US_HY,5Y,295.9084,43,CDXHY543 BEST Curncy
24409,2025-02-05,US_IG,10Y,88.868,43,CDXIG043 Curncy
24412,2025-02-05,US_HY,10Y,321.58,43,CDXHY043 BEST Curncy
24407,2025-02-05,US_IG,5Y,47.87,43,CDXIG543 Curncy
24406,2025-02-05,US_IG,3Y,27.872,43,CDXIG343 Curncy
24408,2025-02-05,US_IG,7Y,68.522,43,CDXIG743 Curncy
24422,2025-02-06,US_IG,3Y,28.035,43,CDXIG343 Curncy
24423,2025-02-06,US_IG,5Y,47.99,43,CDXIG543 Curncy
24424,2025-02-06,US_IG,7Y,68.68,43,CDXIG743 Curncy
24425,2025-02-06,US_IG,10Y,89.154,43,CDXIG043 Curncy
24426,2025-02-06,US_HY,5Y,297.4041,43,CDXHY543 BEST Curncy
24427,2025-02-06,US_HY,7Y,314.974,43,CDXHY743 BEST Curncy
24428,2025-02-06,US_HY,10Y,321.167,43,CDXHY043 BEST Curncy
24442,2025-02-07,US_HY,5Y,299.7743,43,CDXHY543 BEST Curncy
24444,2025-02-07,US_HY,10Y,324.494,43,CDXHY043 BEST Curncy
24441,2025-02-07,US_IG,10Y,89.972,43,CDXIG043 Curncy
24443,2025-02-07,US_HY,7Y,318.508,43,CDXHY743 BEST Curncy
24439,2025-02-07,US_IG,5Y,48.529,43,CDXIG543 Curncy
24438,2025-02-07,US_IG,3Y,28.555,43,CDXIG343 Curncy
24440,2025-02-07,US_IG,7Y,69.324,43,CDXIG743 Curncy
24459,2025-02-10,US_HY,7Y,316.175,43,CDXHY743 BEST Curncy
24458,2025-02-10,US_HY,5Y,296.6064,43,CDXHY543 BEST Curncy
24457,2025-02-10,US_IG,10Y,89.214,43,CDXIG043 Curncy
24460,2025-02-10,US_HY,10Y,322.265,43,CDXHY043 BEST Curncy
24455,2025-02-10,US_IG,5Y,47.946,43,CDXIG543 Curncy
24454,2025-02-10,US_IG,3Y,28.048,43,CDXIG343 Curncy
24456,2025-02-10,US_IG,7Y,68.679,43,CDXIG743 Curncy
24470,2025-02-11,US_IG,3Y,28.025,43,CDXIG343 Curncy
24471,2025-02-11,US_IG,5Y,47.95,43,CDXIG543 Curncy
24472,2025-02-11,US_IG,7Y,68.605,43,CDXIG743 Curncy
24473,2025-02-11,US_IG,10Y,89.134,43,CDXIG043 Curncy
24474,2025-02-11,US_HY,5Y,297.011,43,CDXHY543 BEST Curncy
24475,2025-02-11,US_HY,7Y,318.094,43,CDXHY743 BEST Curncy
24476,2025-02-11,US_HY,10Y,324.001,43,CDXHY043 BEST Curncy
24490,2025-02-12,US_HY,5Y,295.4762,43,CDXHY543 BEST Curncy
24492,2025-02-12,US_HY,10Y,321.9,43,CDXHY043 BEST Curncy
24489,2025-02-12,US_IG,10Y,88.921,43,CDXIG043 Curncy
24491,2025-02-12,US_HY,7Y,315.82,43,CDXHY743 BEST Curncy
24487,2025-02-12,US_IG,5Y,47.58,43,CDXIG543 Curncy
24486,2025-02-12,US_IG,3Y,27.718,43,CDXIG343 Curncy
24488,2025-02-12,US_IG,7Y,67.988,43,CDXIG743 Curncy
24502,2025-02-13,US_IG,3Y,27.12,43,CDXIG343 Curncy
24503,2025-02-13,US_IG,5Y,46.86,43,CDXIG543 Curncy
24504,2025-02-13,US_IG,7Y,67.478,43,CDXIG743 Curncy
24505,2025-02-13,US_IG,10Y,88.274,43,CDXIG043 Curncy
24506,2025-02-13,US_HY,5Y,292.3753,43,CDXHY543 BEST Curncy
24507,2025-02-13,US_HY,7Y,314.478,43,CDXHY743 BEST Curncy
24508,2025-02-13,US_HY,10Y,320.415,43,CDXHY043 BEST Curncy
24524,2025-02-14,US_HY,10Y,318.233,43,CDXHY043 BEST Curncy
24523,2025-02-14,US_HY,7Y,312.0,43,CDXHY743 BEST Curncy
24522,2025-02-14,US_HY,5Y,292.5882,43,CDXHY543 BEST Curncy
24520,2025-02-14,US_IG,7Y,67.31,43,CDXIG743 Curncy
24519,2025-02-14,US_IG,5Y,46.748,43,CDXIG543 Curncy
24518,2025-02-14,US_IG,3Y,26.937,43,CDXIG343 Curncy
24521,2025-02-14,US_IG,10Y,88.113,43,CDXIG043 Curncy
24534,2025-02-17,US_IG,3Y,27.066,43,CDXIG343 Curncy
24535,2025-02-17,US_IG,10Y,88.48,43,CDXIG043 Curncy
24536,2025-02-17,US_HY,5Y,291.6229,43,CDXHY543 BEST Curncy
24537,2025-02-17,US_HY,7Y,311.636,43,CDXHY743 BEST Curncy
24538,2025-02-17,US_HY,10Y,318.043,43,CDXHY043 BEST Curncy
24552,2025-02-18,US_HY,5Y,291.9987,43,CDXHY543 BEST Curncy
24554,2025-02-18,US_HY,10Y,317.88,43,CDXHY043 BEST Curncy
24551,2025-02-18,US_IG,10Y,88.026,43,CDXIG043 Curncy
24553,2025-02-18,US_HY,7Y,311.586,43,CDXHY743 BEST Curncy
24549,2025-02-18,US_IG,5Y,46.583,43,CDXIG543 Curncy
24550,2025-02-18,US_IG,7Y,67.236,43,CDXIG743 Curncy
24548,2025-02-18,US_IG,3Y,26.801,43,CDXIG343 Curncy
24569,2025-02-19,US_HY,7Y,312.844,43,CDXHY743 BEST Curncy
24568,2025-02-19,US_HY,5Y,291.2544,43,CDXHY543 BEST Curncy
24567,2025-02-19,US_IG,10Y,87.934,43,CDXIG043 Curncy
24570,2025-02-19,US_HY,10Y,317.854,43,CDXHY043 BEST Curncy
24565,2025-02-19,US_IG,5Y,46.64,43,CDXIG543 Curncy
24564,2025-02-19,US_IG,3Y,26.74,43,CDXIG343 Curncy
24566,2025-02-19,US_IG,7Y,67.159,43,CDXIG743 Curncy
24580,2025-02-20,US_IG,3Y,26.942,43,CDXIG343 Curncy
24581,2025-02-20,US_IG,5Y,46.754,43,CDXIG543 Curncy
24582,2025-02-20,US_IG,7Y,67.425,43,CDXIG743 Curncy
24583,2025-02-20,US_IG,10Y,88.137,43,CDXIG043 Curncy
24584,2025-02-20,US_HY,5Y,293.3575,43,CDXHY543 BEST Curncy
24585,2025-02-20,US_HY,7Y,314.13,43,CDXHY743 BEST Curncy
24586,2025-02-20,US_HY,10Y,319.666,43,CDXHY043 BEST Curncy
24601,2025-02-21,US_HY,7Y,317.932,43,CDXHY743 BEST Curncy
24602,2025-02-21,US_HY,10Y,323.361,43,CDXHY043 BEST Curncy
24600,2025-02-21,US_HY,5Y,302.4753,43,CDXHY543 BEST Curncy
24599,2025-02-21,US_IG,10Y,89.838,43,CDXIG043 Curncy
24598,2025-02-21,US_IG,7Y,69.195,43,CDXIG743 Curncy
24597,2025-02-21,US_IG,5Y,48.47,43,CDXIG543 Curncy
24596,2025-02-21,US_IG,3Y,28.424,43,CDXIG343 Curncy
24617,2025-02-24,US_HY,7Y,320.128,43,CDXHY743 BEST Curncy
24616,2025-02-24,US_HY,5Y,302.5233,43,CDXHY543 BEST Curncy
24615,2025-02-24,US_IG,10Y,90.062,43,CDXIG043 Curncy
24618,2025-02-24,US_HY,10Y,325.414,43,CDXHY043 BEST Curncy
24613,2025-02-24,US_IG,5Y,48.748,43,CDXIG543 Curncy
24612,2025-02-24,US_IG,3Y,28.582,43,CDXIG343 Curncy
24614,2025-02-24,US_IG,7Y,68.955,43,CDXIG743 Curncy
24628,2025-02-25,US_IG,3Y,28.532,43,CDXIG343 Curncy
24629,2025-02-25,US_IG,5Y,48.609,43,CDXIG543 Curncy
24630,2025-02-25,US_IG,7Y,69.27,43,CDXIG743 Curncy
24631,2025-02-25,US_IG,10Y,89.9,43,CDXIG043 Curncy
24632,2025-02-25,US_HY,5Y,305.1387,43,CDXHY543 BEST Curncy
24633,2025-02-25,US_HY,7Y,325.923,43,CDXHY743 BEST Curncy
24634,2025-02-25,US_HY,10Y,330.727,43,CDXHY043 BEST Curncy
24649,2025-02-26,US_HY,7Y,322.89,43,CDXHY743 BEST Curncy
24650,2025-02-26,US_HY,10Y,327.944,43,CDXHY043 BEST Curncy
24648,2025-02-26,US_HY,5Y,306.1969,43,CDXHY543 BEST Curncy
24647,2025-02-26,US_IG,10Y,90.152,43,CDXIG043 Curncy
24646,2025-02-26,US_IG,7Y,69.44,43,CDXIG743 Curncy
24645,2025-02-26,US_IG,5Y,48.692,43,CDXIG543 Curncy
24644,2025-02-26,US_IG,3Y,28.553,43,CDXIG343 Curncy
24665,2025-02-27,US_HY,7Y,326.934,43,CDXHY743 BEST Curncy
24664,2025-02-27,US_HY,5Y,310.9393,43,CDXHY543 BEST Curncy
24663,2025-02-27,US_IG,10Y,91.433,43,CDXIG043 Curncy
24666,2025-02-27,US_HY,10Y,331.692,43,CDXHY043 BEST Curncy
24661,2025-02-27,US_IG,5Y,50.022,43,CDXIG543 Curncy
24660,2025-02-27,US_IG,3Y,29.783,43,CDXIG343 Curncy
24662,2025-02-27,US_IG,7Y,70.798,43,CDXIG743 Curncy
24676,2025-02-28,US_IG,3Y,29.232,43,CDXIG343 Curncy
24677,2025-02-28,US_IG,5Y,49.2,43,CDXIG543 Curncy
24678,2025-02-28,US_IG,7Y,70.146,43,CDXIG743 Curncy
24679,2025-02-28,US_IG,10Y,90.723,43,CDXIG043 Curncy
24680,2025-02-28,US_HY,5Y,314.1765,43,CDXHY543 BEST Curncy
24681,2025-02-28,US_HY,7Y,334.388,43,CDXHY743 BEST Curncy
24682,2025-02-28,US_HY,10Y,339.53,43,CDXHY043 BEST Curncy
24697,2025-03-03,US_HY,7Y,331.002,43,CDXHY743 BEST Curncy
24698,2025-03-03,US_HY,10Y,336.211,43,CDXHY043 BEST Curncy
24696,2025-03-03,US_HY,5Y,316.0714,43,CDXHY543 BEST Curncy
24695,2025-03-03,US_IG,10Y,91.692,43,CDXIG043 Curncy
24694,2025-03-03,US_IG,7Y,71.116,43,CDXIG743 Curncy
24693,2025-03-03,US_IG,5Y,50.275,43,CDXIG543 Curncy
24692,2025-03-03,US_IG,3Y,29.995,43,CDXIG343 Curncy
24713,2025-03-04,US_HY,7Y,341.152,43,CDXHY743 BEST Curncy
24712,2025-03-04,US_HY,5Y,315.6525,43,CDXHY543 BEST Curncy
24711,2025-03-04,US_IG,10Y,91.293,43,CDXIG043 Curncy
24714,2025-03-04,US_HY,10Y,345.819,43,CDXHY043 BEST Curncy
24709,2025-03-04,US_IG,5Y,49.684,43,CDXIG543 Curncy
24708,2025-03-04,US_IG,3Y,29.733,43,CDXIG343 Curncy
24710,2025-03-04,US_IG,7Y,70.684,43,CDXIG743 Curncy
24724,2025-03-05,US_IG,3Y,29.469,43,CDXIG343 Curncy
24725,2025-03-05,US_IG,5Y,49.834,43,CDXIG543 Curncy
24726,2025-03-05,US_IG,7Y,70.409,43,CDXIG743 Curncy
24727,2025-03-05,US_IG,10Y,90.955,43,CDXIG043 Curncy
24728,2025-03-05,US_HY,5Y,315.6459,43,CDXHY543 BEST Curncy
24729,2025-03-05,US_HY,7Y,337.346,43,CDXHY743 BEST Curncy
24730,2025-03-05,US_HY,10Y,342.313,43,CDXHY043 BEST Curncy
24744,2025-03-06,US_HY,5Y,330.4487,43,CDXHY543 BEST Curncy
24745,2025-03-06,US_HY,7Y,345.556,43,CDXHY743 BEST Curncy
24743,2025-03-06,US_IG,10Y,93.451,43,CDXIG043 Curncy
24746,2025-03-06,US_HY,10Y,350.025,43,CDXHY043 BEST Curncy
24741,2025-03-06,US_IG,5Y,51.926,43,CDXIG543 Curncy
24740,2025-03-06,US_IG,3Y,31.518,43,CDXIG343 Curncy
24742,2025-03-06,US_IG,7Y,72.901,43,CDXIG743 Curncy
24761,2025-03-07,US_HY,7Y,348.669,43,CDXHY743 BEST Curncy
24760,2025-03-07,US_HY,5Y,325.9388,43,CDXHY543 BEST Curncy
24759,2025-03-07,US_IG,10Y,92.866,43,CDXIG043 Curncy
24762,2025-03-07,US_HY,10Y,352.809,43,CDXHY043 BEST Curncy
24757,2025-03-07,US_IG,5Y,51.482,43,CDXIG543 Curncy
24756,2025-03-07,US_IG,3Y,31.045,43,CDXIG343 Curncy
24758,2025-03-07,US_IG,7Y,72.297,43,CDXIG743 Curncy
24772,2025-03-10,US_IG,3Y,33.673,43,CDXIG343 Curncy
24773,2025-03-10,US_IG,5Y,54.557,43,CDXIG543 Curncy
24774,2025-03-10,US_IG,7Y,75.415,43,CDXIG743 Curncy
24775,2025-03-10,US_IG,10Y,95.836,43,CDXIG043 Curncy
24776,2025-03-10,US_HY,5Y,344.3175,43,CDXHY543 BEST Curncy
24777,2025-03-10,US_HY,7Y,356.094,43,CDXHY743 BEST Curncy
24778,2025-03-10,US_HY,10Y,359.739,43,CDXHY043 BEST Curncy
24793,2025-03-11,US_HY,7Y,365.858,43,CDXHY743 BEST Curncy
24794,2025-03-11,US_HY,10Y,368.305,43,CDXHY043 BEST Curncy
24792,2025-03-11,US_HY,5Y,339.7906,43,CDXHY543 BEST Curncy
24791,2025-03-11,US_IG,10Y,96.109,43,CDXIG043 Curncy
24790,2025-03-11,US_IG,7Y,75.947,43,CDXIG743 Curncy
24789,2025-03-11,US_IG,5Y,55.529,43,CDXIG543 Curncy
24788,2025-03-11,US_IG,3Y,34.869,43,CDXIG343 Curncy
24809,2025-03-12,US_HY,7Y,358.488,43,CDXHY743 BEST Curncy
24808,2025-03-12,US_HY,5Y,339.5949,43,CDXHY543 BEST Curncy
24807,2025-03-12,US_IG,10Y,96.154,43,CDXIG043 Curncy
24810,2025-03-12,US_HY,10Y,361.277,43,CDXHY043 BEST Curncy
24805,2025-03-12,US_IG,5Y,55.495,43,CDXIG543 Curncy
24804,2025-03-12,US_IG,3Y,34.891,43,CDXIG343 Curncy
24806,2025-03-12,US_IG,7Y,76.023,43,CDXIG743 Curncy
24820,2025-03-13,US_IG,3Y,36.403,43,CDXIG343 Curncy
24821,2025-03-13,US_IG,5Y,57.332,43,CDXIG543 Curncy
24822,2025-03-13,US_IG,7Y,78.059,43,CDXIG743 Curncy
24823,2025-03-13,US_IG,10Y,98.115,43,CDXIG043 Curncy
24824,2025-03-13,US_HY,5Y,352.4216,43,CDXHY543 BEST Curncy
24825,2025-03-13,US_HY,7Y,370.988,43,CDXHY743 BEST Curncy
24826,2025-03-13,US_HY,10Y,372.473,43,CDXHY043 BEST Curncy
24840,2025-03-14,US_HY,5Y,346.9129,43,CDXHY543 BEST Curncy
24841,2025-03-14,US_HY,7Y,362.8,43,CDXHY743 BEST Curncy
24839,2025-03-14,US_IG,10Y,96.022,43,CDXIG043 Curncy
24842,2025-03-14,US_HY,10Y,364.875,43,CDXHY043 BEST Curncy
24837,2025-03-14,US_IG,5Y,55.127,43,CDXIG543 Curncy
24836,2025-03-14,US_IG,3Y,34.604,43,CDXIG343 Curncy
24838,2025-03-14,US_IG,7Y,75.847,43,CDXIG743 Curncy
24857,2025-03-17,US_HY,7Y,363.123,43,CDXHY743 BEST Curncy
24856,2025-03-17,US_HY,5Y,340.3973,43,CDXHY543 BEST Curncy
24855,2025-03-17,US_IG,10Y,94.997,43,CDXIG043 Curncy
24858,2025-03-17,US_HY,10Y,365.144,43,CDXHY043 BEST Curncy
24853,2025-03-17,US_IG,5Y,53.946,43,CDXIG543 Curncy
24852,2025-03-17,US_IG,3Y,34.074,43,CDXIG343 Curncy
24854,2025-03-17,US_IG,7Y,74.682,43,CDXIG743 Curncy
24868,2025-03-18,US_IG,3Y,34.153,43,CDXIG343 Curncy
24869,2025-03-18,US_IG,5Y,54.275,43,CDXIG543 Curncy
24870,2025-03-18,US_IG,7Y,74.645,43,CDXIG743 Curncy
24871,2025-03-18,US_IG,10Y,95.078,43,CDXIG043 Curncy
24872,2025-03-18,US_HY,5Y,346.5827,43,CDXHY543 BEST Curncy
24873,2025-03-18,US_HY,7Y,363.251,43,CDXHY743 BEST Curncy
24874,2025-03-18,US_HY,10Y,365.277,43,CDXHY043 BEST Curncy
24889,2025-03-19,US_HY,5Y,336.1623,43,CDXHY543 BEST Curncy
24891,2025-03-19,US_HY,10Y,359.703,43,CDXHY043 BEST Curncy
24888,2025-03-19,US_HY,3Y,293.385,43,CDXHY343 BEST Curncy
24890,2025-03-19,US_HY,7Y,357.385,43,CDXHY743 BEST Curncy
24886,2025-03-19,US_IG,7Y,72.845,43,CDXIG743 Curncy
24885,2025-03-19,US_IG,5Y,52.52,43,CDXIG543 Curncy
24884,2025-03-19,US_IG,3Y,32.74,43,CDXIG343 Curncy
24887,2025-03-19,US_IG,10Y,93.734,43,CDXIG043 Curncy
24901,2025-03-20,US_IG,3Y,37.967,44,CDXIG344 Curncy
24902,2025-03-20,US_IG,5Y,58.239,44,CDXIG544 Curncy
24903,2025-03-20,US_IG,7Y,78.275,44,CDXIG744 Curncy
24904,2025-03-20,US_IG,10Y,97.124,44,CDXIG044 Curncy
24914,2025-03-21,US_IG,3Y,39.572,44,CDXIG344 Curncy
24915,2025-03-21,US_IG,5Y,59.545,44,CDXIG544 Curncy
24916,2025-03-21,US_IG,7Y,80.471,44,CDXIG744 Curncy
24917,2025-03-21,US_IG,10Y,98.861,44,CDXIG044 Curncy
24930,2025-03-24,US_IG,10Y,96.21,44,CDXIG044 Curncy
24929,2025-03-24,US_IG,7Y,77.765,44,CDXIG744 Curncy
24928,2025-03-24,US_IG,5Y,57.165,44,CDXIG544 Curncy
24927,2025-03-24,US_IG,3Y,37.04,44,CDXIG344 Curncy
24940,2025-03-25,US_IG,3Y,36.587,44,CDXIG344 Curncy
24941,2025-03-25,US_IG,5Y,56.862,44,CDXIG544 Curncy
24942,2025-03-25,US_IG,7Y,77.565,44,CDXIG744 Curncy
24943,2025-03-25,US_IG,10Y,96.093,44,CDXIG044 Curncy
24953,2025-03-26,US_IG,3Y,37.547,44,CDXIG344 Curncy
24954,2025-03-26,US_IG,5Y,58.052,44,CDXIG544 Curncy
24955,2025-03-26,US_IG,7Y,78.459,44,CDXIG744 Curncy
24956,2025-03-26,US_IG,10Y,97.144,44,CDXIG044 Curncy
24970,2025-03-27,US_HY,5Y,362.7813,44,CDXHY544 BEST Curncy
24971,2025-03-27,US_HY,7Y,384.405,44,CDXHY744 BEST Curncy
24969,2025-03-27,US_IG,10Y,98.475,44,CDXIG044 Curncy
24972,2025-03-27,US_HY,10Y,389.823,44,CDXHY044 BEST Curncy
24967,2025-03-27,US_IG,5Y,59.165,44,CDXIG544 Curncy
24966,2025-03-27,US_IG,3Y,38.652,44,CDXIG344 Curncy
24968,2025-03-27,US_IG,7Y,80.027,44,CDXIG744 Curncy
24987,2025-03-28,US_HY,7Y,399.498,44,CDXHY744 BEST Curncy
24986,2025-03-28,US_HY,5Y,374.5831,44,CDXHY544 BEST Curncy
24985,2025-03-28,US_IG,10Y,100.113,44,CDXIG044 Curncy
24988,2025-03-28,US_HY,10Y,404.323,44,CDXHY044 BEST Curncy
24983,2025-03-28,US_IG,5Y,61.175,44,CDXIG544 Curncy
24982,2025-03-28,US_IG,3Y,40.465,44,CDXIG344 Curncy
24984,2025-03-28,US_IG,7Y,81.811,44,CDXIG744 Curncy
24998,2025-03-31,US_IG,3Y,40.461,44,CDXIG344 Curncy
24999,2025-03-31,US_IG,5Y,61.451,44,CDXIG544 Curncy
25000,2025-03-31,US_IG,7Y,81.914,44,CDXIG744 Curncy
25001,2025-03-31,US_IG,10Y,100.025,44,CDXIG044 Curncy
25002,2025-03-31,US_HY,5Y,379.0544,44,CDXHY544 BEST Curncy
25003,2025-03-31,US_HY,7Y,403.173,44,CDXHY744 BEST Curncy
25004,2025-03-31,US_HY,10Y,407.844,44,CDXHY044 BEST Curncy
25019,2025-04-01,US_HY,7Y,400.119,44,CDXHY744 BEST Curncy
25020,2025-04-01,US_HY,10Y,404.895,44,CDXHY044 BEST Curncy
25018,2025-04-01,US_HY,5Y,379.9589,44,CDXHY544 BEST Curncy
25017,2025-04-01,US_IG,10Y,99.512,44,CDXIG044 Curncy
25016,2025-04-01,US_IG,7Y,81.478,44,CDXIG744 Curncy
25015,2025-04-01,US_IG,5Y,60.785,44,CDXIG544 Curncy
25014,2025-04-01,US_IG,3Y,40.225,44,CDXIG344 Curncy
25035,2025-04-02,US_HY,7Y,391.422,44,CDXHY744 BEST Curncy
25034,2025-04-02,US_HY,5Y,372.9535,44,CDXHY544 BEST Curncy
25033,2025-04-02,US_IG,10Y,99.146,44,CDXIG044 Curncy
25036,2025-04-02,US_HY,10Y,396.669,44,CDXHY044 BEST Curncy
25031,2025-04-02,US_IG,5Y,59.695,44,CDXIG544 Curncy
25030,2025-04-02,US_IG,3Y,39.949,44,CDXIG344 Curncy
25032,2025-04-02,US_IG,7Y,81.126,44,CDXIG744 Curncy
25046,2025-04-03,US_IG,3Y,44.85,44,CDXIG344 Curncy
25047,2025-04-03,US_IG,5Y,67.153,44,CDXIG544 Curncy
25048,2025-04-03,US_IG,7Y,87.25,44,CDXIG744 Curncy
25049,2025-04-03,US_IG,10Y,104.583,44,CDXIG044 Curncy
25050,2025-04-03,US_HY,5Y,402.7697,44,CDXHY544 BEST Curncy
25051,2025-04-03,US_HY,7Y,424.995,44,CDXHY744 BEST Curncy
25052,2025-04-03,US_HY,10Y,428.486,44,CDXHY044 BEST Curncy
25067,2025-04-04,US_HY,7Y,468.77,44,CDXHY744 BEST Curncy
25068,2025-04-04,US_HY,10Y,469.954,44,CDXHY044 BEST Curncy
25065,2025-04-04,US_IG,10Y,110.279,44,CDXIG044 Curncy
25066,2025-04-04,US_HY,5Y,447.9388,44,CDXHY544 BEST Curncy
25064,2025-04-04,US_IG,7Y,93.503,44,CDXIG744 Curncy
25063,2025-04-04,US_IG,5Y,72.201,44,CDXIG544 Curncy
25062,2025-04-04,US_IG,3Y,49.85,44,CDXIG344 Curncy
25078,2025-04-07,US_IG,3Y,55.166,44,CDXIG344 Curncy
25079,2025-04-07,US_IG,5Y,76.52,44,CDXIG544 Curncy
25080,2025-04-07,US_IG,7Y,96.86,44,CDXIG744 Curncy
25081,2025-04-07,US_IG,10Y,112.686,44,CDXIG044 Curncy
25082,2025-04-07,US_HY,5Y,452.7273,44,CDXHY544 BEST Curncy
25083,2025-04-07,US_HY,7Y,468.415,44,CDXHY744 BEST Curncy
25084,2025-04-07,US_HY,10Y,466.792,44,CDXHY044 BEST Curncy
25100,2025-04-08,US_HY,10Y,464.279,44,CDXHY044 BEST Curncy
25099,2025-04-08,US_HY,7Y,465.778,44,CDXHY744 BEST Curncy
25098,2025-04-08,US_HY,5Y,467.0798,44,CDXHY544 BEST Curncy
25094,2025-04-08,US_IG,3Y,59.082,44,CDXIG344 Curncy
25096,2025-04-08,US_IG,7Y,100.826,44,CDXIG744 Curncy
25095,2025-04-08,US_IG,5Y,81.052,44,CDXIG544 Curncy
25097,2025-04-08,US_IG,10Y,115.931,44,CDXIG044 Curncy
25115,2025-04-09,US_HY,5Y,426.0084,44,CDXHY544 BEST Curncy
25117,2025-04-09,US_HY,10Y,489.36,44,CDXHY044 BEST Curncy
25116,2025-04-09,US_HY,7Y,492.34,44,CDXHY744 BEST Curncy
25114,2025-04-09,US_HY,3Y,361.777,44,CDXHY344 BEST Curncy
25113,2025-04-09,US_IG,10Y,103.993,44,CDXIG044 Curncy
25112,2025-04-09,US_IG,7Y,87.136,44,CDXIG744 Curncy
25111,2025-04-09,US_IG,5Y,67.982,44,CDXIG544 Curncy
25110,2025-04-09,US_IG,3Y,47.563,44,CDXIG344 Curncy
25134,2025-04-10,US_HY,10Y,453.502,44,CDXHY044 BEST Curncy
25132,2025-04-10,US_HY,5Y,430.8075,44,CDXHY544 BEST Curncy
25131,2025-04-10,US_HY,3Y,361.154,44,CDXHY344 BEST Curncy
25133,2025-04-10,US_HY,7Y,454.135,44,CDXHY744 BEST Curncy
25129,2025-04-10,US_IG,7Y,94.534,44,CDXIG744 Curncy
25128,2025-04-10,US_IG,5Y,74.8,44,CDXIG544 Curncy
25127,2025-04-10,US_IG,3Y,52.722,44,CDXIG344 Curncy
25130,2025-04-10,US_IG,10Y,110.344,44,CDXIG044 Curncy
25150,2025-04-11,US_HY,7Y,449.234,44,CDXHY744 BEST Curncy
25144,2025-04-11,US_IG,3Y,51.577,44,CDXIG344 Curncy
25145,2025-04-11,US_IG,5Y,72.978,44,CDXIG544 Curncy
25146,2025-04-11,US_IG,7Y,92.565,44,CDXIG744 Curncy
25147,2025-04-11,US_IG,10Y,108.087,44,CDXIG044 Curncy
25148,2025-04-11,US_HY,3Y,361.203,44,CDXHY344 BEST Curncy
25149,2025-04-11,US_HY,5Y,431.8149,44,CDXHY544 BEST Curncy
25151,2025-04-11,US_HY,10Y,448.799,44,CDXHY044 BEST Curncy
25166,2025-04-14,US_HY,5Y,422.0183,44,CDXHY544 BEST Curncy
25168,2025-04-14,US_HY,10Y,439.197,44,CDXHY044 BEST Curncy
25165,2025-04-14,US_HY,3Y,360.647,44,CDXHY344 BEST Curncy
25167,2025-04-14,US_HY,7Y,438.986,44,CDXHY744 BEST Curncy
25163,2025-04-14,US_IG,7Y,90.762,44,CDXIG744 Curncy
25162,2025-04-14,US_IG,5Y,70.99,44,CDXIG544 Curncy
25164,2025-04-14,US_IG,10Y,106.733,44,CDXIG044 Curncy
25161,2025-04-14,US_IG,3Y,50.683,44,CDXIG344 Curncy
25184,2025-04-15,US_HY,7Y,435.41,44,CDXHY744 BEST Curncy
25183,2025-04-15,US_HY,5Y,422.4182,44,CDXHY544 BEST Curncy
25182,2025-04-15,US_HY,3Y,360.751,44,CDXHY344 BEST Curncy
25185,2025-04-15,US_HY,10Y,435.822,44,CDXHY044 BEST Curncy
25180,2025-04-15,US_IG,7Y,90.021,44,CDXIG744 Curncy
25179,2025-04-15,US_IG,5Y,69.824,44,CDXIG544 Curncy
25178,2025-04-15,US_IG,3Y,49.679,44,CDXIG344 Curncy
25181,2025-04-15,US_IG,10Y,106.323,44,CDXIG044 Curncy
25195,2025-04-16,US_IG,3Y,51.495,44,CDXIG344 Curncy
25196,2025-04-16,US_IG,5Y,71.758,44,CDXIG544 Curncy
25197,2025-04-16,US_IG,7Y,92.012,44,CDXIG744 Curncy
25198,2025-04-16,US_IG,10Y,108.514,44,CDXIG044 Curncy
25199,2025-04-16,US_HY,3Y,360.721,44,CDXHY344 BEST Curncy
25200,2025-04-16,US_HY,5Y,435.5393,44,CDXHY544 BEST Curncy
25201,2025-04-16,US_HY,7Y,437.724,44,CDXHY744 BEST Curncy
25202,2025-04-16,US_HY,10Y,438.014,44,CDXHY044 BEST Curncy
25218,2025-04-17,US_HY,10Y,438.152,44,CDXHY044 BEST Curncy
25217,2025-04-17,US_HY,7Y,437.826,44,CDXHY744 BEST Curncy
25216,2025-04-17,US_HY,5Y,422.3005,44,CDXHY544 BEST Curncy
25213,2025-04-17,US_IG,5Y,70.019,44,CDXIG544 Curncy
25214,2025-04-17,US_IG,10Y,107.441,44,CDXIG044 Curncy
25212,2025-04-17,US_IG,3Y,50.359,44,CDXIG344 Curncy
25215,2025-04-17,US_HY,3Y,360.736,44,CDXHY344 BEST Curncy
25224,2025-04-18,US_IG,3Y,50.163,44,CDXIG344 Curncy
25225,2025-04-18,US_HY,3Y,360.573,44,CDXHY344 BEST Curncy
25226,2025-04-18,US_HY,5Y,424.1101,44,CDXHY544 BEST Curncy
25227,2025-04-18,US_HY,7Y,436.813,44,CDXHY744 BEST Curncy
25228,2025-04-18,US_HY,10Y,437.165,44,CDXHY044 BEST Curncy
25237,2025-04-21,US_HY,10Y,456.29,44,CDXHY044 BEST Curncy
25236,2025-04-21,US_HY,7Y,457.186,44,CDXHY744 BEST Curncy
25235,2025-04-21,US_HY,5Y,445.773,44,CDXHY544 BEST Curncy
25234,2025-04-21,US_HY,3Y,360.247,44,CDXHY344 BEST Curncy
25231,2025-04-21,US_IG,5Y,73.755,44,CDXIG544 Curncy
25232,2025-04-21,US_IG,7Y,94.32,44,CDXIG744 Curncy
25230,2025-04-21,US_IG,3Y,53.607,44,CDXIG344 Curncy
25233,2025-04-21,US_IG,10Y,110.359,44,CDXIG044 Curncy
25254,2025-04-22,US_HY,10Y,443.083,44,CDXHY044 BEST Curncy
25253,2025-04-22,US_HY,7Y,443.342,44,CDXHY744 BEST Curncy
25251,2025-04-22,US_HY,3Y,360.266,44,CDXHY344 BEST Curncy
25252,2025-04-22,US_HY,5Y,432.1295,44,CDXHY544 BEST Curncy
25249,2025-04-22,US_IG,7Y,92.411,44,CDXIG744 Curncy
25247,2025-04-22,US_IG,3Y,52.192,44,CDXIG344 Curncy
25250,2025-04-22,US_IG,10Y,108.623,44,CDXIG044 Curncy
25248,2025-04-22,US_IG,5Y,72.265,44,CDXIG544 Curncy
25271,2025-04-23,US_HY,10Y,429.012,44,CDXHY044 BEST Curncy
25264,2025-04-23,US_IG,3Y,49.168,44,CDXIG344 Curncy
25265,2025-04-23,US_IG,5Y,68.808,44,CDXIG544 Curncy
25266,2025-04-23,US_IG,7Y,89.46,44,CDXIG744 Curncy
25267,2025-04-23,US_IG,10Y,106.151,44,CDXIG044 Curncy
25268,2025-04-23,US_HY,3Y,360.074,44,CDXHY344 BEST Curncy
25269,2025-04-23,US_HY,5Y,413.7625,44,CDXHY544 BEST Curncy
25270,2025-04-23,US_HY,7Y,428.47,44,CDXHY744 BEST Curncy
25288,2025-04-24,US_HY,10Y,420.67,44,CDXHY044 BEST Curncy
25287,2025-04-24,US_HY,7Y,419.64,44,CDXHY744 BEST Curncy
25286,2025-04-24,US_HY,5Y,405.1549,44,CDXHY544 BEST Curncy
25285,2025-04-24,US_HY,3Y,359.864,44,CDXHY344 BEST Curncy
25282,2025-04-24,US_IG,5Y,66.419,44,CDXIG544 Curncy
25283,2025-04-24,US_IG,7Y,86.867,44,CDXIG744 Curncy
25281,2025-04-24,US_IG,3Y,46.952,44,CDXIG344 Curncy
25284,2025-04-24,US_IG,10Y,103.626,44,CDXIG044 Curncy
25302,2025-04-25,US_HY,3Y,359.896,44,CDXHY344 BEST Curncy
25304,2025-04-25,US_HY,7Y,417.213,44,CDXHY744 BEST Curncy
25303,2025-04-25,US_HY,5Y,405.2726,44,CDXHY544 BEST Curncy
25305,2025-04-25,US_HY,10Y,418.54,44,CDXHY044 BEST Curncy
25301,2025-04-25,US_IG,10Y,103.642,44,CDXIG044 Curncy
25299,2025-04-25,US_IG,5Y,66.417,44,CDXIG544 Curncy
25298,2025-04-25,US_IG,3Y,46.372,44,CDXIG344 Curncy
25300,2025-04-25,US_IG,7Y,86.923,44,CDXIG744 Curncy
25315,2025-04-28,US_IG,3Y,46.833,44,CDXIG344 Curncy
25316,2025-04-28,US_IG,5Y,67.295,44,CDXIG544 Curncy
25317,2025-04-28,US_IG,7Y,87.569,44,CDXIG744 Curncy
25318,2025-04-28,US_IG,10Y,104.349,44,CDXIG044 Curncy
25319,2025-04-28,US_HY,3Y,359.612,44,CDXHY344 BEST Curncy
25320,2025-04-28,US_HY,5Y,408.9778,44,CDXHY544 BEST Curncy
25321,2025-04-28,US_HY,7Y,424.071,44,CDXHY744 BEST Curncy
25322,2025-04-28,US_HY,10Y,424.772,44,CDXHY044 BEST Curncy
25339,2025-04-29,US_HY,10Y,420.42,44,CDXHY044 BEST Curncy
25338,2025-04-29,US_HY,7Y,419.405,44,CDXHY744 BEST Curncy
25337,2025-04-29,US_HY,5Y,403.922,44,CDXHY544 BEST Curncy
25336,2025-04-29,US_HY,3Y,359.648,44,CDXHY344 BEST Curncy
25332,2025-04-29,US_IG,3Y,46.559,44,CDXIG344 Curncy
25334,2025-04-29,US_IG,7Y,87.313,44,CDXIG744 Curncy
25333,2025-04-29,US_IG,5Y,66.99,44,CDXIG544 Curncy
25335,2025-04-29,US_IG,10Y,104.175,44,CDXIG044 Curncy
25354,2025-04-30,US_HY,5Y,416.9292,44,CDXHY544 BEST Curncy
25356,2025-04-30,US_HY,10Y,428.898,44,CDXHY044 BEST Curncy
25355,2025-04-30,US_HY,7Y,428.375,44,CDXHY744 BEST Curncy
25353,2025-04-30,US_HY,3Y,359.653,44,CDXHY344 BEST Curncy
25349,2025-04-30,US_IG,3Y,46.871,44,CDXIG344 Curncy
25351,2025-04-30,US_IG,7Y,88.044,44,CDXIG744 Curncy
25350,2025-04-30,US_IG,5Y,67.118,44,CDXIG544 Curncy
25352,2025-04-30,US_IG,10Y,104.811,44,CDXIG044 Curncy
25372,2025-05-01,US_HY,7Y,420.337,44,CDXHY744 BEST Curncy
25371,2025-05-01,US_HY,5Y,406.8767,44,CDXHY544 BEST Curncy
25370,2025-05-01,US_HY,3Y,359.647,44,CDXHY344 BEST Curncy
25373,2025-05-01,US_HY,10Y,421.259,44,CDXHY044 BEST Curncy
25368,2025-05-01,US_IG,7Y,87.947,44,CDXIG744 Curncy
25367,2025-05-01,US_IG,5Y,67.49,44,CDXIG544 Curncy
25366,2025-05-01,US_IG,3Y,46.66,44,CDXIG344 Curncy
25369,2025-05-01,US_IG,10Y,104.657,44,CDXIG044 Curncy
25383,2025-05-02,US_IG,3Y,44.044,44,CDXIG344 Curncy
25384,2025-05-02,US_IG,5Y,64.328,44,CDXIG544 Curncy
25385,2025-05-02,US_IG,7Y,84.979,44,CDXIG744 Curncy
25386,2025-05-02,US_IG,10Y,101.882,44,CDXIG044 Curncy
25387,2025-05-02,US_HY,3Y,359.362,44,CDXHY344 BEST Curncy
25388,2025-05-02,US_HY,5Y,391.4646,44,CDXHY544 BEST Curncy
25389,2025-05-02,US_HY,7Y,406.386,44,CDXHY744 BEST Curncy
25390,2025-05-02,US_HY,10Y,408.017,44,CDXHY044 BEST Curncy
25400,2025-05-05,US_HY,7Y,402.32,44,CDXHY744 BEST Curncy
25401,2025-05-05,US_HY,10Y,404.265,44,CDXHY044 BEST Curncy
25399,2025-05-05,US_HY,5Y,387.5119,44,CDXHY544 BEST Curncy
25398,2025-05-05,US_HY,3Y,358.766,44,CDXHY344 BEST Curncy
25396,2025-05-05,US_IG,7Y,83.993,44,CDXIG744 Curncy
25395,2025-05-05,US_IG,5Y,63.693,44,CDXIG544 Curncy
25394,2025-05-05,US_IG,3Y,43.114,44,CDXIG344 Curncy
25397,2025-05-05,US_IG,10Y,100.922,44,CDXIG044 Curncy
25418,2025-05-06,US_HY,10Y,409.199,44,CDXHY044 BEST Curncy
25416,2025-05-06,US_HY,5Y,393.2606,44,CDXHY544 BEST Curncy
25415,2025-05-06,US_HY,3Y,358.626,44,CDXHY344 BEST Curncy
25417,2025-05-06,US_HY,7Y,407.535,44,CDXHY744 BEST Curncy
25413,2025-05-06,US_IG,7Y,84.972,44,CDXIG744 Curncy
25412,2025-05-06,US_IG,5Y,64.764,44,CDXIG544 Curncy
25411,2025-05-06,US_IG,3Y,43.9,44,CDXIG344 Curncy
25414,2025-05-06,US_IG,10Y,101.999,44,CDXIG044 Curncy
25435,2025-05-07,US_HY,10Y,406.756,44,CDXHY044 BEST Curncy
25428,2025-05-07,US_IG,3Y,43.146,44,CDXIG344 Curncy
25429,2025-05-07,US_IG,5Y,63.414,44,CDXIG544 Curncy
25430,2025-05-07,US_IG,7Y,84.159,44,CDXIG744 Curncy
25431,2025-05-07,US_IG,10Y,101.27,44,CDXIG044 Curncy
25432,2025-05-07,US_HY,3Y,358.649,44,CDXHY344 BEST Curncy
25433,2025-05-07,US_HY,5Y,393.5831,44,CDXHY544 BEST Curncy
25434,2025-05-07,US_HY,7Y,404.906,44,CDXHY744 BEST Curncy
25451,2025-05-08,US_HY,7Y,393.294,44,CDXHY744 BEST Curncy
25450,2025-05-08,US_HY,5Y,381.6757,44,CDXHY544 BEST Curncy
25452,2025-05-08,US_HY,10Y,395.666,44,CDXHY044 BEST Curncy
25449,2025-05-08,US_HY,3Y,358.543,44,CDXHY344 BEST Curncy
25445,2025-05-08,US_IG,3Y,41.222,44,CDXIG344 Curncy
25447,2025-05-08,US_IG,7Y,82.092,44,CDXIG744 Curncy
25446,2025-05-08,US_IG,5Y,61.368,44,CDXIG544 Curncy
25448,2025-05-08,US_IG,10Y,99.525,44,CDXIG044 Curncy
25462,2025-05-09,US_IG,3Y,41.407,44,CDXIG344 Curncy
25463,2025-05-09,US_IG,5Y,61.858,44,CDXIG544 Curncy
25464,2025-05-09,US_IG,7Y,82.159,44,CDXIG744 Curncy
25465,2025-05-09,US_IG,10Y,99.685,44,CDXIG044 Curncy
25466,2025-05-09,US_HY,3Y,358.201,44,CDXHY344 BEST Curncy
25467,2025-05-09,US_HY,5Y,383.6218,44,CDXHY544 BEST Curncy
25468,2025-05-09,US_HY,7Y,397.771,44,CDXHY744 BEST Curncy
25469,2025-05-09,US_HY,10Y,400.0,44,CDXHY044 BEST Curncy
25486,2025-05-12,US_HY,10Y,374.087,44,CDXHY044 BEST Curncy
25485,2025-05-12,US_HY,7Y,370.465,44,CDXHY744 BEST Curncy
25484,2025-05-12,US_HY,5Y,354.5455,44,CDXHY544 BEST Curncy
25483,2025-05-12,US_HY,3Y,357.857,44,CDXHY344 BEST Curncy
25479,2025-05-12,US_IG,3Y,35.865,44,CDXIG344 Curncy
25481,2025-05-12,US_IG,7Y,76.282,44,CDXIG744 Curncy
25480,2025-05-12,US_IG,5Y,55.483,44,CDXIG544 Curncy
25482,2025-05-12,US_IG,10Y,94.527,44,CDXIG044 Curncy
25501,2025-05-13,US_HY,5Y,341.948,44,CDXHY544 BEST Curncy
25503,2025-05-13,US_HY,10Y,359.649,44,CDXHY044 BEST Curncy
25502,2025-05-13,US_HY,7Y,355.234,44,CDXHY744 BEST Curncy
25500,2025-05-13,US_HY,3Y,357.501,44,CDXHY344 BEST Curncy
25496,2025-05-13,US_IG,3Y,33.59,44,CDXIG344 Curncy
25498,2025-05-13,US_IG,7Y,74.881,44,CDXIG744 Curncy
25497,2025-05-13,US_IG,5Y,54.078,44,CDXIG544 Curncy
25499,2025-05-13,US_IG,10Y,93.339,44,CDXIG044 Curncy
25513,2025-05-14,US_IG,3Y,35.157,44,CDXIG344 Curncy
25514,2025-05-14,US_IG,5Y,55.75,44,CDXIG544 Curncy
25515,2025-05-14,US_IG,7Y,76.649,44,CDXIG744 Curncy
25516,2025-05-14,US_IG,10Y,95.042,44,CDXIG044 Curncy
25517,2025-05-14,US_HY,3Y,357.406,44,CDXHY344 BEST Curncy
25518,2025-05-14,US_HY,5Y,348.9895,44,CDXHY544 BEST Curncy
25519,2025-05-14,US_HY,7Y,361.588,44,CDXHY744 BEST Curncy
25520,2025-05-14,US_HY,10Y,365.719,44,CDXHY044 BEST Curncy
25537,2025-05-15,US_HY,10Y,367.627,44,CDXHY044 BEST Curncy
25536,2025-05-15,US_HY,7Y,363.634,44,CDXHY744 BEST Curncy
25535,2025-05-15,US_HY,5Y,350.1255,44,CDXHY544 BEST Curncy
25534,2025-05-15,US_HY,3Y,357.206,44,CDXHY344 BEST Curncy
25532,2025-05-15,US_IG,7Y,75.782,44,CDXIG744 Curncy
25531,2025-05-15,US_IG,5Y,54.994,44,CDXIG544 Curncy
25530,2025-05-15,US_IG,3Y,34.356,44,CDXIG344 Curncy
25533,2025-05-15,US_IG,10Y,94.17,44,CDXIG044 Curncy
25547,2025-05-16,US_IG,3Y,34.095,44,CDXIG344 Curncy
25548,2025-05-16,US_IG,5Y,54.708,44,CDXIG544 Curncy
25549,2025-05-16,US_IG,7Y,75.309,44,CDXIG744 Curncy
25550,2025-05-16,US_IG,10Y,93.693,44,CDXIG044 Curncy
25551,2025-05-16,US_HY,3Y,357.285,44,CDXHY344 BEST Curncy
25552,2025-05-16,US_HY,5Y,346.962,44,CDXHY544 BEST Curncy
25553,2025-05-16,US_HY,7Y,362.757,44,CDXHY744 BEST Curncy
25554,2025-05-16,US_HY,10Y,359.961,44,CDXHY044 BEST Curncy
25570,2025-05-19,US_HY,7Y,362.035,44,CDXHY744 BEST Curncy
25569,2025-05-19,US_HY,5Y,349.6519,44,CDXHY544 BEST Curncy
25568,2025-05-19,US_HY,3Y,356.867,44,CDXHY344 BEST Curncy
25571,2025-05-19,US_HY,10Y,359.422,44,CDXHY044 BEST Curncy
25566,2025-05-19,US_IG,7Y,75.849,44,CDXIG744 Curncy
25565,2025-05-19,US_IG,5Y,54.98,44,CDXIG544 Curncy
25564,2025-05-19,US_IG,3Y,34.516,44,CDXIG344 Curncy
25567,2025-05-19,US_IG,10Y,94.01,44,CDXIG044 Curncy
25587,2025-05-20,US_HY,7Y,361.204,44,CDXHY744 BEST Curncy
25586,2025-05-20,US_HY,5Y,348.7686,44,CDXHY544 BEST Curncy
25585,2025-05-20,US_HY,3Y,356.827,44,CDXHY344 BEST Curncy
25588,2025-05-20,US_HY,10Y,358.529,44,CDXHY044 BEST Curncy
25583,2025-05-20,US_IG,7Y,75.802,44,CDXIG744 Curncy
25582,2025-05-20,US_IG,5Y,55.292,44,CDXIG544 Curncy
25581,2025-05-20,US_IG,3Y,34.573,44,CDXIG344 Curncy
25584,2025-05-20,US_IG,10Y,94.115,44,CDXIG044 Curncy
25598,2025-05-21,US_IG,3Y,37.644,44,CDXIG344 Curncy
25599,2025-05-21,US_IG,5Y,58.441,44,CDXIG544 Curncy
25600,2025-05-21,US_IG,7Y,79.325,44,CDXIG744 Curncy
25601,2025-05-21,US_IG,10Y,96.443,44,CDXIG044 Curncy
25602,2025-05-21,US_HY,3Y,356.758,44,CDXHY344 BEST Curncy
25603,2025-05-21,US_HY,5Y,362.3424,44,CDXHY544 BEST Curncy
25604,2025-05-21,US_HY,7Y,366.161,44,CDXHY744 BEST Curncy
25605,2025-05-21,US_HY,10Y,363.294,44,CDXHY044 BEST Curncy
25620,2025-05-22,US_HY,5Y,360.0346,44,CDXHY544 BEST Curncy
25622,2025-05-22,US_HY,10Y,371.081,44,CDXHY044 BEST Curncy
25619,2025-05-22,US_HY,3Y,356.573,44,CDXHY344 BEST Curncy
25621,2025-05-22,US_HY,7Y,374.653,44,CDXHY744 BEST Curncy
25617,2025-05-22,US_IG,7Y,78.311,44,CDXIG744 Curncy
25615,2025-05-22,US_IG,3Y,37.436,44,CDXIG344 Curncy
25618,2025-05-22,US_IG,10Y,96.745,44,CDXIG044 Curncy
25616,2025-05-22,US_IG,5Y,57.939,44,CDXIG544 Curncy
25639,2025-05-23,US_HY,10Y,371.243,44,CDXHY044 BEST Curncy
25638,2025-05-23,US_HY,7Y,374.741,44,CDXHY744 BEST Curncy
25636,2025-05-23,US_HY,3Y,356.497,44,CDXHY344 BEST Curncy
25637,2025-05-23,US_HY,5Y,369.1181,44,CDXHY544 BEST Curncy
25634,2025-05-23,US_IG,7Y,80.348,44,CDXIG744 Curncy
25633,2025-05-23,US_IG,5Y,59.526,44,CDXIG544 Curncy
25632,2025-05-23,US_IG,3Y,38.872,44,CDXIG344 Curncy
25635,2025-05-23,US_IG,10Y,98.334,44,CDXIG044 Curncy
25643,2025-05-26,US_IG,3Y,38.994,44,CDXIG344 Curncy
25644,2025-05-26,US_HY,3Y,356.184,44,CDXHY344 BEST Curncy
25645,2025-05-26,US_HY,5Y,369.0244,44,CDXHY544 BEST Curncy
25646,2025-05-26,US_HY,7Y,382.153,44,CDXHY744 BEST Curncy
25647,2025-05-26,US_HY,10Y,378.076,44,CDXHY044 BEST Curncy
25662,2025-05-27,US_HY,5Y,353.4256,44,CDXHY544 BEST Curncy
25663,2025-05-27,US_HY,7Y,367.018,44,CDXHY744 BEST Curncy
25664,2025-05-27,US_HY,10Y,363.84,44,CDXHY044 BEST Curncy
25661,2025-05-27,US_HY,3Y,356.075,44,CDXHY344 BEST Curncy
25659,2025-05-27,US_IG,7Y,76.528,44,CDXIG744 Curncy
25658,2025-05-27,US_IG,5Y,55.708,44,CDXIG544 Curncy
25657,2025-05-27,US_IG,3Y,35.493,44,CDXIG344 Curncy
25660,2025-05-27,US_IG,10Y,94.528,44,CDXIG044 Curncy
25680,2025-05-28,US_HY,7Y,365.353,44,CDXHY744 BEST Curncy
25679,2025-05-28,US_HY,5Y,352.3212,44,CDXHY544 BEST Curncy
25678,2025-05-28,US_HY,3Y,356.025,44,CDXHY344 BEST Curncy
25681,2025-05-28,US_HY,10Y,362.413,44,CDXHY044 BEST Curncy
25676,2025-05-28,US_IG,7Y,76.958,44,CDXIG744 Curncy
25675,2025-05-28,US_IG,5Y,56.082,44,CDXIG544 Curncy
25674,2025-05-28,US_IG,3Y,35.472,44,CDXIG344 Curncy
25677,2025-05-28,US_IG,10Y,94.807,44,CDXIG044 Curncy
25691,2025-05-29,US_IG,3Y,35.45,44,CDXIG344 Curncy
25692,2025-05-29,US_IG,5Y,56.131,44,CDXIG544 Curncy
25693,2025-05-29,US_IG,7Y,77.096,44,CDXIG744 Curncy
25694,2025-05-29,US_IG,10Y,94.98,44,CDXIG044 Curncy
25695,2025-05-29,US_HY,3Y,355.864,44,CDXHY344 BEST Curncy
25696,2025-05-29,US_HY,5Y,353.3254,44,CDXHY544 BEST Curncy
25697,2025-05-29,US_HY,7Y,366.097,44,CDXHY744 BEST Curncy
25698,2025-05-29,US_HY,10Y,363.063,44,CDXHY044 BEST Curncy
25713,2025-05-30,US_HY,5Y,352.7247,44,CDXHY544 BEST Curncy
25715,2025-05-30,US_HY,10Y,365.326,44,CDXHY044 BEST Curncy
25712,2025-05-30,US_HY,3Y,355.858,44,CDXHY344 BEST Curncy
25714,2025-05-30,US_HY,7Y,368.552,44,CDXHY744 BEST Curncy
25710,2025-05-30,US_IG,7Y,77.002,44,CDXIG744 Curncy
25709,2025-05-30,US_IG,5Y,56.16,44,CDXIG544 Curncy
25708,2025-05-30,US_IG,3Y,35.205,44,CDXIG344 Curncy
25711,2025-05-30,US_IG,10Y,94.965,44,CDXIG044 Curncy
25725,2025-06-02,US_IG,3Y,34.711,44,CDXIG344 Curncy
25726,2025-06-02,US_IG,5Y,55.341,44,CDXIG544 Curncy
25727,2025-06-02,US_IG,7Y,76.179,44,CDXIG744 Curncy
25728,2025-06-02,US_IG,10Y,94.248,44,CDXIG044 Curncy
25729,2025-06-02,US_HY,3Y,355.575,44,CDXHY344 BEST Curncy
25730,2025-06-02,US_HY,5Y,349.4158,44,CDXHY544 BEST Curncy
25731,2025-06-02,US_HY,7Y,364.122,44,CDXHY744 BEST Curncy
25732,2025-06-02,US_HY,10Y,361.166,44,CDXHY044 BEST Curncy
25748,2025-06-03,US_HY,7Y,358.403,44,CDXHY744 BEST Curncy
25747,2025-06-03,US_HY,5Y,345.5342,44,CDXHY544 BEST Curncy
25746,2025-06-03,US_HY,3Y,355.394,44,CDXHY344 BEST Curncy
25749,2025-06-03,US_HY,10Y,355.822,44,CDXHY044 BEST Curncy
25744,2025-06-03,US_IG,7Y,75.734,44,CDXIG744 Curncy
25743,2025-06-03,US_IG,5Y,54.959,44,CDXIG544 Curncy
25742,2025-06-03,US_IG,3Y,34.283,44,CDXIG344 Curncy
25745,2025-06-03,US_IG,10Y,93.887,44,CDXIG044 Curncy
25765,2025-06-04,US_HY,7Y,357.976,44,CDXHY744 BEST Curncy
25764,2025-06-04,US_HY,5Y,344.7565,44,CDXHY544 BEST Curncy
25763,2025-06-04,US_HY,3Y,355.286,44,CDXHY344 BEST Curncy
25766,2025-06-04,US_HY,10Y,355.338,44,CDXHY044 BEST Curncy
25761,2025-06-04,US_IG,7Y,75.958,44,CDXIG744 Curncy
25760,2025-06-04,US_IG,5Y,55.16,44,CDXIG544 Curncy
25759,2025-06-04,US_IG,3Y,34.46,44,CDXIG344 Curncy
25762,2025-06-04,US_IG,10Y,94.21,44,CDXIG044 Curncy
25776,2025-06-05,US_IG,3Y,34.747,44,CDXIG344 Curncy
25777,2025-06-05,US_IG,5Y,55.661,44,CDXIG544 Curncy
25778,2025-06-05,US_IG,7Y,76.378,44,CDXIG744 Curncy
25779,2025-06-05,US_IG,10Y,94.719,44,CDXIG044 Curncy
25780,2025-06-05,US_HY,3Y,355.322,44,CDXHY344 BEST Curncy
25781,2025-06-05,US_HY,5Y,345.8745,44,CDXHY544 BEST Curncy
25782,2025-06-05,US_HY,7Y,358.082,44,CDXHY744 BEST Curncy
25783,2025-06-05,US_HY,10Y,355.469,44,CDXHY044 BEST Curncy
25798,2025-06-06,US_HY,5Y,339.6315,44,CDXHY544 BEST Curncy
25799,2025-06-06,US_HY,7Y,353.019,44,CDXHY744 BEST Curncy
25797,2025-06-06,US_HY,3Y,355.112,44,CDXHY344 BEST Curncy
25800,2025-06-06,US_HY,10Y,350.107,44,CDXHY044 BEST Curncy
25795,2025-06-06,US_IG,7Y,74.772,44,CDXIG744 Curncy
25793,2025-06-06,US_IG,3Y,33.536,44,CDXIG344 Curncy
25796,2025-06-06,US_IG,10Y,93.166,44,CDXIG044 Curncy
25794,2025-06-06,US_IG,5Y,54.006,44,CDXIG544 Curncy
25817,2025-06-09,US_HY,10Y,347.481,44,CDXHY044 BEST Curncy
25810,2025-06-09,US_IG,3Y,33.278,44,CDXIG344 Curncy
25811,2025-06-09,US_IG,5Y,53.913,44,CDXIG544 Curncy
25812,2025-06-09,US_IG,7Y,74.526,44,CDXIG744 Curncy
25813,2025-06-09,US_IG,10Y,92.907,44,CDXIG044 Curncy
25814,2025-06-09,US_HY,3Y,354.529,44,CDXHY344 BEST Curncy
25815,2025-06-09,US_HY,5Y,337.618,44,CDXHY544 BEST Curncy
25816,2025-06-09,US_HY,7Y,350.09,44,CDXHY744 BEST Curncy
25834,2025-06-10,US_HY,10Y,346.522,44,CDXHY044 BEST Curncy
25833,2025-06-10,US_HY,7Y,349.116,44,CDXHY744 BEST Curncy
25832,2025-06-10,US_HY,5Y,336.5078,44,CDXHY544 BEST Curncy
25831,2025-06-10,US_HY,3Y,354.472,44,CDXHY344 BEST Curncy
25828,2025-06-10,US_IG,5Y,53.087,44,CDXIG544 Curncy
25829,2025-06-10,US_IG,7Y,73.823,44,CDXIG744 Curncy
25827,2025-06-10,US_IG,3Y,32.626,44,CDXIG344 Curncy
25830,2025-06-10,US_IG,10Y,92.488,44,CDXIG044 Curncy
25848,2025-06-11,US_HY,3Y,354.382,44,CDXHY344 BEST Curncy
25850,2025-06-11,US_HY,7Y,346.105,44,CDXHY744 BEST Curncy
25849,2025-06-11,US_HY,5Y,335.3131,44,CDXHY544 BEST Curncy
25851,2025-06-11,US_HY,10Y,343.703,44,CDXHY044 BEST Curncy
25847,2025-06-11,US_IG,10Y,92.687,44,CDXIG044 Curncy
25845,2025-06-11,US_IG,5Y,53.267,44,CDXIG544 Curncy
25844,2025-06-11,US_IG,3Y,32.795,44,CDXIG344 Curncy
25846,2025-06-11,US_IG,7Y,74.108,44,CDXIG744 Curncy
25861,2025-06-12,US_IG,3Y,33.195,44,CDXIG344 Curncy
25862,2025-06-12,US_IG,5Y,53.846,44,CDXIG544 Curncy
25863,2025-06-12,US_IG,7Y,74.539,44,CDXIG744 Curncy
25864,2025-06-12,US_IG,10Y,93.075,44,CDXIG044 Curncy
25865,2025-06-12,US_HY,3Y,354.411,44,CDXHY344 BEST Curncy
25866,2025-06-12,US_HY,5Y,336.8831,44,CDXHY544 BEST Curncy
25867,2025-06-12,US_HY,7Y,349.546,44,CDXHY744 BEST Curncy
25868,2025-06-12,US_HY,10Y,346.895,44,CDXHY044 BEST Curncy
25885,2025-06-13,US_HY,10Y,352.33,44,CDXHY044 BEST Curncy
25884,2025-06-13,US_HY,7Y,355.363,44,CDXHY744 BEST Curncy
25883,2025-06-13,US_HY,5Y,347.3351,44,CDXHY544 BEST Curncy
25882,2025-06-13,US_HY,3Y,354.374,44,CDXHY344 BEST Curncy
25878,2025-06-13,US_IG,3Y,35.199,44,CDXIG344 Curncy
25880,2025-06-13,US_IG,7Y,76.786,44,CDXIG744 Curncy
25879,2025-06-13,US_IG,5Y,55.892,44,CDXIG544 Curncy
25881,2025-06-13,US_IG,10Y,95.068,44,CDXIG044 Curncy
25900,2025-06-16,US_HY,5Y,338.9091,44,CDXHY544 BEST Curncy
25902,2025-06-16,US_HY,10Y,347.273,44,CDXHY044 BEST Curncy
25901,2025-06-16,US_HY,7Y,349.94,44,CDXHY744 BEST Curncy
25899,2025-06-16,US_HY,3Y,353.939,44,CDXHY344 BEST Curncy
25896,2025-06-16,US_IG,5Y,54.284,44,CDXIG544 Curncy
25897,2025-06-16,US_IG,7Y,75.176,44,CDXIG744 Curncy
25898,2025-06-16,US_IG,10Y,93.653,44,CDXIG044 Curncy
25895,2025-06-16,US_IG,3Y,33.79,44,CDXIG344 Curncy
25918,2025-06-17,US_HY,7Y,357.742,44,CDXHY744 BEST Curncy
25917,2025-06-17,US_HY,5Y,347.995,44,CDXHY544 BEST Curncy
25916,2025-06-17,US_HY,3Y,353.771,44,CDXHY344 BEST Curncy
25919,2025-06-17,US_HY,10Y,354.526,44,CDXHY044 BEST Curncy
25914,2025-06-17,US_IG,7Y,77.321,44,CDXIG744 Curncy
25913,2025-06-17,US_IG,5Y,56.819,44,CDXIG544 Curncy
25912,2025-06-17,US_IG,3Y,35.894,44,CDXIG344 Curncy
25915,2025-06-17,US_IG,10Y,95.57,44,CDXIG044 Curncy
25929,2025-06-18,US_IG,3Y,35.587,44,CDXIG344 Curncy
25930,2025-06-18,US_IG,5Y,56.101,44,CDXIG544 Curncy
25931,2025-06-18,US_IG,7Y,76.887,44,CDXIG744 Curncy
25932,2025-06-18,US_IG,10Y,95.105,44,CDXIG044 Curncy
25933,2025-06-18,US_HY,3Y,353.743,44,CDXHY344 BEST Curncy
25934,2025-06-18,US_HY,5Y,349.7217,44,CDXHY544 BEST Curncy
25935,2025-06-18,US_HY,7Y,359.352,44,CDXHY744 BEST Curncy
25936,2025-06-18,US_HY,10Y,355.928,44,CDXHY044 BEST Curncy
25950,2025-06-19,US_HY,10Y,356.497,44,CDXHY044 BEST Curncy
25949,2025-06-19,US_HY,7Y,359.877,44,CDXHY744 BEST Curncy
25948,2025-06-19,US_HY,5Y,347.5906,44,CDXHY544 BEST Curncy
25947,2025-06-19,US_HY,3Y,353.647,44,CDXHY344 BEST Curncy
25946,2025-06-19,US_IG,3Y,35.626,44,CDXIG344 Curncy
25960,2025-06-20,US_IG,3Y,35.53,44,CDXIG344 Curncy
25961,2025-06-20,US_IG,5Y,56.013,44,CDXIG544 Curncy
25962,2025-06-20,US_IG,7Y,76.782,44,CDXIG744 Curncy
25963,2025-06-20,US_IG,10Y,95.03,44,CDXIG044 Curncy
25964,2025-06-20,US_HY,3Y,353.533,44,CDXHY344 BEST Curncy
25965,2025-06-20,US_HY,5Y,348.4551,44,CDXHY544 BEST Curncy
25966,2025-06-20,US_HY,7Y,359.305,44,CDXHY744 BEST Curncy
25967,2025-06-20,US_HY,10Y,355.926,44,CDXHY044 BEST Curncy
25984,2025-06-23,US_HY,10Y,358.55,44,CDXHY044 BEST Curncy
25983,2025-06-23,US_HY,7Y,362.123,44,CDXHY744 BEST Curncy
25982,2025-06-23,US_HY,5Y,345.7699,44,CDXHY544 BEST Curncy
25981,2025-06-23,US_HY,3Y,353.215,44,CDXHY344 BEST Curncy
25977,2025-06-23,US_IG,3Y,34.397,44,CDXIG344 Curncy
25979,2025-06-23,US_IG,7Y,75.518,44,CDXIG744 Curncy
25978,2025-06-23,US_IG,5Y,54.692,44,CDXIG544 Curncy
25980,2025-06-23,US_IG,10Y,93.79,44,CDXIG044 Curncy
25999,2025-06-24,US_HY,5Y,330.6794,44,CDXHY544 BEST Curncy
26000,2025-06-24,US_HY,7Y,345.659,44,CDXHY744 BEST Curncy
26001,2025-06-24,US_HY,10Y,343.189,44,CDXHY044 BEST Curncy
25998,2025-06-24,US_HY,3Y,353.222,44,CDXHY344 BEST Curncy
25995,2025-06-24,US_IG,5Y,52.799,44,CDXIG544 Curncy
25996,2025-06-24,US_IG,7Y,73.565,44,CDXIG744 Curncy
25994,2025-06-24,US_IG,3Y,32.728,44,CDXIG344 Curncy
25997,2025-06-24,US_IG,10Y,92.032,44,CDXIG044 Curncy
26011,2025-06-25,US_IG,3Y,32.679,44,CDXIG344 Curncy
26012,2025-06-25,US_IG,5Y,53.402,44,CDXIG544 Curncy
26013,2025-06-25,US_IG,7Y,74.254,44,CDXIG744 Curncy
26014,2025-06-25,US_IG,10Y,92.82,44,CDXIG044 Curncy
26015,2025-06-25,US_HY,3Y,353.221,44,CDXHY344 BEST Curncy
26016,2025-06-25,US_HY,5Y,334.2516,44,CDXHY544 BEST Curncy
26017,2025-06-25,US_HY,7Y,346.21,44,CDXHY744 BEST Curncy
26018,2025-06-25,US_HY,10Y,343.627,44,CDXHY044 BEST Curncy
26034,2025-06-26,US_HY,7Y,342.393,44,CDXHY744 BEST Curncy
26033,2025-06-26,US_HY,5Y,329.2048,44,CDXHY544 BEST Curncy
26032,2025-06-26,US_HY,3Y,353.153,44,CDXHY344 BEST Curncy
26035,2025-06-26,US_HY,10Y,340.077,44,CDXHY044 BEST Curncy
26030,2025-06-26,US_IG,7Y,73.437,44,CDXIG744 Curncy
26029,2025-06-26,US_IG,5Y,52.492,44,CDXIG544 Curncy
26028,2025-06-26,US_IG,3Y,32.039,44,CDXIG344 Curncy
26031,2025-06-26,US_IG,10Y,92.067,44,CDXIG044 Curncy
26051,2025-06-27,US_HY,7Y,337.034,44,CDXHY744 BEST Curncy
26050,2025-06-27,US_HY,5Y,329.1244,44,CDXHY544 BEST Curncy
26049,2025-06-27,US_HY,3Y,353.151,44,CDXHY344 BEST Curncy
26052,2025-06-27,US_HY,10Y,335.19,44,CDXHY044 BEST Curncy
26047,2025-06-27,US_IG,7Y,73.171,44,CDXIG744 Curncy
26046,2025-06-27,US_IG,5Y,51.991,44,CDXIG544 Curncy
26045,2025-06-27,US_IG,3Y,31.644,44,CDXIG344 Curncy
26048,2025-06-27,US_IG,10Y,91.777,44,CDXIG044 Curncy
26062,2025-06-30,US_IG,3Y,30.51,44,CDXIG344 Curncy
26063,2025-06-30,US_IG,5Y,51.058,44,CDXIG544 Curncy
26064,2025-06-30,US_IG,7Y,71.072,44,CDXIG744 Curncy
26065,2025-06-30,US_IG,10Y,90.775,44,CDXIG044 Curncy
26066,2025-06-30,US_HY,3Y,352.742,44,CDXHY344 BEST Curncy
26067,2025-06-30,US_HY,5Y,320.7804,44,CDXHY544 BEST Curncy
26068,2025-06-30,US_HY,7Y,333.43,44,CDXHY744 BEST Curncy
26069,2025-06-30,US_HY,10Y,331.816,44,CDXHY044 BEST Curncy
26084,2025-07-01,US_HY,5Y,316.2281,44,CDXHY544 BEST Curncy
26085,2025-07-01,US_HY,7Y,329.849,44,CDXHY744 BEST Curncy
26083,2025-07-01,US_HY,3Y,352.663,44,CDXHY344 BEST Curncy
26086,2025-07-01,US_HY,10Y,328.251,44,CDXHY044 BEST Curncy
26081,2025-07-01,US_IG,7Y,70.632,44,CDXIG744 Curncy
26080,2025-07-01,US_IG,5Y,50.559,44,CDXIG544 Curncy
26079,2025-07-01,US_IG,3Y,30.15,44,CDXIG344 Curncy
26082,2025-07-01,US_IG,10Y,90.388,44,CDXIG044 Curncy
26103,2025-07-02,US_HY,10Y,328.071,44,CDXHY044 BEST Curncy
26101,2025-07-02,US_HY,5Y,315.3527,44,CDXHY544 BEST Curncy
26100,2025-07-02,US_HY,3Y,352.506,44,CDXHY344 BEST Curncy
26102,2025-07-02,US_HY,7Y,329.492,44,CDXHY744 BEST Curncy
26098,2025-07-02,US_IG,7Y,70.242,44,CDXIG744 Curncy
26097,2025-07-02,US_IG,5Y,50.178,44,CDXIG544 Curncy
26096,2025-07-02,US_IG,3Y,29.765,44,CDXIG344 Curncy
26099,2025-07-02,US_IG,10Y,90.155,44,CDXIG044 Curncy
26113,2025-07-03,US_IG,3Y,28.991,44,CDXIG344 Curncy
26114,2025-07-03,US_IG,5Y,49.305,44,CDXIG544 Curncy
26115,2025-07-03,US_IG,7Y,69.288,44,CDXIG744 Curncy
26116,2025-07-03,US_IG,10Y,89.286,44,CDXIG044 Curncy
26117,2025-07-03,US_HY,3Y,352.374,44,CDXHY344 BEST Curncy
26118,2025-07-03,US_HY,5Y,308.1674,44,CDXHY544 BEST Curncy
26119,2025-07-03,US_HY,7Y,329.348,44,CDXHY744 BEST Curncy
26120,2025-07-03,US_HY,10Y,327.888,44,CDXHY044 BEST Curncy
26134,2025-07-04,US_HY,10Y,319.788,44,CDXHY044 BEST Curncy
26133,2025-07-04,US_HY,7Y,320.637,44,CDXHY744 BEST Curncy
26131,2025-07-04,US_HY,3Y,352.071,44,CDXHY344 BEST Curncy
26130,2025-07-04,US_IG,3Y,29.047,44,CDXIG344 Curncy
26132,2025-07-04,US_HY,5Y,307.7585,44,CDXHY544 BEST Curncy
26150,2025-07-07,US_HY,7Y,326.347,44,CDXHY744 BEST Curncy
26144,2025-07-07,US_IG,3Y,30.05,44,CDXIG344 Curncy
26145,2025-07-07,US_IG,5Y,50.89,44,CDXIG544 Curncy
26146,2025-07-07,US_IG,7Y,70.822,44,CDXIG744 Curncy
26147,2025-07-07,US_IG,10Y,90.81,44,CDXIG044 Curncy
26148,2025-07-07,US_HY,3Y,351.69,44,CDXHY344 BEST Curncy
26149,2025-07-07,US_HY,5Y,315.2336,44,CDXHY544 BEST Curncy
26151,2025-07-07,US_HY,10Y,325.068,44,CDXHY044 BEST Curncy
26166,2025-07-08,US_HY,5Y,319.0048,44,CDXHY544 BEST Curncy
26165,2025-07-08,US_HY,3Y,351.555,44,CDXHY344 BEST Curncy
26164,2025-07-08,US_IG,10Y,91.137,44,CDXIG044 Curncy
26161,2025-07-08,US_IG,3Y,30.526,44,CDXIG344 Curncy
26162,2025-07-08,US_IG,5Y,51.234,44,CDXIG544 Curncy
26167,2025-07-08,US_HY,7Y,330.223,44,CDXHY744 BEST Curncy
26163,2025-07-08,US_IG,7Y,71.236,44,CDXIG744 Curncy
26168,2025-07-08,US_HY,10Y,328.736,44,CDXHY044 BEST Curncy
26184,2025-07-09,US_HY,7Y,327.501,44,CDXHY744 BEST Curncy
26185,2025-07-09,US_HY,10Y,326.226,44,CDXHY044 BEST Curncy
26182,2025-07-09,US_HY,3Y,351.44,44,CDXHY344 BEST Curncy
26183,2025-07-09,US_HY,5Y,313.3954,44,CDXHY544 BEST Curncy
26180,2025-07-09,US_IG,7Y,70.102,44,CDXIG744 Curncy
26178,2025-07-09,US_IG,3Y,29.505,44,CDXIG344 Curncy
26181,2025-07-09,US_IG,10Y,90.046,44,CDXIG044 Curncy
26179,2025-07-09,US_IG,5Y,50.05,44,CDXIG544 Curncy
26202,2025-07-10,US_HY,10Y,323.418,44,CDXHY044 BEST Curncy
26195,2025-07-10,US_IG,3Y,29.223,44,CDXIG344 Curncy
26196,2025-07-10,US_IG,5Y,49.847,44,CDXIG544 Curncy
26197,2025-07-10,US_IG,7Y,69.839,44,CDXIG744 Curncy
26198,2025-07-10,US_IG,10Y,89.896,44,CDXIG044 Curncy
26199,2025-07-10,US_HY,3Y,351.405,44,CDXHY344 BEST Curncy
26200,2025-07-10,US_HY,5Y,311.9176,44,CDXHY544 BEST Curncy
26201,2025-07-10,US_HY,7Y,324.606,44,CDXHY744 BEST Curncy
26219,2025-07-11,US_HY,10Y,328.068,44,CDXHY044 BEST Curncy
26218,2025-07-11,US_HY,7Y,329.535,44,CDXHY744 BEST Curncy
26217,2025-07-11,US_HY,5Y,316.1331,44,CDXHY544 BEST Curncy
26216,2025-07-11,US_HY,3Y,351.267,44,CDXHY344 BEST Curncy
26213,2025-07-11,US_IG,5Y,50.536,44,CDXIG544 Curncy
26214,2025-07-11,US_IG,7Y,70.503,44,CDXIG744 Curncy
26212,2025-07-11,US_IG,3Y,29.913,44,CDXIG344 Curncy
26215,2025-07-11,US_IG,10Y,90.49,44,CDXIG044 Curncy
26233,2025-07-14,US_HY,3Y,350.847,44,CDXHY344 BEST Curncy
26235,2025-07-14,US_HY,7Y,330.76,44,CDXHY744 BEST Curncy
26234,2025-07-14,US_HY,5Y,318.9736,44,CDXHY544 BEST Curncy
26236,2025-07-14,US_HY,10Y,328.984,44,CDXHY044 BEST Curncy
26232,2025-07-14,US_IG,10Y,90.86,44,CDXIG044 Curncy
26230,2025-07-14,US_IG,5Y,50.943,44,CDXIG544 Curncy
26229,2025-07-14,US_IG,3Y,30.152,44,CDXIG344 Curncy
26231,2025-07-14,US_IG,7Y,70.941,44,CDXIG744 Curncy
26246,2025-07-15,US_IG,3Y,31.134,44,CDXIG344 Curncy
26247,2025-07-15,US_IG,5Y,52.14,44,CDXIG544 Curncy
26248,2025-07-15,US_IG,7Y,72.126,44,CDXIG744 Curncy
26249,2025-07-15,US_IG,10Y,92.011,44,CDXIG044 Curncy
26250,2025-07-15,US_HY,3Y,350.692,44,CDXHY344 BEST Curncy
26251,2025-07-15,US_HY,5Y,323.4496,44,CDXHY544 BEST Curncy
26252,2025-07-15,US_HY,7Y,335.382,44,CDXHY744 BEST Curncy
26253,2025-07-15,US_HY,10Y,335.561,44,CDXHY044 BEST Curncy
26270,2025-07-16,US_HY,10Y,336.983,44,CDXHY044 BEST Curncy
26269,2025-07-16,US_HY,7Y,336.872,44,CDXHY744 BEST Curncy
26268,2025-07-16,US_HY,5Y,323.438,44,CDXHY544 BEST Curncy
26267,2025-07-16,US_HY,3Y,350.504,44,CDXHY344 BEST Curncy
26263,2025-07-16,US_IG,3Y,31.075,44,CDXIG344 Curncy
26265,2025-07-16,US_IG,7Y,71.921,44,CDXIG744 Curncy
26264,2025-07-16,US_IG,5Y,51.95,44,CDXIG544 Curncy
26266,2025-07-16,US_IG,10Y,91.783,44,CDXIG044 Curncy
26285,2025-07-17,US_HY,5Y,318.5035,44,CDXHY544 BEST Curncy
26286,2025-07-17,US_HY,7Y,331.802,44,CDXHY744 BEST Curncy
26287,2025-07-17,US_HY,10Y,332.397,44,CDXHY044 BEST Curncy
26284,2025-07-17,US_HY,3Y,350.5,44,CDXHY344 BEST Curncy
26281,2025-07-17,US_IG,5Y,50.658,44,CDXIG544 Curncy
26282,2025-07-17,US_IG,7Y,70.677,44,CDXIG744 Curncy
26280,2025-07-17,US_IG,3Y,30.044,44,CDXIG344 Curncy
26283,2025-07-17,US_IG,10Y,90.567,44,CDXIG044 Curncy
26303,2025-07-18,US_HY,7Y,328.341,44,CDXHY744 BEST Curncy
26302,2025-07-18,US_HY,5Y,317.422,44,CDXHY544 BEST Curncy
26301,2025-07-18,US_HY,3Y,350.329,44,CDXHY344 BEST Curncy
26304,2025-07-18,US_HY,10Y,328.661,44,CDXHY044 BEST Curncy
26299,2025-07-18,US_IG,7Y,70.888,44,CDXIG744 Curncy
26298,2025-07-18,US_IG,5Y,50.805,44,CDXIG544 Curncy
26297,2025-07-18,US_IG,3Y,30.24,44,CDXIG344 Curncy
26300,2025-07-18,US_IG,10Y,90.759,44,CDXIG044 Curncy
26314,2025-07-21,US_IG,3Y,30.465,44,CDXIG344 Curncy
26315,2025-07-21,US_IG,5Y,50.99,44,CDXIG544 Curncy
26316,2025-07-21,US_IG,7Y,71.024,44,CDXIG744 Curncy
26317,2025-07-21,US_IG,10Y,90.959,44,CDXIG044 Curncy
26318,2025-07-21,US_HY,3Y,350.019,44,CDXHY344 BEST Curncy
26319,2025-07-21,US_HY,5Y,315.7039,44,CDXHY544 BEST Curncy
26320,2025-07-21,US_HY,7Y,326.275,44,CDXHY744 BEST Curncy
26321,2025-07-21,US_HY,10Y,326.801,44,CDXHY044 BEST Curncy
26337,2025-07-22,US_HY,7Y,330.894,44,CDXHY744 BEST Curncy
26338,2025-07-22,US_HY,10Y,331.214,44,CDXHY044 BEST Curncy
26336,2025-07-22,US_HY,5Y,318.239,44,CDXHY544 BEST Curncy
26335,2025-07-22,US_HY,3Y,349.922,44,CDXHY344 BEST Curncy
26333,2025-07-22,US_IG,7Y,71.048,44,CDXIG744 Curncy
26332,2025-07-22,US_IG,5Y,51.105,44,CDXIG544 Curncy
26331,2025-07-22,US_IG,3Y,30.547,44,CDXIG344 Curncy
26334,2025-07-22,US_IG,10Y,90.951,44,CDXIG044 Curncy
26355,2025-07-23,US_HY,10Y,326.127,44,CDXHY044 BEST Curncy
26353,2025-07-23,US_HY,5Y,312.3449,44,CDXHY544 BEST Curncy
26352,2025-07-23,US_HY,3Y,349.894,44,CDXHY344 BEST Curncy
26354,2025-07-23,US_HY,7Y,325.288,44,CDXHY744 BEST Curncy
26350,2025-07-23,US_IG,7Y,70.131,44,CDXIG744 Curncy
26349,2025-07-23,US_IG,5Y,50.115,44,CDXIG544 Curncy
26348,2025-07-23,US_IG,3Y,29.631,44,CDXIG344 Curncy
26351,2025-07-23,US_IG,10Y,90.12,44,CDXIG044 Curncy
26372,2025-07-24,US_HY,10Y,325.259,44,CDXHY044 BEST Curncy
26365,2025-07-24,US_IG,3Y,29.751,44,CDXIG344 Curncy
26366,2025-07-24,US_IG,5Y,50.139,44,CDXIG544 Curncy
26367,2025-07-24,US_IG,7Y,70.096,44,CDXIG744 Curncy
26368,2025-07-24,US_IG,10Y,90.127,44,CDXIG044 Curncy
26369,2025-07-24,US_HY,3Y,349.676,44,CDXHY344 BEST Curncy
26370,2025-07-24,US_HY,5Y,314.1339,44,CDXHY544 BEST Curncy
26371,2025-07-24,US_HY,7Y,324.648,44,CDXHY744 BEST Curncy
26388,2025-07-25,US_HY,7Y,326.025,44,CDXHY744 BEST Curncy
26387,2025-07-25,US_HY,5Y,313.2466,44,CDXHY544 BEST Curncy
26389,2025-07-25,US_HY,10Y,325.72,44,CDXHY044 BEST Curncy
26386,2025-07-25,US_HY,3Y,349.504,44,CDXHY344 BEST Curncy
26382,2025-07-25,US_IG,3Y,29.548,44,CDXIG344 Curncy
26384,2025-07-25,US_IG,7Y,69.918,44,CDXIG744 Curncy
26383,2025-07-25,US_IG,5Y,50.044,44,CDXIG544 Curncy
26385,2025-07-25,US_IG,10Y,90.049,44,CDXIG044 Curncy
26399,2025-07-28,US_IG,3Y,29.891,44,CDXIG344 Curncy
26400,2025-07-28,US_IG,5Y,50.25,44,CDXIG544 Curncy
26401,2025-07-28,US_IG,7Y,70.261,44,CDXIG744 Curncy
26402,2025-07-28,US_IG,10Y,90.318,44,CDXIG044 Curncy
26403,2025-07-28,US_HY,3Y,349.107,44,CDXHY344 BEST Curncy
26404,2025-07-28,US_HY,5Y,315.0632,44,CDXHY544 BEST Curncy
26405,2025-07-28,US_HY,7Y,326.415,44,CDXHY744 BEST Curncy
26406,2025-07-28,US_HY,10Y,326.078,44,CDXHY044 BEST Curncy
26423,2025-07-29,US_HY,10Y,326.728,44,CDXHY044 BEST Curncy
26422,2025-07-29,US_HY,7Y,327.873,44,CDXHY744 BEST Curncy
26421,2025-07-29,US_HY,5Y,318.1823,44,CDXHY544 BEST Curncy
26420,2025-07-29,US_HY,3Y,348.971,44,CDXHY344 BEST Curncy
26416,2025-07-29,US_IG,3Y,30.491,44,CDXIG344 Curncy
26418,2025-07-29,US_IG,7Y,70.895,44,CDXIG744 Curncy
26417,2025-07-29,US_IG,5Y,50.934,44,CDXIG544 Curncy
26419,2025-07-29,US_IG,10Y,90.973,44,CDXIG044 Curncy
26438,2025-07-30,US_HY,5Y,322.0806,44,CDXHY544 BEST Curncy
26440,2025-07-30,US_HY,10Y,329.082,44,CDXHY044 BEST Curncy
26439,2025-07-30,US_HY,7Y,330.641,44,CDXHY744 BEST Curncy
26437,2025-07-30,US_HY,3Y,348.977,44,CDXHY344 BEST Curncy
26433,2025-07-30,US_IG,3Y,30.351,44,CDXIG344 Curncy
26435,2025-07-30,US_IG,7Y,70.926,44,CDXIG744 Curncy
26434,2025-07-30,US_IG,5Y,50.837,44,CDXIG544 Curncy
26436,2025-07-30,US_IG,10Y,90.861,44,CDXIG044 Curncy
26450,2025-07-31,US_IG,3Y,30.834,44,CDXIG344 Curncy
26451,2025-07-31,US_IG,5Y,51.339,44,CDXIG544 Curncy
26452,2025-07-31,US_IG,7Y,71.282,44,CDXIG744 Curncy
26453,2025-07-31,US_IG,10Y,91.281,44,CDXIG044 Curncy
26454,2025-07-31,US_HY,3Y,348.701,44,CDXHY344 BEST Curncy
26455,2025-07-31,US_HY,5Y,321.2842,44,CDXHY544 BEST Curncy
26456,2025-07-31,US_HY,7Y,332.94,44,CDXHY744 BEST Curncy
26457,2025-07-31,US_HY,10Y,331.25,44,CDXHY044 BEST Curncy
26472,2025-08-01,US_HY,5Y,338.2321,44,CDXHY544 BEST Curncy
26473,2025-08-01,US_HY,7Y,349.713,44,CDXHY744 BEST Curncy
26474,2025-08-01,US_HY,10Y,347.67,44,CDXHY044 BEST Curncy
26471,2025-08-01,US_HY,3Y,348.545,44,CDXHY344 BEST Curncy
26468,2025-08-01,US_IG,5Y,53.94,44,CDXIG544 Curncy
26469,2025-08-01,US_IG,7Y,73.951,44,CDXIG744 Curncy
26470,2025-08-01,US_IG,10Y,93.559,44,CDXIG044 Curncy
26467,2025-08-01,US_IG,3Y,33.301,44,CDXIG344 Curncy
26484,2025-08-04,US_IG,3Y,31.504,44,CDXIG344 Curncy
26485,2025-08-04,US_IG,5Y,51.886,44,CDXIG544 Curncy
26486,2025-08-04,US_IG,7Y,71.914,44,CDXIG744 Curncy
26487,2025-08-04,US_IG,10Y,91.625,44,CDXIG044 Curncy
26488,2025-08-04,US_HY,3Y,348.688,44,CDXHY344 BEST Curncy
26489,2025-08-04,US_HY,5Y,330.4141,44,CDXHY544 BEST Curncy
26490,2025-08-04,US_HY,7Y,342.709,44,CDXHY744 BEST Curncy
26491,2025-08-04,US_HY,10Y,341.016,44,CDXHY044 BEST Curncy
26508,2025-08-05,US_HY,10Y,338.469,44,CDXHY044 BEST Curncy
26507,2025-08-05,US_HY,7Y,340.722,44,CDXHY744 BEST Curncy
26506,2025-08-05,US_HY,5Y,328.4575,44,CDXHY544 BEST Curncy
26505,2025-08-05,US_HY,3Y,348.543,44,CDXHY344 BEST Curncy
26501,2025-08-05,US_IG,3Y,32.031,44,CDXIG344 Curncy
26503,2025-08-05,US_IG,7Y,72.386,44,CDXIG744 Curncy
26502,2025-08-05,US_IG,5Y,52.519,44,CDXIG544 Curncy
26504,2025-08-05,US_IG,10Y,92.229,44,CDXIG044 Curncy
26524,2025-08-06,US_HY,7Y,342.941,44,CDXHY744 BEST Curncy
26525,2025-08-06,US_HY,10Y,339.759,44,CDXHY044 BEST Curncy
26522,2025-08-06,US_HY,3Y,348.411,44,CDXHY344 BEST Curncy
26523,2025-08-06,US_HY,5Y,329.5147,44,CDXHY544 BEST Curncy
26520,2025-08-06,US_IG,7Y,71.949,44,CDXIG744 Curncy
26521,2025-08-06,US_IG,10Y,91.753,44,CDXIG044 Curncy
26519,2025-08-06,US_IG,5Y,52.03,44,CDXIG544 Curncy
26518,2025-08-06,US_IG,3Y,31.51,44,CDXIG344 Curncy
26541,2025-08-07,US_HY,7Y,341.663,44,CDXHY744 BEST Curncy
26540,2025-08-07,US_HY,5Y,329.4781,44,CDXHY544 BEST Curncy
26539,2025-08-07,US_HY,3Y,348.326,44,CDXHY344 BEST Curncy
26542,2025-08-07,US_HY,10Y,338.59,44,CDXHY044 BEST Curncy
26537,2025-08-07,US_IG,7Y,71.992,44,CDXIG744 Curncy
26536,2025-08-07,US_IG,5Y,51.977,44,CDXIG544 Curncy
26535,2025-08-07,US_IG,3Y,31.45,44,CDXIG344 Curncy
26538,2025-08-07,US_IG,10Y,91.833,44,CDXIG044 Curncy
26552,2025-08-08,US_IG,3Y,30.563,44,CDXIG344 Curncy
26553,2025-08-08,US_IG,5Y,51.044,44,CDXIG544 Curncy
26554,2025-08-08,US_IG,7Y,71.116,44,CDXIG744 Curncy
26555,2025-08-08,US_IG,10Y,91.015,44,CDXIG044 Curncy
26556,2025-08-08,US_HY,3Y,348.177,44,CDXHY344 BEST Curncy
26557,2025-08-08,US_HY,5Y,323.7565,44,CDXHY544 BEST Curncy
26558,2025-08-08,US_HY,7Y,336.789,44,CDXHY744 BEST Curncy
26559,2025-08-08,US_HY,10Y,334.073,44,CDXHY044 BEST Curncy
26574,2025-08-11,US_HY,5Y,324.9362,44,CDXHY544 BEST Curncy
26576,2025-08-11,US_HY,10Y,333.121,44,CDXHY044 BEST Curncy
26575,2025-08-11,US_HY,7Y,335.859,44,CDXHY744 BEST Curncy
26573,2025-08-11,US_HY,3Y,347.673,44,CDXHY344 BEST Curncy
26570,2025-08-11,US_IG,5Y,51.492,44,CDXIG544 Curncy
26571,2025-08-11,US_IG,7Y,71.577,44,CDXIG744 Curncy
26572,2025-08-11,US_IG,10Y,91.477,44,CDXIG044 Curncy
26569,2025-08-11,US_IG,3Y,31.016,44,CDXIG344 Curncy
26586,2025-08-12,US_IG,3Y,29.667,44,CDXIG344 Curncy
26587,2025-08-12,US_IG,5Y,50.104,44,CDXIG544 Curncy
26588,2025-08-12,US_IG,7Y,70.114,44,CDXIG744 Curncy
26589,2025-08-12,US_IG,10Y,90.17,44,CDXIG044 Curncy
26590,2025-08-12,US_HY,3Y,347.537,44,CDXHY344 BEST Curncy
26591,2025-08-12,US_HY,5Y,319.4832,44,CDXHY544 BEST Curncy
26592,2025-08-12,US_HY,7Y,331.923,44,CDXHY744 BEST Curncy
26593,2025-08-12,US_HY,10Y,329.475,44,CDXHY044 BEST Curncy
26610,2025-08-13,US_HY,10Y,326.362,44,CDXHY044 BEST Curncy
26609,2025-08-13,US_HY,7Y,328.494,44,CDXHY744 BEST Curncy
26608,2025-08-13,US_HY,5Y,315.8342,44,CDXHY544 BEST Curncy
26607,2025-08-13,US_HY,3Y,347.526,44,CDXHY344 BEST Curncy
26603,2025-08-13,US_IG,3Y,29.145,44,CDXIG344 Curncy
26605,2025-08-13,US_IG,7Y,69.762,44,CDXIG744 Curncy
26604,2025-08-13,US_IG,5Y,49.718,44,CDXIG544 Curncy
26606,2025-08-13,US_IG,10Y,89.759,44,CDXIG044 Curncy
26625,2025-08-14,US_HY,5Y,318.2679,44,CDXHY544 BEST Curncy
26627,2025-08-14,US_HY,10Y,328.772,44,CDXHY044 BEST Curncy
26626,2025-08-14,US_HY,7Y,331.317,44,CDXHY744 BEST Curncy
26624,2025-08-14,US_HY,3Y,347.496,44,CDXHY344 BEST Curncy
26620,2025-08-14,US_IG,3Y,29.602,44,CDXIG344 Curncy
26622,2025-08-14,US_IG,7Y,70.167,44,CDXIG744 Curncy
26621,2025-08-14,US_IG,5Y,49.961,44,CDXIG544 Curncy
26623,2025-08-14,US_IG,10Y,90.095,44,CDXIG044 Curncy
26637,2025-08-15,US_IG,3Y,29.524,44,CDXIG344 Curncy
26638,2025-08-15,US_IG,5Y,50.036,44,CDXIG544 Curncy
26639,2025-08-15,US_IG,7Y,70.189,44,CDXIG744 Curncy
26640,2025-08-15,US_IG,10Y,90.128,44,CDXIG044 Curncy
26641,2025-08-15,US_HY,3Y,347.274,44,CDXHY344 BEST Curncy
26642,2025-08-15,US_HY,5Y,318.011,44,CDXHY544 BEST Curncy
26643,2025-08-15,US_HY,7Y,330.344,44,CDXHY744 BEST Curncy
26644,2025-08-15,US_HY,10Y,328.035,44,CDXHY044 BEST Curncy
26659,2025-08-18,US_HY,5Y,318.3413,44,CDXHY544 BEST Curncy
26661,2025-08-18,US_HY,10Y,328.808,44,CDXHY044 BEST Curncy
26660,2025-08-18,US_HY,7Y,331.104,44,CDXHY744 BEST Curncy
26657,2025-08-18,US_IG,10Y,90.227,44,CDXIG044 Curncy
26656,2025-08-18,US_IG,7Y,70.287,44,CDXIG744 Curncy
26655,2025-08-18,US_IG,5Y,50.035,44,CDXIG544 Curncy
26654,2025-08-18,US_IG,3Y,29.547,44,CDXIG344 Curncy
26658,2025-08-18,US_HY,3Y,346.809,44,CDXHY344 BEST Curncy
26671,2025-08-19,US_IG,3Y,30.038,44,CDXIG344 Curncy
26672,2025-08-19,US_IG,5Y,50.387,44,CDXIG544 Curncy
26673,2025-08-19,US_IG,7Y,70.7,44,CDXIG744 Curncy
26674,2025-08-19,US_IG,10Y,90.626,44,CDXIG044 Curncy
26675,2025-08-19,US_HY,3Y,346.646,44,CDXHY344 BEST Curncy
26676,2025-08-19,US_HY,5Y,321.9356,44,CDXHY544 BEST Curncy
26677,2025-08-19,US_HY,7Y,332.919,44,CDXHY744 BEST Curncy
26678,2025-08-19,US_HY,10Y,330.411,44,CDXHY044 BEST Curncy
26695,2025-08-20,US_HY,10Y,333.691,44,CDXHY044 BEST Curncy
26693,2025-08-20,US_HY,5Y,325.0355,44,CDXHY544 BEST Curncy
26692,2025-08-20,US_HY,3Y,346.599,44,CDXHY344 BEST Curncy
26694,2025-08-20,US_HY,7Y,335.87,44,CDXHY744 BEST Curncy
26690,2025-08-20,US_IG,7Y,71.082,44,CDXIG744 Curncy
26689,2025-08-20,US_IG,5Y,50.752,44,CDXIG544 Curncy
26688,2025-08-20,US_IG,3Y,30.235,44,CDXIG344 Curncy
26691,2025-08-20,US_IG,10Y,90.969,44,CDXIG044 Curncy
26712,2025-08-21,US_HY,10Y,337.233,44,CDXHY044 BEST Curncy
26711,2025-08-21,US_HY,7Y,340.311,44,CDXHY744 BEST Curncy
26709,2025-08-21,US_HY,3Y,346.48,44,CDXHY344 BEST Curncy
26710,2025-08-21,US_HY,5Y,327.3393,44,CDXHY544 BEST Curncy
26707,2025-08-21,US_IG,7Y,71.882,44,CDXIG744 Curncy
26706,2025-08-21,US_IG,5Y,51.588,44,CDXIG544 Curncy
26705,2025-08-21,US_IG,3Y,31.136,44,CDXIG344 Curncy
26708,2025-08-21,US_IG,10Y,91.704,44,CDXIG044 Curncy
26728,2025-08-22,US_HY,7Y,327.516,44,CDXHY744 BEST Curncy
26722,2025-08-22,US_IG,3Y,28.883,44,CDXIG344 Curncy
26723,2025-08-22,US_IG,5Y,49.065,44,CDXIG544 Curncy
26724,2025-08-22,US_IG,7Y,69.367,44,CDXIG744 Curncy
26725,2025-08-22,US_IG,10Y,89.367,44,CDXIG044 Curncy
26726,2025-08-22,US_HY,3Y,346.275,44,CDXHY344 BEST Curncy
26727,2025-08-22,US_HY,5Y,313.7724,44,CDXHY544 BEST Curncy
26729,2025-08-22,US_HY,10Y,325.439,44,CDXHY044 BEST Curncy
26741,2025-08-25,US_HY,7Y,326.929,44,CDXHY744 BEST Curncy
26742,2025-08-25,US_HY,10Y,324.832,44,CDXHY044 BEST Curncy
26739,2025-08-25,US_HY,3Y,346.06,44,CDXHY344 BEST Curncy
26740,2025-08-25,US_HY,5Y,315.0488,44,CDXHY544 BEST Curncy
26737,2025-08-25,US_IG,7Y,69.978,44,CDXIG744 Curncy
26738,2025-08-25,US_IG,10Y,90.014,44,CDXIG044 Curncy
26736,2025-08-25,US_IG,5Y,49.644,44,CDXIG544 Curncy
26735,2025-08-25,US_IG,3Y,29.241,44,CDXIG344 Curncy
26758,2025-08-26,US_HY,7Y,328.125,44,CDXHY744 BEST Curncy
26757,2025-08-26,US_HY,5Y,314.827,44,CDXHY544 BEST Curncy
26756,2025-08-26,US_HY,3Y,345.857,44,CDXHY344 BEST Curncy
26759,2025-08-26,US_HY,10Y,325.93,44,CDXHY044 BEST Curncy
26754,2025-08-26,US_IG,7Y,69.97,44,CDXIG744 Curncy
26753,2025-08-26,US_IG,5Y,49.65,44,CDXIG544 Curncy
26752,2025-08-26,US_IG,3Y,29.224,44,CDXIG344 Curncy
26755,2025-08-26,US_IG,10Y,90.002,44,CDXIG044 Curncy
26769,2025-08-27,US_IG,3Y,29.829,44,CDXIG344 Curncy
26770,2025-08-27,US_IG,5Y,50.3,44,CDXIG544 Curncy
26771,2025-08-27,US_IG,7Y,70.547,44,CDXIG744 Curncy
26772,2025-08-27,US_IG,10Y,90.47,44,CDXIG044 Curncy
26773,2025-08-27,US_HY,3Y,345.861,44,CDXHY344 BEST Curncy
26774,2025-08-27,US_HY,5Y,317.5529,44,CDXHY544 BEST Curncy
26775,2025-08-27,US_HY,7Y,330.108,44,CDXHY744 BEST Curncy
26776,2025-08-27,US_HY,10Y,327.807,44,CDXHY044 BEST Curncy
26791,2025-08-28,US_HY,5Y,316.4462,44,CDXHY544 BEST Curncy
26793,2025-08-28,US_HY,10Y,330.139,44,CDXHY044 BEST Curncy
26792,2025-08-28,US_HY,7Y,331.477,44,CDXHY744 BEST Curncy
26790,2025-08-28,US_HY,3Y,345.794,44,CDXHY344 BEST Curncy
26786,2025-08-28,US_IG,3Y,29.571,44,CDXIG344 Curncy
26788,2025-08-28,US_IG,7Y,70.372,44,CDXIG744 Curncy
26787,2025-08-28,US_IG,5Y,50.12,44,CDXIG544 Curncy
26789,2025-08-28,US_IG,10Y,90.291,44,CDXIG044 Curncy
26810,2025-08-29,US_HY,10Y,334.071,44,CDXHY044 BEST Curncy
26809,2025-08-29,US_HY,7Y,335.857,44,CDXHY744 BEST Curncy
26807,2025-08-29,US_HY,3Y,345.645,44,CDXHY344 BEST Curncy
26808,2025-08-29,US_HY,5Y,320.0892,44,CDXHY544 BEST Curncy
26805,2025-08-29,US_IG,7Y,71.277,44,CDXIG744 Curncy
26804,2025-08-29,US_IG,5Y,50.958,44,CDXIG544 Curncy
26803,2025-08-29,US_IG,3Y,30.308,44,CDXIG344 Curncy
26806,2025-08-29,US_IG,10Y,91.17,44,CDXIG044 Curncy
26824,2025-09-01,US_HY,7Y,335.511,44,CDXHY744 BEST Curncy
26820,2025-09-01,US_IG,3Y,30.321,44,CDXIG344 Curncy
26821,2025-09-01,US_IG,10Y,91.26,44,CDXIG044 Curncy
26822,2025-09-01,US_HY,3Y,345.251,44,CDXHY344 BEST Curncy
26823,2025-09-01,US_HY,5Y,320.7769,44,CDXHY544 BEST Curncy
26825,2025-09-01,US_HY,10Y,333.769,44,CDXHY044 BEST Curncy
26840,2025-09-02,US_HY,5Y,324.6922,44,CDXHY544 BEST Curncy
26841,2025-09-02,US_HY,7Y,341.322,44,CDXHY744 BEST Curncy
26842,2025-09-02,US_HY,10Y,339.251,44,CDXHY044 BEST Curncy
26839,2025-09-02,US_HY,3Y,345.12,44,CDXHY344 BEST Curncy
26837,2025-09-02,US_IG,7Y,71.552,44,CDXIG744 Curncy
26836,2025-09-02,US_IG,5Y,51.023,44,CDXIG544 Curncy
26835,2025-09-02,US_IG,3Y,31.092,44,CDXIG344 Curncy
26838,2025-09-02,US_IG,10Y,91.251,44,CDXIG044 Curncy
26858,2025-09-03,US_HY,7Y,337.464,44,CDXHY744 BEST Curncy
26857,2025-09-03,US_HY,5Y,323.6255,44,CDXHY544 BEST Curncy
26856,2025-09-03,US_HY,3Y,344.985,44,CDXHY344 BEST Curncy
26859,2025-09-03,US_HY,10Y,335.589,44,CDXHY044 BEST Curncy
26854,2025-09-03,US_IG,7Y,71.3,44,CDXIG744 Curncy
26853,2025-09-03,US_IG,5Y,50.9,44,CDXIG544 Curncy
26852,2025-09-03,US_IG,3Y,30.316,44,CDXIG344 Curncy
26855,2025-09-03,US_IG,10Y,91.095,44,CDXIG044 Curncy
26869,2025-09-04,US_IG,3Y,30.101,44,CDXIG344 Curncy
26870,2025-09-04,US_IG,5Y,49.542,44,CDXIG544 Curncy
26871,2025-09-04,US_IG,7Y,69.859,44,CDXIG744 Curncy
26872,2025-09-04,US_IG,10Y,89.848,44,CDXIG044 Curncy
26873,2025-09-04,US_HY,3Y,344.895,44,CDXHY344 BEST Curncy
26874,2025-09-04,US_HY,5Y,316.8231,44,CDXHY544 BEST Curncy
26875,2025-09-04,US_HY,7Y,333.651,44,CDXHY744 BEST Curncy
26876,2025-09-04,US_HY,10Y,332.023,44,CDXHY044 BEST Curncy
26891,2025-09-05,US_HY,5Y,319.255,44,CDXHY544 BEST Curncy
26893,2025-09-05,US_HY,10Y,332.455,44,CDXHY044 BEST Curncy
26892,2025-09-05,US_HY,7Y,334.007,44,CDXHY744 BEST Curncy
26890,2025-09-05,US_HY,3Y,344.841,44,CDXHY344 BEST Curncy
26889,2025-09-05,US_IG,10Y,90.204,44,CDXIG044 Curncy
26888,2025-09-05,US_IG,7Y,70.307,44,CDXIG744 Curncy
26887,2025-09-05,US_IG,5Y,49.9,44,CDXIG544 Curncy
26886,2025-09-05,US_IG,3Y,30.469,44,CDXIG344 Curncy
26909,2025-09-08,US_HY,7Y,333.048,44,CDXHY744 BEST Curncy
26908,2025-09-08,US_HY,5Y,319.9053,44,CDXHY544 BEST Curncy
26907,2025-09-08,US_HY,3Y,344.554,44,CDXHY344 BEST Curncy
26910,2025-09-08,US_HY,10Y,330.736,44,CDXHY044 BEST Curncy
26905,2025-09-08,US_IG,7Y,70.284,44,CDXIG744 Curncy
26904,2025-09-08,US_IG,5Y,49.997,44,CDXIG544 Curncy
26903,2025-09-08,US_IG,3Y,30.148,44,CDXIG344 Curncy
26906,2025-09-08,US_IG,10Y,90.274,44,CDXIG044 Curncy
26920,2025-09-09,US_IG,3Y,29.613,44,CDXIG344 Curncy
26921,2025-09-09,US_IG,5Y,49.539,44,CDXIG544 Curncy
26922,2025-09-09,US_IG,7Y,69.954,44,CDXIG744 Curncy
26923,2025-09-09,US_IG,10Y,89.946,44,CDXIG044 Curncy
26924,2025-09-09,US_HY,3Y,344.498,44,CDXHY344 BEST Curncy
26925,2025-09-09,US_HY,5Y,320.9012,44,CDXHY544 BEST Curncy
26926,2025-09-09,US_HY,7Y,335.996,44,CDXHY744 BEST Curncy
26927,2025-09-09,US_HY,10Y,334.157,44,CDXHY044 BEST Curncy
26942,2025-09-10,US_HY,7Y,331.016,44,CDXHY744 BEST Curncy
26943,2025-09-10,US_HY,10Y,329.505,44,CDXHY044 BEST Curncy
26941,2025-09-10,US_HY,5Y,316.6946,44,CDXHY544 BEST Curncy
26938,2025-09-10,US_IG,5Y,48.988,44,CDXIG544 Curncy
26939,2025-09-10,US_IG,10Y,89.439,44,CDXIG044 Curncy
26937,2025-09-10,US_IG,3Y,29.639,44,CDXIG344 Curncy
26940,2025-09-10,US_HY,3Y,344.297,44,CDXHY344 BEST Curncy
26953,2025-09-11,US_IG,3Y,27.474,44,CDXIG344 Curncy
26954,2025-09-11,US_IG,5Y,47.709,44,CDXIG544 Curncy
26955,2025-09-11,US_IG,7Y,68.045,44,CDXIG744 Curncy
26956,2025-09-11,US_IG,10Y,88.299,44,CDXIG044 Curncy
26957,2025-09-11,US_HY,3Y,344.179,44,CDXHY344 BEST Curncy
26958,2025-09-11,US_HY,5Y,308.9289,44,CDXHY544 BEST Curncy
26959,2025-09-11,US_HY,7Y,324.37,44,CDXHY744 BEST Curncy
26960,2025-09-11,US_HY,10Y,323.42,44,CDXHY044 BEST Curncy
26977,2025-09-12,US_HY,10Y,323.711,44,CDXHY044 BEST Curncy
26976,2025-09-12,US_HY,7Y,324.686,44,CDXHY744 BEST Curncy
26975,2025-09-12,US_HY,5Y,309.5617,44,CDXHY544 BEST Curncy
26974,2025-09-12,US_HY,3Y,344.075,44,CDXHY344 BEST Curncy
26970,2025-09-12,US_IG,3Y,27.682,44,CDXIG344 Curncy
26972,2025-09-12,US_IG,7Y,68.29,44,CDXIG744 Curncy
26971,2025-09-12,US_IG,5Y,47.849,44,CDXIG544 Curncy
26973,2025-09-12,US_IG,10Y,88.456,44,CDXIG044 Curncy
26994,2025-09-15,US_HY,10Y,319.422,44,CDXHY044 BEST Curncy
26993,2025-09-15,US_HY,7Y,320.151,44,CDXHY744 BEST Curncy
26992,2025-09-15,US_HY,5Y,304.7187,44,CDXHY544 BEST Curncy
26991,2025-09-15,US_HY,3Y,343.594,44,CDXHY344 BEST Curncy
26989,2025-09-15,US_IG,7Y,67.43,44,CDXIG744 Curncy
26988,2025-09-15,US_IG,5Y,46.994,44,CDXIG544 Curncy
26987,2025-09-15,US_IG,3Y,26.84,44,CDXIG344 Curncy
26990,2025-09-15,US_IG,10Y,87.6,44,CDXIG044 Curncy
26999,2025-09-16,US_IG,3Y,27.385,44,CDXIG344 Curncy
27000,2025-09-16,US_IG,5Y,47.552,44,CDXIG544 Curncy
27001,2025-09-16,US_IG,7Y,67.962,44,CDXIG744 Curncy
27002,2025-09-16,US_IG,10Y,88.103,44,CDXIG044 Curncy
27019,2025-09-17,US_HY,10Y,321.71,44,CDXHY044 BEST Curncy
27018,2025-09-17,US_HY,7Y,322.538,44,CDXHY744 BEST Curncy
27017,2025-09-17,US_HY,5Y,308.7146,44,CDXHY544 BEST Curncy
27016,2025-09-17,US_HY,3Y,343.438,44,CDXHY344 BEST Curncy
27014,2025-09-17,US_IG,7Y,68.228,44,CDXIG744 Curncy
27013,2025-09-17,US_IG,5Y,47.76,44,CDXIG544 Curncy
27012,2025-09-17,US_IG,3Y,27.682,44,CDXIG344 Curncy
27015,2025-09-17,US_IG,10Y,88.326,44,CDXIG044 Curncy
27034,2025-09-18,US_HY,5Y,302.8218,44,CDXHY544 BEST Curncy
27036,2025-09-18,US_HY,10Y,316.743,44,CDXHY044 BEST Curncy
27035,2025-09-18,US_HY,7Y,317.151,44,CDXHY744 BEST Curncy
27033,2025-09-18,US_HY,3Y,343.233,44,CDXHY344 BEST Curncy
27029,2025-09-18,US_IG,3Y,26.807,44,CDXIG344 Curncy
27031,2025-09-18,US_IG,7Y,67.35,44,CDXIG744 Curncy
27030,2025-09-18,US_IG,5Y,46.95,44,CDXIG544 Curncy
27032,2025-09-18,US_IG,10Y,87.487,44,CDXIG044 Curncy
27053,2025-09-19,US_HY,10Y,317.765,44,CDXHY044 BEST Curncy
27051,2025-09-19,US_HY,5Y,304.0244,44,CDXHY544 BEST Curncy
27050,2025-09-19,US_HY,3Y,343.056,44,CDXHY344 BEST Curncy
27052,2025-09-19,US_HY,7Y,318.338,44,CDXHY744 BEST Curncy
27048,2025-09-19,US_IG,7Y,67.626,44,CDXIG744 Curncy
27047,2025-09-19,US_IG,5Y,47.262,44,CDXIG544 Curncy
27046,2025-09-19,US_IG,3Y,27.088,44,CDXIG344 Curncy
27049,2025-09-19,US_IG,10Y,87.517,44,CDXIG044 Curncy
27063,2025-09-22,US_IG,3Y,31.629,45,CDXIG345 Curncy
27064,2025-09-22,US_IG,5Y,51.661,45,CDXIG545 Curncy
27065,2025-09-22,US_IG,7Y,70.896,45,CDXIG745 Curncy
27066,2025-09-22,US_IG,10Y,90.808,45,CDXIG045 Curncy
27079,2025-09-23,US_IG,10Y,91.279,45,CDXIG045 Curncy
27076,2025-09-23,US_IG,3Y,31.485,45,CDXIG345 Curncy
27077,2025-09-23,US_IG,5Y,52.152,45,CDXIG545 Curncy
27078,2025-09-23,US_IG,7Y,72.012,45,CDXIG745 Curncy
27092,2025-09-24,US_IG,10Y,91.574,45,CDXIG045 Curncy
27091,2025-09-24,US_IG,7Y,72.606,45,CDXIG745 Curncy
27089,2025-09-24,US_IG,3Y,32.391,45,CDXIG345 Curncy
27090,2025-09-24,US_IG,5Y,52.631,45,CDXIG545 Curncy
27102,2025-09-25,US_IG,3Y,32.982,45,CDXIG345 Curncy
27103,2025-09-25,US_IG,5Y,53.495,45,CDXIG545 Curncy
27104,2025-09-25,US_IG,7Y,73.652,45,CDXIG745 Curncy
27105,2025-09-25,US_IG,10Y,92.416,45,CDXIG045 Curncy
27118,2025-09-26,US_IG,10Y,91.701,45,CDXIG045 Curncy
27115,2025-09-26,US_IG,3Y,32.451,45,CDXIG345 Curncy
27116,2025-09-26,US_IG,5Y,52.826,45,CDXIG545 Curncy
27117,2025-09-26,US_IG,7Y,72.487,45,CDXIG745 Curncy
27134,2025-09-29,US_HY,10Y,349.463,45,CDXHY045 BEST Curncy
27133,2025-09-29,US_HY,7Y,344.09,45,CDXHY745 BEST Curncy
27132,2025-09-29,US_HY,5Y,322.3893,45,CDXHY545 BEST Curncy
27129,2025-09-29,US_IG,5Y,52.215,45,CDXIG545 Curncy
27130,2025-09-29,US_IG,7Y,71.947,45,CDXIG745 Curncy
27128,2025-09-29,US_IG,3Y,30.0,45,CDXIG345 Curncy
27131,2025-09-29,US_IG,10Y,91.14,45,CDXIG045 Curncy
27140,2025-09-30,US_IG,7Y,72.06,45,CDXIG745 Curncy
27139,2025-09-30,US_IG,5Y,52.375,45,CDXIG545 Curncy
27141,2025-09-30,US_IG,10Y,91.332,45,CDXIG045 Curncy
27156,2025-10-01,US_HY,7Y,341.984,45,CDXHY745 BEST Curncy
27157,2025-10-01,US_HY,10Y,347.259,45,CDXHY045 BEST Curncy
27155,2025-10-01,US_HY,5Y,320.6716,45,CDXHY545 BEST Curncy
27151,2025-10-01,US_IG,3Y,31.638,45,CDXIG345 Curncy
27153,2025-10-01,US_IG,7Y,72.281,45,CDXIG745 Curncy
27152,2025-10-01,US_IG,5Y,52.098,45,CDXIG545 Curncy
27154,2025-10-01,US_IG,10Y,91.113,45,CDXIG045 Curncy
27172,2025-10-02,US_HY,7Y,341.897,45,CDXHY745 BEST Curncy
27171,2025-10-02,US_HY,5Y,319.7742,45,CDXHY545 BEST Curncy
27170,2025-10-02,US_IG,10Y,90.59,45,CDXIG045 Curncy
27173,2025-10-02,US_HY,10Y,346.654,45,CDXHY045 BEST Curncy
27168,2025-10-02,US_IG,5Y,51.646,45,CDXIG545 Curncy
27167,2025-10-02,US_IG,3Y,31.381,45,CDXIG345 Curncy
27169,2025-10-02,US_IG,7Y,71.786,45,CDXIG745 Curncy
27183,2025-10-03,US_IG,3Y,30.905,45,CDXIG345 Curncy
27184,2025-10-03,US_IG,5Y,51.489,45,CDXIG545 Curncy
27185,2025-10-03,US_IG,7Y,71.739,45,CDXIG745 Curncy
27186,2025-10-03,US_IG,10Y,90.535,45,CDXIG045 Curncy
27187,2025-10-03,US_HY,5Y,321.2315,45,CDXHY545 BEST Curncy
27188,2025-10-03,US_HY,7Y,340.51,45,CDXHY745 BEST Curncy
27189,2025-10-03,US_HY,10Y,345.337,45,CDXHY045 BEST Curncy
27205,2025-10-06,US_HY,10Y,343.069,45,CDXHY045 BEST Curncy
27204,2025-10-06,US_HY,7Y,337.992,45,CDXHY745 BEST Curncy
27203,2025-10-06,US_HY,5Y,317.5719,45,CDXHY545 BEST Curncy
27200,2025-10-06,US_IG,5Y,50.904,45,CDXIG545 Curncy
27201,2025-10-06,US_IG,7Y,70.652,45,CDXIG745 Curncy
27199,2025-10-06,US_IG,3Y,30.804,45,CDXIG345 Curncy
27202,2025-10-06,US_IG,10Y,89.982,45,CDXIG045 Curncy
27221,2025-10-07,US_HY,10Y,344.939,45,CDXHY045 BEST Curncy
27219,2025-10-07,US_HY,5Y,320.0164,45,CDXHY545 BEST Curncy
27218,2025-10-07,US_IG,10Y,90.5,45,CDXIG045 Curncy
27220,2025-10-07,US_HY,7Y,340.013,45,CDXHY745 BEST Curncy
27216,2025-10-07,US_IG,5Y,51.425,45,CDXIG545 Curncy
27215,2025-10-07,US_IG,3Y,31.033,45,CDXIG345 Curncy
27217,2025-10-07,US_IG,7Y,71.205,45,CDXIG745 Curncy
27229,2025-10-08,US_IG,5Y,51.366,45,CDXIG545 Curncy
27230,2025-10-08,US_IG,7Y,71.626,45,CDXIG745 Curncy
27231,2025-10-08,US_IG,10Y,90.46,45,CDXIG045 Curncy
27238,2025-10-09,US_IG,7Y,72.282,45,CDXIG745 Curncy
27236,2025-10-09,US_IG,3Y,32.152,45,CDXIG345 Curncy
27237,2025-10-09,US_IG,5Y,52.613,45,CDXIG545 Curncy
27239,2025-10-09,US_IG,10Y,91.512,45,CDXIG045 Curncy
